clip,participant,recording,start_frame,gaze_valid_frac,hand_valid_frac,mse_real,condition,rel_last,rel_full,mse,d_mse
0,P08,P08-20240613-122900,4578,1.0,1.0,0.5120537877082825,real,0.0,0.0,0.5120537877082825,0.0
0,P08,P08-20240613-122900,4578,1.0,1.0,0.5120537877082825,identity,0.0,0.0,0.5120537877082825,0.0
0,P08,P08-20240613-122900,4578,1.0,1.0,0.5120537877082825,gaze_swap,0.016647078096866608,0.02328599989414215,0.5101264119148254,-0.0019273757934570312
0,P08,P08-20240613-122900,4578,1.0,1.0,0.5120537877082825,gaze_mask,0.06736191362142563,0.03960743173956871,0.5197610259056091,0.00770723819732666
0,P08,P08-20240613-122900,4578,1.0,1.0,0.5120537877082825,gaze_zero,0.01624499075114727,0.01919057033956051,0.5134611129760742,0.001407325267791748
0,P08,P08-20240613-122900,4578,1.0,1.0,0.5120537877082825,gaze_shuffle_time,0.008500230498611927,0.0046889870427548885,0.5105193257331848,-0.0015344619750976562
0,P08,P08-20240613-122900,4578,1.0,1.0,0.5120537877082825,hand_swap,0.005478886421769857,0.009334317408502102,0.5123723745346069,0.0003185868263244629
0,P08,P08-20240613-122900,4578,1.0,1.0,0.5120537877082825,hand_mask,0.016494708135724068,0.017743658274412155,0.5115068554878235,-0.0005469322204589844
0,P08,P08-20240613-122900,4578,1.0,1.0,0.5120537877082825,hand_shuffle_time,0.0020859146025031805,0.005768061615526676,0.511859655380249,-0.00019413232803344727
0,P08,P08-20240613-122900,4578,1.0,1.0,0.5120537877082825,both_mask,0.03650412708520889,0.03019140101969242,0.5088112950325012,-0.00324249267578125
0,P08,P08-20240613-122900,4578,1.0,1.0,0.5120537877082825,gaze_yaw_1deg,0.0009415334789082408,0.0010658710962161422,0.5120198130607605,-3.3974647521972656e-05
0,P08,P08-20240613-122900,4578,1.0,1.0,0.5120537877082825,gaze_yaw_2deg,0.0019035215955227613,0.0021428773179650307,0.5119670033454895,-8.678436279296875e-05
0,P08,P08-20240613-122900,4578,1.0,1.0,0.5120537877082825,gaze_yaw_5deg,0.004887329880148172,0.005578117910772562,0.5117738842964172,-0.0002799034118652344
0,P08,P08-20240613-122900,4578,1.0,1.0,0.5120537877082825,gaze_yaw_10deg,0.009899009019136429,0.012402364052832127,0.5117461681365967,-0.000307619571685791
0,P08,P08-20240613-122900,4578,1.0,1.0,0.5120537877082825,gaze_yaw_20deg,0.023961713537573814,0.02905706875026226,0.5134620070457458,0.001408219337463379
0,P08,P08-20240613-122900,4578,1.0,1.0,0.5120537877082825,gaze_yaw_45deg,0.055037010461091995,0.05936620756983757,0.5126416683197021,0.0005878806114196777
1,P08,P08-20240613-122900,3557,1.0,1.0,0.5472404956817627,real,0.0,0.0,0.5472404956817627,0.0
1,P08,P08-20240613-122900,3557,1.0,1.0,0.5472404956817627,identity,0.0,0.0,0.5472404956817627,0.0
1,P08,P08-20240613-122900,3557,1.0,1.0,0.5472404956817627,gaze_swap,0.009056382812559605,0.02225285768508911,0.547495424747467,0.0002549290657043457
1,P08,P08-20240613-122900,3557,1.0,1.0,0.5472404956817627,gaze_mask,0.08984321355819702,0.05904676392674446,0.5625306367874146,0.015290141105651855
1,P08,P08-20240613-122900,3557,1.0,1.0,0.5472404956817627,gaze_zero,0.028462743386626244,0.02751918137073517,0.5506861209869385,0.0034456253051757812
1,P08,P08-20240613-122900,3557,1.0,1.0,0.5472404956817627,gaze_shuffle_time,0.01571914367377758,0.022478491067886353,0.5460168123245239,-0.0012236833572387695
1,P08,P08-20240613-122900,3557,1.0,1.0,0.5472404956817627,hand_swap,0.0046924022026360035,0.007955998182296753,0.5465178489685059,-0.0007226467132568359
1,P08,P08-20240613-122900,3557,1.0,1.0,0.5472404956817627,hand_mask,0.016627566888928413,0.014940744265913963,0.5463884472846985,-0.000852048397064209
1,P08,P08-20240613-122900,3557,1.0,1.0,0.5472404956817627,hand_shuffle_time,0.004941243678331375,0.006255145650357008,0.5468025207519531,-0.0004379749298095703
1,P08,P08-20240613-122900,3557,1.0,1.0,0.5472404956817627,both_mask,0.03445214033126831,0.03542829677462578,0.5471982359886169,-4.225969314575195e-05
1,P08,P08-20240613-122900,3557,1.0,1.0,0.5472404956817627,gaze_yaw_1deg,0.0017536176601424813,0.0019472092390060425,0.54706871509552,-0.00017178058624267578
1,P08,P08-20240613-122900,3557,1.0,1.0,0.5472404956817627,gaze_yaw_2deg,0.0035331330727785826,0.003937836736440659,0.5468942523002625,-0.00034624338150024414
1,P08,P08-20240613-122900,3557,1.0,1.0,0.5472404956817627,gaze_yaw_5deg,0.008019810542464256,0.008747351355850697,0.5465648174285889,-0.0006756782531738281
1,P08,P08-20240613-122900,3557,1.0,1.0,0.5472404956817627,gaze_yaw_10deg,0.011265487410128117,0.013940984383225441,0.5469380617141724,-0.00030243396759033203
1,P08,P08-20240613-122900,3557,1.0,1.0,0.5472404956817627,gaze_yaw_20deg,0.01691722683608532,0.021733012050390244,0.5476586818695068,0.0004181861877441406
1,P08,P08-20240613-122900,3557,1.0,1.0,0.5472404956817627,gaze_yaw_45deg,0.11487238854169846,0.0731138363480568,0.5724635124206543,0.0252230167388916
1,P08,P08-20240613-122900,3557,1.0,1.0,0.5472404956817627,video_swap,0.44951972365379333,0.5418010950088501,0.6431435942649841,0.09590309858322144
2,P08,P08-20240613-122900,2177,1.0,1.0,0.4910094738006592,real,0.0,0.0,0.4910094738006592,0.0
2,P08,P08-20240613-122900,2177,1.0,1.0,0.4910094738006592,identity,0.0,0.0,0.4910094738006592,0.0
2,P08,P08-20240613-122900,2177,1.0,1.0,0.4910094738006592,gaze_swap,0.010773910209536552,0.02466076798737049,0.49025624990463257,-0.0007532238960266113
2,P08,P08-20240613-122900,2177,1.0,1.0,0.4910094738006592,gaze_mask,0.04370209574699402,0.04499226063489914,0.4912843108177185,0.00027483701705932617
2,P08,P08-20240613-122900,2177,1.0,1.0,0.4910094738006592,gaze_zero,0.0355214923620224,0.01926073431968689,0.49013572931289673,-0.0008737444877624512
2,P08,P08-20240613-122900,2177,1.0,1.0,0.4910094738006592,gaze_shuffle_time,0.017208799719810486,0.012186315841972828,0.4905124306678772,-0.0004970431327819824
2,P08,P08-20240613-122900,2177,1.0,1.0,0.4910094738006592,hand_swap,0.00444397609680891,0.007894095964729786,0.49067872762680054,-0.0003307461738586426
2,P08,P08-20240613-122900,2177,1.0,1.0,0.4910094738006592,hand_mask,0.014905814081430435,0.01626873016357422,0.4907757341861725,-0.00023373961448669434
2,P08,P08-20240613-122900,2177,1.0,1.0,0.4910094738006592,hand_shuffle_time,0.009790323674678802,0.00869318749755621,0.4901820123195648,-0.0008274614810943604
2,P08,P08-20240613-122900,2177,1.0,1.0,0.4910094738006592,both_mask,0.029861442744731903,0.02666570618748665,0.4911377429962158,0.00012826919555664062
2,P08,P08-20240613-122900,2177,1.0,1.0,0.4910094738006592,gaze_yaw_1deg,0.0006981672486290336,0.0015609754482284188,0.4909897744655609,-1.96993350982666e-05
2,P08,P08-20240613-122900,2177,1.0,1.0,0.4910094738006592,gaze_yaw_2deg,0.0014178021810948849,0.003014529822394252,0.4909721314907074,-3.7342309951782227e-05
2,P08,P08-20240613-122900,2177,1.0,1.0,0.4910094738006592,gaze_yaw_5deg,0.0037723027635365725,0.006903972942382097,0.4909179210662842,-9.1552734375e-05
2,P08,P08-20240613-122900,2177,1.0,1.0,0.4910094738006592,gaze_yaw_10deg,0.0084459837526083,0.01459056418389082,0.4907582998275757,-0.0002511739730834961
2,P08,P08-20240613-122900,2177,1.0,1.0,0.4910094738006592,gaze_yaw_20deg,0.029069552198052406,0.030471164733171463,0.49049144983291626,-0.0005180239677429199
2,P08,P08-20240613-122900,2177,1.0,1.0,0.4910094738006592,gaze_yaw_45deg,0.04837078973650932,0.059708405286073685,0.4902724623680115,-0.0007370114326477051
2,P08,P08-20240613-122900,2177,1.0,1.0,0.4910094738006592,video_swap,0.4404698610305786,0.42346829175949097,0.6476067900657654,0.1565973162651062
3,P08,P08-20240613-122900,3492,1.0,1.0,0.48392853140830994,real,0.0,0.0,0.48392853140830994,0.0
3,P08,P08-20240613-122900,3492,1.0,1.0,0.48392853140830994,identity,0.0,0.0,0.48392853140830994,0.0
3,P08,P08-20240613-122900,3492,1.0,1.0,0.48392853140830994,gaze_swap,0.004559377674013376,0.01914239674806595,0.483990341424942,6.181001663208008e-05
3,P08,P08-20240613-122900,3492,1.0,1.0,0.48392853140830994,gaze_mask,0.03711993247270584,0.041542813181877136,0.4834097623825073,-0.0005187690258026123
3,P08,P08-20240613-122900,3492,1.0,1.0,0.48392853140830994,gaze_zero,0.03675428777933121,0.029957521706819534,0.4850243330001831,0.001095801591873169
3,P08,P08-20240613-122900,3492,1.0,1.0,0.48392853140830994,gaze_shuffle_time,0.008635319769382477,0.024561719968914986,0.48460644483566284,0.0006779134273529053
3,P08,P08-20240613-122900,3492,1.0,1.0,0.48392853140830994,hand_swap,0.0010956167243421078,0.0024715454783290625,0.48400959372520447,8.106231689453125e-05
3,P08,P08-20240613-122900,3492,1.0,1.0,0.48392853140830994,hand_mask,0.015175193548202515,0.017227334901690483,0.4850948750972748,0.0011663436889648438
3,P08,P08-20240613-122900,3492,1.0,1.0,0.48392853140830994,hand_shuffle_time,0.003665062366053462,0.007391477935016155,0.4842055141925812,0.00027698278427124023
3,P08,P08-20240613-122900,3492,1.0,1.0,0.48392853140830994,both_mask,0.02755947969853878,0.036210812628269196,0.48275142908096313,-0.0011771023273468018
3,P08,P08-20240613-122900,3492,1.0,1.0,0.48392853140830994,gaze_yaw_1deg,0.0012912696693092585,0.002297710394486785,0.4840019643306732,7.343292236328125e-05
3,P08,P08-20240613-122900,3492,1.0,1.0,0.48392853140830994,gaze_yaw_2deg,0.0025460582692176104,0.004361103754490614,0.48406872153282166,0.00014019012451171875
3,P08,P08-20240613-122900,3492,1.0,1.0,0.48392853140830994,gaze_yaw_5deg,0.005990118719637394,0.009362947195768356,0.48423561453819275,0.0003070831298828125
3,P08,P08-20240613-122900,3492,1.0,1.0,0.48392853140830994,gaze_yaw_10deg,0.010489323176443577,0.01520733442157507,0.4844367504119873,0.0005082190036773682
3,P08,P08-20240613-122900,3492,1.0,1.0,0.48392853140830994,gaze_yaw_20deg,0.021663036197423935,0.02535480447113514,0.4841451048851013,0.00021657347679138184
3,P08,P08-20240613-122900,3492,1.0,1.0,0.48392853140830994,gaze_yaw_45deg,0.03477165102958679,0.05517201870679855,0.48451516032218933,0.0005866289138793945
3,P08,P08-20240613-122900,3492,1.0,1.0,0.48392853140830994,video_swap,0.4463472366333008,0.4753381311893463,0.6036815047264099,0.11975297331809998
4,P08,P08-20240613-122900,3497,1.0,1.0,0.5543254017829895,real,0.0,0.0,0.5543254017829895,0.0
4,P08,P08-20240613-122900,3497,1.0,1.0,0.5543254017829895,identity,0.0,0.0,0.5543254017829895,0.0
4,P08,P08-20240613-122900,3497,1.0,1.0,0.5543254017829895,gaze_swap,0.01842116005718708,0.02845064550638199,0.5559705495834351,0.0016451478004455566
4,P08,P08-20240613-122900,3497,1.0,1.0,0.5543254017829895,gaze_mask,0.08202346414327621,0.051983542740345,0.5748006105422974,0.02047520875930786
4,P08,P08-20240613-122900,3497,1.0,1.0,0.5543254017829895,gaze_zero,0.021688640117645264,0.03234783932566643,0.5555503368377686,0.0012249350547790527
4,P08,P08-20240613-122900,3497,1.0,1.0,0.5543254017829895,gaze_shuffle_time,0.014738941565155983,0.021732110530138016,0.5514295697212219,-0.002895832061767578
4,P08,P08-20240613-122900,3497,1.0,1.0,0.5543254017829895,hand_swap,0.009139168076217175,0.010434694588184357,0.5561532974243164,0.0018278956413269043
4,P08,P08-20240613-122900,3497,1.0,1.0,0.5543254017829895,hand_mask,0.015862010419368744,0.017418093979358673,0.5568830370903015,0.0025576353073120117
4,P08,P08-20240613-122900,3497,1.0,1.0,0.5543254017829895,hand_shuffle_time,0.002821552800014615,0.007347845006734133,0.5543204545974731,-4.947185516357422e-06
4,P08,P08-20240613-122900,3497,1.0,1.0,0.5543254017829895,both_mask,0.03583914414048195,0.03797173872590065,0.5589896440505981,0.004664242267608643
4,P08,P08-20240613-122900,3497,1.0,1.0,0.5543254017829895,gaze_yaw_1deg,0.00110589899122715,0.0012670635478571057,0.5542898178100586,-3.55839729309082e-05
4,P08,P08-20240613-122900,3497,1.0,1.0,0.5543254017829895,gaze_yaw_2deg,0.002188300248235464,0.0024569842498749495,0.5542510151863098,-7.43865966796875e-05
4,P08,P08-20240613-122900,3497,1.0,1.0,0.5543254017829895,gaze_yaw_5deg,0.0052108257077634335,0.005718146450817585,0.5541666150093079,-0.00015878677368164062
4,P08,P08-20240613-122900,3497,1.0,1.0,0.5543254017829895,gaze_yaw_10deg,0.009405920282006264,0.011167342774569988,0.554303765296936,-2.1636486053466797e-05
4,P08,P08-20240613-122900,3497,1.0,1.0,0.5543254017829895,gaze_yaw_20deg,0.042831260710954666,0.027740132063627243,0.562107264995575,0.007781863212585449
4,P08,P08-20240613-122900,3497,1.0,1.0,0.5543254017829895,gaze_yaw_45deg,0.09489549696445465,0.06416229158639908,0.5795941352844238,0.025268733501434326
4,P08,P08-20240613-122900,3497,1.0,1.0,0.5543254017829895,video_swap,0.20809806883335114,0.22356732189655304,0.577873170375824,0.023547768592834473
5,P08,P08-20240613-122900,4094,1.0,1.0,0.5165320634841919,real,0.0,0.0,0.5165320634841919,0.0
5,P08,P08-20240613-122900,4094,1.0,1.0,0.5165320634841919,identity,0.0,0.0,0.5165320634841919,0.0
5,P08,P08-20240613-122900,4094,1.0,1.0,0.5165320634841919,gaze_swap,0.011432808823883533,0.017636386677622795,0.515078067779541,-0.001453995704650879
5,P08,P08-20240613-122900,4094,1.0,1.0,0.5165320634841919,gaze_mask,0.11134647578001022,0.05465352535247803,0.5398579835891724,0.02332592010498047
5,P08,P08-20240613-122900,4094,1.0,1.0,0.5165320634841919,gaze_zero,0.019284376874566078,0.02164963074028492,0.5180808305740356,0.00154876708984375
5,P08,P08-20240613-122900,4094,1.0,1.0,0.5165320634841919,gaze_shuffle_time,0.004999944008886814,0.00945207942277193,0.5158419609069824,-0.0006901025772094727
5,P08,P08-20240613-122900,4094,1.0,1.0,0.5165320634841919,hand_swap,0.015375948511064053,0.017680680379271507,0.5189275145530701,0.002395451068878174
5,P08,P08-20240613-122900,4094,1.0,1.0,0.5165320634841919,hand_mask,0.020021142438054085,0.02386949397623539,0.5158401131629944,-0.0006919503211975098
5,P08,P08-20240613-122900,4094,1.0,1.0,0.5165320634841919,hand_shuffle_time,0.017768466845154762,0.014360286295413971,0.5206490159034729,0.004116952419281006
5,P08,P08-20240613-122900,4094,1.0,1.0,0.5165320634841919,both_mask,0.03431018814444542,0.03263133391737938,0.515720546245575,-0.0008115172386169434
5,P08,P08-20240613-122900,4094,1.0,1.0,0.5165320634841919,gaze_yaw_1deg,0.0009745652787387371,0.0018165537621825933,0.516645073890686,0.00011301040649414062
5,P08,P08-20240613-122900,4094,1.0,1.0,0.5165320634841919,gaze_yaw_2deg,0.002008031355217099,0.003704223083332181,0.5167832374572754,0.0002511739730834961
5,P08,P08-20240613-122900,4094,1.0,1.0,0.5165320634841919,gaze_yaw_5deg,0.005641441326588392,0.009603002108633518,0.5174017548561096,0.0008696913719177246
5,P08,P08-20240613-122900,4094,1.0,1.0,0.5165320634841919,gaze_yaw_10deg,0.013588898815214634,0.019643180072307587,0.5190594792366028,0.0025274157524108887
5,P08,P08-20240613-122900,4094,1.0,1.0,0.5165320634841919,gaze_yaw_20deg,0.04946022853255272,0.042647093534469604,0.5251178741455078,0.008585810661315918
5,P08,P08-20240613-122900,4094,1.0,1.0,0.5165320634841919,gaze_yaw_45deg,0.09006301313638687,0.07004145532846451,0.5352538228034973,0.01872175931930542
5,P08,P08-20240613-122900,4094,1.0,1.0,0.5165320634841919,video_swap,0.5568152070045471,0.5455982089042664,0.7198602557182312,0.2033281922340393
6,P08,P08-20240613-122900,4478,1.0,1.0,0.48462149500846863,real,0.0,0.0,0.48462149500846863,0.0
6,P08,P08-20240613-122900,4478,1.0,1.0,0.48462149500846863,identity,0.0,0.0,0.48462149500846863,0.0
6,P08,P08-20240613-122900,4478,1.0,1.0,0.48462149500846863,gaze_swap,0.009689800441265106,0.013738561421632767,0.48552435636520386,0.0009028613567352295
6,P08,P08-20240613-122900,4478,1.0,1.0,0.48462149500846863,gaze_mask,0.18609823286533356,0.08167988806962967,0.4887757897377014,0.004154294729232788
6,P08,P08-20240613-122900,4478,1.0,1.0,0.48462149500846863,gaze_zero,0.016545498743653297,0.021800346672534943,0.48365750908851624,-0.0009639859199523926
6,P08,P08-20240613-122900,4478,1.0,1.0,0.48462149500846863,gaze_shuffle_time,0.009654102846980095,0.009081035852432251,0.4857713580131531,0.0011498630046844482
6,P08,P08-20240613-122900,4478,1.0,1.0,0.48462149500846863,hand_swap,0.006722655612975359,0.013917636126279831,0.48490703105926514,0.0002855360507965088
6,P08,P08-20240613-122900,4478,1.0,1.0,0.48462149500846863,hand_mask,0.017580760642886162,0.017860040068626404,0.4868982136249542,0.0022767186164855957
6,P08,P08-20240613-122900,4478,1.0,1.0,0.48462149500846863,hand_shuffle_time,0.006634481716901064,0.005086200311779976,0.48547500371932983,0.0008535087108612061
6,P08,P08-20240613-122900,4478,1.0,1.0,0.48462149500846863,both_mask,0.037023451179265976,0.03421289101243019,0.4866763949394226,0.0020548999309539795
6,P08,P08-20240613-122900,4478,1.0,1.0,0.48462149500846863,gaze_yaw_1deg,0.0010558192152529955,0.0015499533619731665,0.4845775365829468,-4.3958425521850586e-05
6,P08,P08-20240613-122900,4478,1.0,1.0,0.48462149500846863,gaze_yaw_2deg,0.0020283956546336412,0.0031016687862575054,0.48456940054893494,-5.2094459533691406e-05
6,P08,P08-20240613-122900,4478,1.0,1.0,0.48462149500846863,gaze_yaw_5deg,0.005153859965503216,0.007558286190032959,0.48456254601478577,-5.894899368286133e-05
6,P08,P08-20240613-122900,4478,1.0,1.0,0.48462149500846863,gaze_yaw_10deg,0.012717340141534805,0.013510010205209255,0.4854087829589844,0.0007872879505157471
6,P08,P08-20240613-122900,4478,1.0,1.0,0.48462149500846863,gaze_yaw_20deg,0.03734826296567917,0.026084618642926216,0.4889678955078125,0.004346400499343872
6,P08,P08-20240613-122900,4478,1.0,1.0,0.48462149500846863,gaze_yaw_45deg,0.11446993052959442,0.06722158193588257,0.48308563232421875,-0.001535862684249878
6,P08,P08-20240613-122900,4478,1.0,1.0,0.48462149500846863,video_swap,0.5336831212043762,0.5373062491416931,0.7348529100418091,0.25023141503334045
7,P08,P08-20240613-122900,3429,1.0,1.0,0.33749887347221375,real,0.0,0.0,0.33749887347221375,0.0
7,P08,P08-20240613-122900,3429,1.0,1.0,0.33749887347221375,identity,0.0,0.0,0.33749887347221375,0.0
7,P08,P08-20240613-122900,3429,1.0,1.0,0.33749887347221375,gaze_swap,0.020649783313274384,0.0225811917334795,0.3343140184879303,-0.0031848549842834473
7,P08,P08-20240613-122900,3429,1.0,1.0,0.33749887347221375,gaze_mask,0.1098390594124794,0.07733234018087387,0.3247245252132416,-0.012774348258972168
7,P08,P08-20240613-122900,3429,1.0,1.0,0.33749887347221375,gaze_zero,0.027125496417284012,0.02693847008049488,0.3331212103366852,-0.0043776631355285645
7,P08,P08-20240613-122900,3429,1.0,1.0,0.33749887347221375,gaze_shuffle_time,0.010999448597431183,0.019110005348920822,0.33861395716667175,0.0011150836944580078
7,P08,P08-20240613-122900,3429,1.0,1.0,0.33749887347221375,hand_swap,0.00990668497979641,0.010160807520151138,0.3393477499485016,0.0018488764762878418
7,P08,P08-20240613-122900,3429,1.0,1.0,0.33749887347221375,hand_mask,0.02123063988983631,0.0224118921905756,0.3412255644798279,0.0037266910076141357
7,P08,P08-20240613-122900,3429,1.0,1.0,0.33749887347221375,hand_shuffle_time,0.007377706002444029,0.009067755192518234,0.3372148871421814,-0.00028398633003234863
7,P08,P08-20240613-122900,3429,1.0,1.0,0.33749887347221375,both_mask,0.036081038415431976,0.030286086723208427,0.3379250168800354,0.0004261434078216553
7,P08,P08-20240613-122900,3429,1.0,1.0,0.33749887347221375,gaze_yaw_1deg,0.0007875939481891692,0.001203200314193964,0.3375786542892456,7.978081703186035e-05
7,P08,P08-20240613-122900,3429,1.0,1.0,0.33749887347221375,gaze_yaw_2deg,0.0015750288730487227,0.0025880723260343075,0.3376500606536865,0.00015118718147277832
7,P08,P08-20240613-122900,3429,1.0,1.0,0.33749887347221375,gaze_yaw_5deg,0.004185887984931469,0.008184562437236309,0.3378564715385437,0.00035759806632995605
7,P08,P08-20240613-122900,3429,1.0,1.0,0.33749887347221375,gaze_yaw_10deg,0.011042882688343525,0.024399233981966972,0.3380468487739563,0.0005479753017425537
7,P08,P08-20240613-122900,3429,1.0,1.0,0.33749887347221375,gaze_yaw_20deg,0.02585550770163536,0.04163588210940361,0.3419291079044342,0.004430234432220459
7,P08,P08-20240613-122900,3429,1.0,1.0,0.33749887347221375,gaze_yaw_45deg,0.0745166689157486,0.06302405148744583,0.33567342162132263,-0.0018254518508911133
7,P08,P08-20240613-122900,3429,1.0,1.0,0.33749887347221375,video_swap,0.5940235257148743,0.4903295636177063,0.7000141143798828,0.36251524090766907
8,P08,P08-20240613-122900,546,1.0,1.0,0.3137316405773163,real,0.0,0.0,0.3137316405773163,0.0
8,P08,P08-20240613-122900,546,1.0,1.0,0.3137316405773163,identity,0.0,0.0,0.3137316405773163,0.0
8,P08,P08-20240613-122900,546,1.0,1.0,0.3137316405773163,gaze_swap,0.03654266521334648,0.03493303433060646,0.3213604986667633,0.0076288580894470215
8,P08,P08-20240613-122900,546,1.0,1.0,0.3137316405773163,gaze_mask,0.07584691047668457,0.04565246030688286,0.30850017070770264,-0.0052314698696136475
8,P08,P08-20240613-122900,546,1.0,1.0,0.3137316405773163,gaze_zero,0.024708859622478485,0.025508390739560127,0.31717488169670105,0.0034432411193847656
8,P08,P08-20240613-122900,546,1.0,1.0,0.3137316405773163,gaze_shuffle_time,0.003830531844869256,0.00281301187351346,0.31308513879776,-0.0006465017795562744
8,P08,P08-20240613-122900,546,1.0,1.0,0.3137316405773163,hand_swap,0.008643681183457375,0.018327796831727028,0.3138490617275238,0.00011742115020751953
8,P08,P08-20240613-122900,546,1.0,1.0,0.3137316405773163,hand_mask,0.015767643228173256,0.016283970326185226,0.3145928978919983,0.0008612573146820068
8,P08,P08-20240613-122900,546,1.0,1.0,0.3137316405773163,hand_shuffle_time,0.00038479475188069046,0.0009885438485071063,0.3136892318725586,-4.240870475769043e-05
8,P08,P08-20240613-122900,546,1.0,1.0,0.3137316405773163,both_mask,0.037466417998075485,0.03235115483403206,0.31790128350257874,0.004169642925262451
8,P08,P08-20240613-122900,546,1.0,1.0,0.3137316405773163,gaze_yaw_1deg,0.0009116813889704645,0.0010880056070163846,0.3138159215450287,8.428096771240234e-05
8,P08,P08-20240613-122900,546,1.0,1.0,0.3137316405773163,gaze_yaw_2deg,0.001819250057451427,0.0022347006015479565,0.3138781487941742,0.00014650821685791016
8,P08,P08-20240613-122900,546,1.0,1.0,0.3137316405773163,gaze_yaw_5deg,0.00478668138384819,0.0061043850146234035,0.31392180919647217,0.0001901686191558838
8,P08,P08-20240613-122900,546,1.0,1.0,0.3137316405773163,gaze_yaw_10deg,0.012662839144468307,0.013725213706493378,0.3134754002094269,-0.0002562403678894043
8,P08,P08-20240613-122900,546,1.0,1.0,0.3137316405773163,gaze_yaw_20deg,0.05387836694717407,0.03612588346004486,0.30987748503685,-0.0038541555404663086
8,P08,P08-20240613-122900,546,1.0,1.0,0.3137316405773163,gaze_yaw_45deg,0.0706365630030632,0.06137223169207573,0.31080108880996704,-0.002930551767349243
8,P08,P08-20240613-122900,546,1.0,1.0,0.3137316405773163,video_swap,0.629001796245575,0.6034685969352722,0.7086696624755859,0.39493802189826965
9,P08,P08-20240613-122900,3190,1.0,0.75,0.5710647106170654,real,0.0,0.0,0.5710647106170654,0.0
9,P08,P08-20240613-122900,3190,1.0,0.75,0.5710647106170654,identity,0.0,0.0,0.5710647106170654,0.0
9,P08,P08-20240613-122900,3190,1.0,0.75,0.5710647106170654,gaze_swap,0.017541607841849327,0.020534662529826164,0.5736606121063232,0.0025959014892578125
9,P08,P08-20240613-122900,3190,1.0,0.75,0.5710647106170654,gaze_mask,0.16324886679649353,0.06834736466407776,0.6082223057746887,0.03715759515762329
9,P08,P08-20240613-122900,3190,1.0,0.75,0.5710647106170654,gaze_zero,0.022870738059282303,0.025534827262163162,0.5736459493637085,0.0025812387466430664
9,P08,P08-20240613-122900,3190,1.0,0.75,0.5710647106170654,gaze_shuffle_time,0.012771965935826302,0.016499854624271393,0.572841465473175,0.0017767548561096191
9,P08,P08-20240613-122900,3190,1.0,0.75,0.5710647106170654,hand_swap,0.0073201642371714115,0.017399348318576813,0.5713147521018982,0.00025004148483276367
9,P08,P08-20240613-122900,3190,1.0,0.75,0.5710647106170654,hand_mask,0.020711800083518028,0.02013208530843258,0.5688384771347046,-0.00222623348236084
9,P08,P08-20240613-122900,3190,1.0,0.75,0.5710647106170654,hand_shuffle_time,0.023421240970492363,0.021559661254286766,0.5688939690589905,-0.002170741558074951
9,P08,P08-20240613-122900,3190,1.0,0.75,0.5710647106170654,both_mask,0.03281717374920845,0.031708892434835434,0.573987603187561,0.0029228925704956055
9,P08,P08-20240613-122900,3190,1.0,0.75,0.5710647106170654,gaze_yaw_1deg,0.0011550579220056534,0.0017704773927107453,0.5709050893783569,-0.0001596212387084961
9,P08,P08-20240613-122900,3190,1.0,0.75,0.5710647106170654,gaze_yaw_2deg,0.0023125670850276947,0.003473141696304083,0.5707505345344543,-0.000314176082611084
9,P08,P08-20240613-122900,3190,1.0,0.75,0.5710647106170654,gaze_yaw_5deg,0.006089436821639538,0.008190939202904701,0.5702803730964661,-0.0007843375205993652
9,P08,P08-20240613-122900,3190,1.0,0.75,0.5710647106170654,gaze_yaw_10deg,0.016431987285614014,0.017401617020368576,0.5689963102340698,-0.0020684003829956055
9,P08,P08-20240613-122900,3190,1.0,0.75,0.5710647106170654,gaze_yaw_20deg,0.031203828752040863,0.03341057151556015,0.5668365359306335,-0.004228174686431885
9,P08,P08-20240613-122900,3190,1.0,0.75,0.5710647106170654,gaze_yaw_45deg,0.04374763369560242,0.038772210478782654,0.5667191743850708,-0.004345536231994629
9,P08,P08-20240613-122900,3190,1.0,0.75,0.5710647106170654,video_swap,0.617146909236908,0.6452592015266418,0.8005626201629639,0.22949790954589844
10,P08,P08-20240613-122900,3441,1.0,1.0,0.42947596311569214,real,0.0,0.0,0.42947596311569214,0.0
10,P08,P08-20240613-122900,3441,1.0,1.0,0.42947596311569214,identity,0.0,0.0,0.42947596311569214,0.0
10,P08,P08-20240613-122900,3441,1.0,1.0,0.42947596311569214,gaze_swap,0.012606902979314327,0.02763816900551319,0.42876067757606506,-0.0007152855396270752
10,P08,P08-20240613-122900,3441,1.0,1.0,0.42947596311569214,gaze_mask,0.24859510362148285,0.12158865481615067,0.4860820472240448,0.05660608410835266
10,P08,P08-20240613-122900,3441,1.0,1.0,0.42947596311569214,gaze_zero,0.018429234623908997,0.021179210394620895,0.43008172512054443,0.0006057620048522949
10,P08,P08-20240613-122900,3441,1.0,1.0,0.42947596311569214,gaze_shuffle_time,0.01017627865076065,0.009522845968604088,0.4289819598197937,-0.0004940032958984375
10,P08,P08-20240613-122900,3441,1.0,1.0,0.42947596311569214,hand_swap,0.00903329998254776,0.015566281042993069,0.42892175912857056,-0.000554203987121582
10,P08,P08-20240613-122900,3441,1.0,1.0,0.42947596311569214,hand_mask,0.018970010802149773,0.02007199451327324,0.4292266368865967,-0.000249326229095459
10,P08,P08-20240613-122900,3441,1.0,1.0,0.42947596311569214,hand_shuffle_time,0.0039120386354625225,0.006477960851043463,0.4290165603160858,-0.00045940279960632324
10,P08,P08-20240613-122900,3441,1.0,1.0,0.42947596311569214,both_mask,0.039873894304037094,0.0308381337672472,0.4314068555831909,0.0019308924674987793
10,P08,P08-20240613-122900,3441,1.0,1.0,0.42947596311569214,gaze_yaw_1deg,0.001087088487111032,0.0019885136280208826,0.42949479818344116,1.8835067749023438e-05
10,P08,P08-20240613-122900,3441,1.0,1.0,0.42947596311569214,gaze_yaw_2deg,0.002228993223980069,0.004004125948995352,0.4295010268688202,2.5063753128051758e-05
10,P08,P08-20240613-122900,3441,1.0,1.0,0.42947596311569214,gaze_yaw_5deg,0.0058407229371368885,0.010139155201613903,0.4293907582759857,-8.52048397064209e-05
10,P08,P08-20240613-122900,3441,1.0,1.0,0.42947596311569214,gaze_yaw_10deg,0.013231348246335983,0.020237917080521584,0.42877572774887085,-0.0007002353668212891
10,P08,P08-20240613-122900,3441,1.0,1.0,0.42947596311569214,gaze_yaw_20deg,0.10502972453832626,0.05240118131041527,0.43901297450065613,0.00953701138496399
10,P08,P08-20240613-122900,3441,1.0,1.0,0.42947596311569214,gaze_yaw_45deg,0.2132299691438675,0.10123669356107712,0.4739673137664795,0.044491350650787354
10,P08,P08-20240613-122900,3441,1.0,1.0,0.42947596311569214,video_swap,0.5470458269119263,0.566200852394104,0.6205087304115295,0.1910327672958374
11,P08,P08-20240613-122900,3163,1.0,0.75,0.6181209087371826,real,0.0,0.0,0.6181209087371826,0.0
11,P08,P08-20240613-122900,3163,1.0,0.75,0.6181209087371826,identity,0.0,0.0,0.6181209087371826,0.0
11,P08,P08-20240613-122900,3163,1.0,0.75,0.6181209087371826,gaze_swap,0.009862523525953293,0.013795407488942146,0.6185998320579529,0.00047892332077026367
11,P08,P08-20240613-122900,3163,1.0,0.75,0.6181209087371826,gaze_mask,0.04599698632955551,0.03004605881869793,0.624578595161438,0.006457686424255371
11,P08,P08-20240613-122900,3163,1.0,0.75,0.6181209087371826,gaze_zero,0.020687447860836983,0.019368818029761314,0.6213638186454773,0.0032429099082946777
11,P08,P08-20240613-122900,3163,1.0,0.75,0.6181209087371826,gaze_shuffle_time,0.011855104938149452,0.012819942086935043,0.6166251301765442,-0.0014957785606384277
11,P08,P08-20240613-122900,3163,1.0,0.75,0.6181209087371826,hand_swap,0.008628679439425468,0.01317282672971487,0.6174322366714478,-0.0006886720657348633
11,P08,P08-20240613-122900,3163,1.0,0.75,0.6181209087371826,hand_mask,0.013892117887735367,0.012703981250524521,0.6160643696784973,-0.0020565390586853027
11,P08,P08-20240613-122900,3163,1.0,0.75,0.6181209087371826,hand_shuffle_time,0.009305695071816444,0.012687155045568943,0.6168290972709656,-0.001291811466217041
11,P08,P08-20240613-122900,3163,1.0,0.75,0.6181209087371826,both_mask,0.042503055185079575,0.02743859402835369,0.6159939765930176,-0.002126932144165039
11,P08,P08-20240613-122900,3163,1.0,0.75,0.6181209087371826,gaze_yaw_1deg,0.001085310010239482,0.0015809264732524753,0.6180545687675476,-6.633996963500977e-05
11,P08,P08-20240613-122900,3163,1.0,0.75,0.6181209087371826,gaze_yaw_2deg,0.0022771682124584913,0.0031566391699016094,0.6179655194282532,-0.00015538930892944336
11,P08,P08-20240613-122900,3163,1.0,0.75,0.6181209087371826,gaze_yaw_5deg,0.0063752681016922,0.007682234514504671,0.6176052689552307,-0.0005156397819519043
11,P08,P08-20240613-122900,3163,1.0,0.75,0.6181209087371826,gaze_yaw_10deg,0.01413757260888815,0.014165496453642845,0.6168655157089233,-0.0012553930282592773
11,P08,P08-20240613-122900,3163,1.0,0.75,0.6181209087371826,gaze_yaw_20deg,0.03175261616706848,0.03212910145521164,0.6151309013366699,-0.0029900074005126953
11,P08,P08-20240613-122900,3163,1.0,0.75,0.6181209087371826,gaze_yaw_45deg,0.04100056737661362,0.039175890386104584,0.616082489490509,-0.002038419246673584
11,P08,P08-20240613-122900,3163,1.0,0.75,0.6181209087371826,video_swap,0.6797945499420166,0.5811067819595337,0.8696420192718506,0.25152111053466797
12,P08,P08-20240613-122900,5494,1.0,1.0,0.5171540379524231,real,0.0,0.0,0.5171540379524231,0.0
12,P08,P08-20240613-122900,5494,1.0,1.0,0.5171540379524231,identity,0.0,0.0,0.5171540379524231,0.0
12,P08,P08-20240613-122900,5494,1.0,1.0,0.5171540379524231,gaze_swap,0.006921231281012297,0.011903625912964344,0.5172243118286133,7.027387619018555e-05
12,P08,P08-20240613-122900,5494,1.0,1.0,0.5171540379524231,gaze_mask,0.0378946028649807,0.03215373307466507,0.5164178013801575,-0.000736236572265625
12,P08,P08-20240613-122900,5494,1.0,1.0,0.5171540379524231,gaze_zero,0.015495053492486477,0.016623686999082565,0.5166430473327637,-0.0005109906196594238
12,P08,P08-20240613-122900,5494,1.0,1.0,0.5171540379524231,gaze_shuffle_time,0.005160423461347818,0.0036728980485349894,0.5168251395225525,-0.00032889842987060547
12,P08,P08-20240613-122900,5494,1.0,1.0,0.5171540379524231,hand_swap,0.00757025508210063,0.013084203004837036,0.5173472762107849,0.0001932382583618164
12,P08,P08-20240613-122900,5494,1.0,1.0,0.5171540379524231,hand_mask,0.013380352407693863,0.02253756858408451,0.5181644558906555,0.0010104179382324219
12,P08,P08-20240613-122900,5494,1.0,1.0,0.5171540379524231,hand_shuffle_time,0.00785165373235941,0.0037603555247187614,0.5181168913841248,0.0009628534317016602
12,P08,P08-20240613-122900,5494,1.0,1.0,0.5171540379524231,both_mask,0.0436394065618515,0.03033987060189247,0.5208405256271362,0.0036864876747131348
12,P08,P08-20240613-122900,5494,1.0,1.0,0.5171540379524231,gaze_yaw_1deg,0.0008939275867305696,0.0015541858738288283,0.5171318054199219,-2.2232532501220703e-05
12,P08,P08-20240613-122900,5494,1.0,1.0,0.5171540379524231,gaze_yaw_2deg,0.001829129527322948,0.0031477317679673433,0.5171030163764954,-5.1021575927734375e-05
12,P08,P08-20240613-122900,5494,1.0,1.0,0.5171540379524231,gaze_yaw_5deg,0.005020285025238991,0.007963554933667183,0.517001748085022,-0.00015228986740112305
12,P08,P08-20240613-122900,5494,1.0,1.0,0.5171540379524231,gaze_yaw_10deg,0.014370325021445751,0.015554700046777725,0.5173956155776978,0.0002415776252746582
12,P08,P08-20240613-122900,5494,1.0,1.0,0.5171540379524231,gaze_yaw_20deg,0.08118286728858948,0.04288547858595848,0.5150876045227051,-0.0020664334297180176
12,P08,P08-20240613-122900,5494,1.0,1.0,0.5171540379524231,gaze_yaw_45deg,0.08465725183486938,0.05572115629911423,0.514887809753418,-0.002266228199005127
12,P08,P08-20240613-122900,5494,1.0,1.0,0.5171540379524231,video_swap,0.4172421395778656,0.4973614513874054,0.6566153168678284,0.13946127891540527
13,P08,P08-20240613-122900,882,1.0,1.0,0.32410597801208496,real,0.0,0.0,0.32410597801208496,0.0
13,P08,P08-20240613-122900,882,1.0,1.0,0.32410597801208496,identity,0.0,0.0,0.32410597801208496,0.0
13,P08,P08-20240613-122900,882,1.0,1.0,0.32410597801208496,gaze_swap,0.03792806714773178,0.051205944269895554,0.3313261568546295,0.007220178842544556
13,P08,P08-20240613-122900,882,1.0,1.0,0.32410597801208496,gaze_mask,0.0679711401462555,0.044288381934165955,0.3166983425617218,-0.007407635450363159
13,P08,P08-20240613-122900,882,1.0,1.0,0.32410597801208496,gaze_zero,0.02732721157371998,0.03053576871752739,0.3278648853302002,0.0037589073181152344
13,P08,P08-20240613-122900,882,1.0,1.0,0.32410597801208496,gaze_shuffle_time,0.0009038282441906631,0.00253396388143301,0.3240945339202881,-1.1444091796875e-05
13,P08,P08-20240613-122900,882,1.0,1.0,0.32410597801208496,hand_swap,0.008537497371435165,0.010962508618831635,0.3246803283691406,0.0005743503570556641
13,P08,P08-20240613-122900,882,1.0,1.0,0.32410597801208496,hand_mask,0.015744861215353012,0.017446080222725868,0.32312363386154175,-0.0009823441505432129
13,P08,P08-20240613-122900,882,1.0,1.0,0.32410597801208496,hand_shuffle_time,0.00047022561193443835,0.001223771832883358,0.324080228805542,-2.574920654296875e-05
13,P08,P08-20240613-122900,882,1.0,1.0,0.32410597801208496,both_mask,0.03366322070360184,0.031489912420511246,0.32148879766464233,-0.002617180347442627
13,P08,P08-20240613-122900,882,1.0,1.0,0.32410597801208496,gaze_yaw_1deg,0.0008084481814876199,0.0009123869240283966,0.32411623001098633,1.0251998901367188e-05
13,P08,P08-20240613-122900,882,1.0,1.0,0.32410597801208496,gaze_yaw_2deg,0.0016498994082212448,0.0018251694273203611,0.3241048753261566,-1.1026859283447266e-06
13,P08,P08-20240613-122900,882,1.0,1.0,0.32410597801208496,gaze_yaw_5deg,0.004601988010108471,0.004670231603085995,0.32390129566192627,-0.0002046823501586914
13,P08,P08-20240613-122900,882,1.0,1.0,0.32410597801208496,gaze_yaw_10deg,0.012941810302436352,0.010609807446599007,0.3227875828742981,-0.0013183951377868652
13,P08,P08-20240613-122900,882,1.0,1.0,0.32410597801208496,gaze_yaw_20deg,0.05754925310611725,0.03351850435137749,0.3169458508491516,-0.00716012716293335
13,P08,P08-20240613-122900,882,1.0,1.0,0.32410597801208496,gaze_yaw_45deg,0.06750813126564026,0.0614241324365139,0.31721848249435425,-0.006887495517730713
13,P08,P08-20240613-122900,882,1.0,1.0,0.32410597801208496,video_swap,0.6524184346199036,0.6793787479400635,0.7480529546737671,0.42394697666168213
14,P08,P08-20240613-122900,4809,1.0,1.0,0.42778873443603516,real,0.0,0.0,0.42778873443603516,0.0
14,P08,P08-20240613-122900,4809,1.0,1.0,0.42778873443603516,identity,0.0,0.0,0.42778873443603516,0.0
14,P08,P08-20240613-122900,4809,1.0,1.0,0.42778873443603516,gaze_swap,0.041815709322690964,0.04003388434648514,0.4212031066417694,-0.006585627794265747
14,P08,P08-20240613-122900,4809,1.0,1.0,0.42778873443603516,gaze_mask,0.13242650032043457,0.07775543630123138,0.41704872250556946,-0.010740011930465698
14,P08,P08-20240613-122900,4809,1.0,1.0,0.42778873443603516,gaze_zero,0.04465917497873306,0.04181579500436783,0.42006155848503113,-0.007727175951004028
14,P08,P08-20240613-122900,4809,1.0,1.0,0.42778873443603516,gaze_shuffle_time,0.02414744161069393,0.02633454091846943,0.43233776092529297,0.0045490264892578125
14,P08,P08-20240613-122900,4809,1.0,1.0,0.42778873443603516,hand_swap,0.010463258251547813,0.011568346060812473,0.4276004433631897,-0.00018829107284545898
14,P08,P08-20240613-122900,4809,1.0,1.0,0.42778873443603516,hand_mask,0.016616376116871834,0.01640620268881321,0.42991912364959717,0.0021303892135620117
14,P08,P08-20240613-122900,4809,1.0,1.0,0.42778873443603516,hand_shuffle_time,0.018129104748368263,0.013487156480550766,0.42616620659828186,-0.001622527837753296
14,P08,P08-20240613-122900,4809,1.0,1.0,0.42778873443603516,both_mask,0.06395509093999863,0.04216594994068146,0.42208290100097656,-0.005705833435058594
14,P08,P08-20240613-122900,4809,1.0,1.0,0.42778873443603516,gaze_yaw_1deg,0.0023932158946990967,0.003355450229719281,0.4274459779262543,-0.0003427565097808838
14,P08,P08-20240613-122900,4809,1.0,1.0,0.42778873443603516,gaze_yaw_2deg,0.0052225287072360516,0.007643252145498991,0.4270012676715851,-0.0007874667644500732
14,P08,P08-20240613-122900,4809,1.0,1.0,0.42778873443603516,gaze_yaw_5deg,0.014100804924964905,0.020462265238165855,0.4257510006427765,-0.002037733793258667
14,P08,P08-20240613-122900,4809,1.0,1.0,0.42778873443603516,gaze_yaw_10deg,0.018639056012034416,0.03492899611592293,0.4257756173610687,-0.0020131170749664307
14,P08,P08-20240613-122900,4809,1.0,1.0,0.42778873443603516,gaze_yaw_20deg,0.016975630074739456,0.041557591408491135,0.42736032605171204,-0.0004284083843231201
14,P08,P08-20240613-122900,4809,1.0,1.0,0.42778873443603516,gaze_yaw_45deg,0.11527307331562042,0.0630873441696167,0.4222775995731354,-0.00551113486289978
14,P08,P08-20240613-122900,4809,1.0,1.0,0.42778873443603516,video_swap,0.6105902194976807,0.5710126757621765,0.7787124514579773,0.35092371702194214
15,P08,P08-20240613-122900,4363,1.0,1.0,0.5079569220542908,real,0.0,0.0,0.5079569220542908,0.0
15,P08,P08-20240613-122900,4363,1.0,1.0,0.5079569220542908,identity,0.0,0.0,0.5079569220542908,0.0
15,P08,P08-20240613-122900,4363,1.0,1.0,0.5079569220542908,gaze_swap,0.0072907195426523685,0.006941936910152435,0.5083721280097961,0.0004152059555053711
15,P08,P08-20240613-122900,4363,1.0,1.0,0.5079569220542908,gaze_mask,0.054581668227910995,0.0450456365942955,0.5134586095809937,0.005501687526702881
15,P08,P08-20240613-122900,4363,1.0,1.0,0.5079569220542908,gaze_zero,0.022157631814479828,0.021431589499115944,0.5090359449386597,0.0010790228843688965
15,P08,P08-20240613-122900,4363,1.0,1.0,0.5079569220542908,gaze_shuffle_time,0.0014789147535338998,0.003032150911167264,0.508068859577179,0.0001119375228881836
15,P08,P08-20240613-122900,4363,1.0,1.0,0.5079569220542908,hand_swap,0.009350024163722992,0.009466036222875118,0.5078660249710083,-9.08970832824707e-05
15,P08,P08-20240613-122900,4363,1.0,1.0,0.5079569220542908,hand_mask,0.01934771053493023,0.02014056220650673,0.5082337856292725,0.00027686357498168945
15,P08,P08-20240613-122900,4363,1.0,1.0,0.5079569220542908,hand_shuffle_time,0.0004645266744773835,0.0014653167454525828,0.5079792141914368,2.2292137145996094e-05
15,P08,P08-20240613-122900,4363,1.0,1.0,0.5079569220542908,both_mask,0.03501972556114197,0.030379444360733032,0.5054888725280762,-0.0024680495262145996
15,P08,P08-20240613-122900,4363,1.0,1.0,0.5079569220542908,gaze_yaw_1deg,0.0009219956118613482,0.001010785810649395,0.5079376697540283,-1.9252300262451172e-05
15,P08,P08-20240613-122900,4363,1.0,1.0,0.5079569220542908,gaze_yaw_2deg,0.0018437679391354322,0.0020365514792501926,0.5079187750816345,-3.814697265625e-05
15,P08,P08-20240613-122900,4363,1.0,1.0,0.5079569220542908,gaze_yaw_5deg,0.004639043938368559,0.005284731741994619,0.5078795552253723,-7.736682891845703e-05
15,P08,P08-20240613-122900,4363,1.0,1.0,0.5079569220542908,gaze_yaw_10deg,0.009779500775039196,0.011813073419034481,0.5078995823860168,-5.733966827392578e-05
15,P08,P08-20240613-122900,4363,1.0,1.0,0.5079569220542908,gaze_yaw_20deg,0.03128493204712868,0.02884748950600624,0.5088014602661133,0.0008445382118225098
15,P08,P08-20240613-122900,4363,1.0,1.0,0.5079569220542908,gaze_yaw_45deg,0.0574541874229908,0.061608150601387024,0.5058088302612305,-0.0021480917930603027
15,P08,P08-20240613-122900,4363,1.0,1.0,0.5079569220542908,video_swap,0.47531917691230774,0.5036938190460205,0.5753059387207031,0.06734901666641235
16,P08,P08-20240613-122900,1674,1.0,1.0,0.30280444025993347,real,0.0,0.0,0.30280444025993347,0.0
16,P08,P08-20240613-122900,1674,1.0,1.0,0.30280444025993347,identity,0.0,0.0,0.30280444025993347,0.0
16,P08,P08-20240613-122900,1674,1.0,1.0,0.30280444025993347,gaze_swap,0.011873818002641201,0.016207916662096977,0.304171621799469,0.0013671815395355225
16,P08,P08-20240613-122900,1674,1.0,1.0,0.30280444025993347,gaze_mask,0.04852443188428879,0.04680721461772919,0.30073344707489014,-0.002070993185043335
16,P08,P08-20240613-122900,1674,1.0,1.0,0.30280444025993347,gaze_zero,0.02177036739885807,0.022100571542978287,0.3047599494457245,0.0019555091857910156
16,P08,P08-20240613-122900,1674,1.0,1.0,0.30280444025993347,gaze_shuffle_time,0.000906582863535732,0.0017229547956958413,0.3028079569339752,3.516674041748047e-06
16,P08,P08-20240613-122900,1674,1.0,1.0,0.30280444025993347,hand_swap,0.005201878026127815,0.006868189200758934,0.3029978573322296,0.00019341707229614258
16,P08,P08-20240613-122900,1674,1.0,1.0,0.30280444025993347,hand_mask,0.015512801706790924,0.01773591712117195,0.3024321496486664,-0.00037229061126708984
16,P08,P08-20240613-122900,1674,1.0,1.0,0.30280444025993347,hand_shuffle_time,0.0006870966753922403,0.0008730582776479423,0.3028669059276581,6.246566772460938e-05
16,P08,P08-20240613-122900,1674,1.0,1.0,0.30280444025993347,both_mask,0.034334950149059296,0.03294743224978447,0.3031277060508728,0.00032326579093933105
16,P08,P08-20240613-122900,1674,1.0,1.0,0.30280444025993347,gaze_yaw_1deg,0.0012113319244235754,0.0015732559841126204,0.30278700590133667,-1.7434358596801758e-05
16,P08,P08-20240613-122900,1674,1.0,1.0,0.30280444025993347,gaze_yaw_2deg,0.0024872140493243933,0.003289538435637951,0.30275025963783264,-5.418062210083008e-05
16,P08,P08-20240613-122900,1674,1.0,1.0,0.30280444025993347,gaze_yaw_5deg,0.006735784467309713,0.009418409317731857,0.3025401830673218,-0.00026425719261169434
16,P08,P08-20240613-122900,1674,1.0,1.0,0.30280444025993347,gaze_yaw_10deg,0.015030925162136555,0.021236367523670197,0.30213090777397156,-0.0006735324859619141
16,P08,P08-20240613-122900,1674,1.0,1.0,0.30280444025993347,gaze_yaw_20deg,0.047604989260435104,0.04323119297623634,0.299734890460968,-0.003069549798965454
16,P08,P08-20240613-122900,1674,1.0,1.0,0.30280444025993347,gaze_yaw_45deg,0.05159484222531319,0.0688575804233551,0.3046647608280182,0.0018603205680847168
16,P08,P08-20240613-122900,1674,1.0,1.0,0.30280444025993347,video_swap,0.6479478478431702,0.6216648817062378,0.7123954892158508,0.40959104895591736
17,P08,P08-20240613-122900,4177,1.0,1.0,0.36111658811569214,real,0.0,0.0,0.36111658811569214,0.0
17,P08,P08-20240613-122900,4177,1.0,1.0,0.36111658811569214,identity,0.0,0.0,0.36111658811569214,0.0
17,P08,P08-20240613-122900,4177,1.0,1.0,0.36111658811569214,gaze_swap,0.011159570887684822,0.011516401544213295,0.3593575358390808,-0.0017590522766113281
17,P08,P08-20240613-122900,4177,1.0,1.0,0.36111658811569214,gaze_mask,0.06452970951795578,0.048068974167108536,0.35113072395324707,-0.009985864162445068
17,P08,P08-20240613-122900,4177,1.0,1.0,0.36111658811569214,gaze_zero,0.017456067726016045,0.02282196469604969,0.3598984479904175,-0.0012181401252746582
17,P08,P08-20240613-122900,4177,1.0,1.0,0.36111658811569214,gaze_shuffle_time,0.008652442134916782,0.010844487696886063,0.3632490038871765,0.002132415771484375
17,P08,P08-20240613-122900,4177,1.0,1.0,0.36111658811569214,hand_swap,0.026878515258431435,0.019194338470697403,0.3616035580635071,0.0004869699478149414
17,P08,P08-20240613-122900,4177,1.0,1.0,0.36111658811569214,hand_mask,0.016650591045618057,0.01831216923892498,0.36261433362960815,0.0014977455139160156
17,P08,P08-20240613-122900,4177,1.0,1.0,0.36111658811569214,hand_shuffle_time,0.0059453281573951244,0.0070447660982608795,0.3614489436149597,0.0003323554992675781
17,P08,P08-20240613-122900,4177,1.0,1.0,0.36111658811569214,both_mask,0.03725229203701019,0.031762272119522095,0.36232155561447144,0.0012049674987792969
17,P08,P08-20240613-122900,4177,1.0,1.0,0.36111658811569214,gaze_yaw_1deg,0.0008305893861688673,0.0011923026759177446,0.3610403537750244,-7.623434066772461e-05
17,P08,P08-20240613-122900,4177,1.0,1.0,0.36111658811569214,gaze_yaw_2deg,0.0017039106460288167,0.0023939243983477354,0.3609894812107086,-0.0001271069049835205
17,P08,P08-20240613-122900,4177,1.0,1.0,0.36111658811569214,gaze_yaw_5deg,0.005183103494346142,0.005957346875220537,0.3610728681087494,-4.3720006942749023e-05
17,P08,P08-20240613-122900,4177,1.0,1.0,0.36111658811569214,gaze_yaw_10deg,0.014002524316310883,0.01373157650232315,0.3632728159427643,0.0021562278270721436
17,P08,P08-20240613-122900,4177,1.0,1.0,0.36111658811569214,gaze_yaw_20deg,0.029795942828059196,0.031457383185625076,0.3652140200138092,0.004097431898117065
17,P08,P08-20240613-122900,4177,1.0,1.0,0.36111658811569214,gaze_yaw_45deg,0.05915422365069389,0.060206424444913864,0.36236825585365295,0.0012516677379608154
17,P08,P08-20240613-122900,4177,1.0,1.0,0.36111658811569214,video_swap,0.595595121383667,0.6063172221183777,0.7335907816886902,0.37247419357299805
18,P08,P08-20240613-122900,5842,1.0,0.25,0.42366403341293335,real,0.0,0.0,0.42366403341293335,0.0
18,P08,P08-20240613-122900,5842,1.0,0.25,0.42366403341293335,identity,0.0,0.0,0.42366403341293335,0.0
18,P08,P08-20240613-122900,5842,1.0,0.25,0.42366403341293335,gaze_swap,0.012922549620270729,0.008290242403745651,0.4263572096824646,0.00269317626953125
18,P08,P08-20240613-122900,5842,1.0,0.25,0.42366403341293335,gaze_mask,0.21811704337596893,0.08092942088842392,0.42108869552612305,-0.0025753378868103027
18,P08,P08-20240613-122900,5842,1.0,0.25,0.42366403341293335,gaze_zero,0.019693486392498016,0.019513746723532677,0.4227917492389679,-0.0008722841739654541
18,P08,P08-20240613-122900,5842,1.0,0.25,0.42366403341293335,gaze_shuffle_time,0.017583034932613373,0.00967133603990078,0.42780494689941406,0.004140913486480713
18,P08,P08-20240613-122900,5842,1.0,0.25,0.42366403341293335,hand_swap,0.023124080151319504,0.01911020651459694,0.427504301071167,0.0038402676582336426
18,P08,P08-20240613-122900,5842,1.0,0.25,0.42366403341293335,hand_mask,0.024395756423473358,0.012702126055955887,0.4277820587158203,0.004118025302886963
18,P08,P08-20240613-122900,5842,1.0,0.25,0.42366403341293335,hand_shuffle_time,0.02705903723835945,0.0379033237695694,0.42892682552337646,0.005262792110443115
18,P08,P08-20240613-122900,5842,1.0,0.25,0.42366403341293335,both_mask,0.04277854040265083,0.02761639654636383,0.4312039017677307,0.007539868354797363
18,P08,P08-20240613-122900,5842,1.0,0.25,0.42366403341293335,gaze_yaw_1deg,0.0007534807082265615,0.0009230034775100648,0.42373815178871155,7.411837577819824e-05
18,P08,P08-20240613-122900,5842,1.0,0.25,0.42366403341293335,gaze_yaw_2deg,0.001572338747791946,0.001888394937850535,0.4238106608390808,0.00014662742614746094
18,P08,P08-20240613-122900,5842,1.0,0.25,0.42366403341293335,gaze_yaw_5deg,0.004683388397097588,0.005018298048526049,0.4239501953125,0.0002861618995666504
18,P08,P08-20240613-122900,5842,1.0,0.25,0.42366403341293335,gaze_yaw_10deg,0.016451314091682434,0.011485370807349682,0.4229573607444763,-0.0007066726684570312
18,P08,P08-20240613-122900,5842,1.0,0.25,0.42366403341293335,gaze_yaw_20deg,0.12172988057136536,0.04906212538480759,0.4120579659938812,-0.011606067419052124
18,P08,P08-20240613-122900,5842,1.0,0.25,0.42366403341293335,gaze_yaw_45deg,0.10969401150941849,0.06345181912183762,0.41288506984710693,-0.010778963565826416
18,P08,P08-20240613-122900,5842,1.0,0.25,0.42366403341293335,video_swap,0.5605372786521912,0.5497703552246094,0.7200519442558289,0.2963879108428955
19,P08,P08-20240613-122900,4139,1.0,1.0,0.606757402420044,real,0.0,0.0,0.606757402420044,0.0
19,P08,P08-20240613-122900,4139,1.0,1.0,0.606757402420044,identity,0.0,0.0,0.606757402420044,0.0
19,P08,P08-20240613-122900,4139,1.0,1.0,0.606757402420044,gaze_swap,0.01655927300453186,0.0463455468416214,0.6065307259559631,-0.00022667646408081055
19,P08,P08-20240613-122900,4139,1.0,1.0,0.606757402420044,gaze_mask,0.2001129537820816,0.08922848105430603,0.6764354109764099,0.06967800855636597
19,P08,P08-20240613-122900,4139,1.0,1.0,0.606757402420044,gaze_zero,0.02483179420232773,0.019957154989242554,0.6119154095649719,0.0051580071449279785
19,P08,P08-20240613-122900,4139,1.0,1.0,0.606757402420044,gaze_shuffle_time,0.009702997282147408,0.017235202714800835,0.6080920696258545,0.0013346672058105469
19,P08,P08-20240613-122900,4139,1.0,1.0,0.606757402420044,hand_swap,0.005545513704419136,0.012833554297685623,0.6068801283836365,0.0001227259635925293
19,P08,P08-20240613-122900,4139,1.0,1.0,0.606757402420044,hand_mask,0.017208006232976913,0.02009405940771103,0.6049081087112427,-0.0018492937088012695
19,P08,P08-20240613-122900,4139,1.0,1.0,0.606757402420044,hand_shuffle_time,0.0032555547077208757,0.006532793398946524,0.6073193550109863,0.0005619525909423828
19,P08,P08-20240613-122900,4139,1.0,1.0,0.606757402420044,both_mask,0.03805322200059891,0.03182860091328621,0.6065453886985779,-0.00021201372146606445
19,P08,P08-20240613-122900,4139,1.0,1.0,0.606757402420044,gaze_yaw_1deg,0.0012966141803190112,0.0013812955003231764,0.6067929267883301,3.552436828613281e-05
19,P08,P08-20240613-122900,4139,1.0,1.0,0.606757402420044,gaze_yaw_2deg,0.002261727349832654,0.0027743878308683634,0.6067084670066833,-4.89354133605957e-05
19,P08,P08-20240613-122900,4139,1.0,1.0,0.606757402420044,gaze_yaw_5deg,0.004596605431288481,0.007126148324459791,0.606835663318634,7.826089859008789e-05
19,P08,P08-20240613-122900,4139,1.0,1.0,0.606757402420044,gaze_yaw_10deg,0.00911379512399435,0.015139014460146427,0.6080683469772339,0.0013109445571899414
19,P08,P08-20240613-122900,4139,1.0,1.0,0.606757402420044,gaze_yaw_20deg,0.023268859833478928,0.031198030337691307,0.6105771660804749,0.003819763660430908
19,P08,P08-20240613-122900,4139,1.0,1.0,0.606757402420044,gaze_yaw_45deg,0.20198999345302582,0.0952020213007927,0.6765958666801453,0.06983846426010132
19,P08,P08-20240613-122900,4139,1.0,1.0,0.606757402420044,video_swap,0.4888286888599396,0.5798139572143555,0.6218818426132202,0.01512444019317627
20,P08,P08-20240613-122900,231,1.0,1.0,0.5879307985305786,real,0.0,0.0,0.5879307985305786,0.0
20,P08,P08-20240613-122900,231,1.0,1.0,0.5879307985305786,identity,0.0,0.0,0.5879307985305786,0.0
20,P08,P08-20240613-122900,231,1.0,1.0,0.5879307985305786,gaze_swap,0.01569099724292755,0.02174040675163269,0.589958906173706,0.0020281076431274414
20,P08,P08-20240613-122900,231,1.0,1.0,0.5879307985305786,gaze_mask,0.072348453104496,0.05639249086380005,0.5998798608779907,0.01194906234741211
20,P08,P08-20240613-122900,231,1.0,1.0,0.5879307985305786,gaze_zero,0.02087327465415001,0.029640402644872665,0.5911446809768677,0.0032138824462890625
20,P08,P08-20240613-122900,231,1.0,1.0,0.5879307985305786,gaze_shuffle_time,0.004743324127048254,0.03445829451084137,0.5880056619644165,7.486343383789062e-05
20,P08,P08-20240613-122900,231,1.0,1.0,0.5879307985305786,hand_swap,0.011894435621798038,0.014264258556067944,0.588045060634613,0.00011426210403442383
20,P08,P08-20240613-122900,231,1.0,1.0,0.5879307985305786,hand_mask,0.011894435621798038,0.014264258556067944,0.588045060634613,0.00011426210403442383
20,P08,P08-20240613-122900,231,1.0,1.0,0.5879307985305786,hand_shuffle_time,0.013317272998392582,0.007813706994056702,0.5866453051567078,-0.0012854933738708496
20,P08,P08-20240613-122900,231,1.0,1.0,0.5879307985305786,both_mask,0.03311321884393692,0.028902975842356682,0.5891324281692505,0.001201629638671875
20,P08,P08-20240613-122900,231,1.0,1.0,0.5879307985305786,gaze_yaw_1deg,0.001016613095998764,0.0015806775772944093,0.5880749225616455,0.00014412403106689453
20,P08,P08-20240613-122900,231,1.0,1.0,0.5879307985305786,gaze_yaw_2deg,0.002106648636981845,0.003148681716993451,0.5882364511489868,0.0003056526184082031
20,P08,P08-20240613-122900,231,1.0,1.0,0.5879307985305786,gaze_yaw_5deg,0.005592955742031336,0.00804114993661642,0.5887730717658997,0.0008422732353210449
20,P08,P08-20240613-122900,231,1.0,1.0,0.5879307985305786,gaze_yaw_10deg,0.011244001798331738,0.01667335070669651,0.5895938277244568,0.0016630291938781738
20,P08,P08-20240613-122900,231,1.0,1.0,0.5879307985305786,gaze_yaw_20deg,0.037695515900850296,0.032833587378263474,0.5921475887298584,0.004216790199279785
20,P08,P08-20240613-122900,231,1.0,1.0,0.5879307985305786,gaze_yaw_45deg,0.11815332621335983,0.0672268345952034,0.6131851077079773,0.02525430917739868
20,P08,P08-20240613-122900,231,1.0,1.0,0.5879307985305786,video_swap,0.53934246301651,0.5389885306358337,0.722545862197876,0.13461506366729736
21,P08,P08-20240613-122900,23,1.0,0.0,0.5664989352226257,real,0.0,0.0,0.5664989352226257,0.0
21,P08,P08-20240613-122900,23,1.0,0.0,0.5664989352226257,identity,0.0,0.0,0.5664989352226257,0.0
21,P08,P08-20240613-122900,23,1.0,0.0,0.5664989352226257,gaze_swap,0.009204389527440071,0.010832423344254494,0.5677112340927124,0.00121229887008667
21,P08,P08-20240613-122900,23,1.0,0.0,0.5664989352226257,gaze_mask,0.0373755507171154,0.02993312105536461,0.5693881511688232,0.0028892159461975098
21,P08,P08-20240613-122900,23,1.0,0.0,0.5664989352226257,gaze_zero,0.0169401653110981,0.01644262671470642,0.5683246850967407,0.0018257498741149902
21,P08,P08-20240613-122900,23,1.0,0.0,0.5664989352226257,gaze_shuffle_time,0.010116353631019592,0.00824713334441185,0.5682573318481445,0.0017583966255187988
21,P08,P08-20240613-122900,23,1.0,0.0,0.5664989352226257,hand_swap,0.01932111382484436,0.017795180901885033,0.568935215473175,0.0024362802505493164
21,P08,P08-20240613-122900,23,1.0,0.0,0.5664989352226257,hand_mask,0.0,0.0,0.5664989352226257,0.0
21,P08,P08-20240613-122900,23,1.0,0.0,0.5664989352226257,hand_shuffle_time,0.0,0.0,0.5664989352226257,0.0
21,P08,P08-20240613-122900,23,1.0,0.0,0.5664989352226257,both_mask,0.0373755507171154,0.02993312105536461,0.5693881511688232,0.0028892159461975098
21,P08,P08-20240613-122900,23,1.0,0.0,0.5664989352226257,gaze_yaw_1deg,0.0008682701154612005,0.0010935753816738725,0.5665240287780762,2.5093555450439453e-05
21,P08,P08-20240613-122900,23,1.0,0.0,0.5664989352226257,gaze_yaw_2deg,0.0017868512077257037,0.002251824364066124,0.5665634274482727,6.449222564697266e-05
21,P08,P08-20240613-122900,23,1.0,0.0,0.5664989352226257,gaze_yaw_5deg,0.005166662856936455,0.006410792004317045,0.5668272972106934,0.00032836198806762695
21,P08,P08-20240613-122900,23,1.0,0.0,0.5664989352226257,gaze_yaw_10deg,0.012763340957462788,0.01619791053235531,0.5669875144958496,0.000488579273223877
21,P08,P08-20240613-122900,23,1.0,0.0,0.5664989352226257,gaze_yaw_20deg,0.0602458119392395,0.03786053508520126,0.5756107568740845,0.00911182165145874
21,P08,P08-20240613-122900,23,1.0,0.0,0.5664989352226257,gaze_yaw_45deg,0.0961676687002182,0.06899189949035645,0.586316704750061,0.019817769527435303
21,P08,P08-20240613-122900,23,1.0,0.0,0.5664989352226257,video_swap,0.5548372268676758,0.5706291794776917,0.746100902557373,0.17960196733474731
22,P08,P08-20240613-122900,1053,1.0,1.0,0.45790916681289673,real,0.0,0.0,0.45790916681289673,0.0
22,P08,P08-20240613-122900,1053,1.0,1.0,0.45790916681289673,identity,0.0,0.0,0.45790916681289673,0.0
22,P08,P08-20240613-122900,1053,1.0,1.0,0.45790916681289673,gaze_swap,0.07372937351465225,0.04018082842230797,0.4525142312049866,-0.005394935607910156
22,P08,P08-20240613-122900,1053,1.0,1.0,0.45790916681289673,gaze_mask,0.04876136779785156,0.05175406485795975,0.46235960721969604,0.004450440406799316
22,P08,P08-20240613-122900,1053,1.0,1.0,0.45790916681289673,gaze_zero,0.02257693000137806,0.02304735966026783,0.4585367739200592,0.0006276071071624756
22,P08,P08-20240613-122900,1053,1.0,1.0,0.45790916681289673,gaze_shuffle_time,0.00969615112990141,0.00848854798823595,0.4571293294429779,-0.0007798373699188232
22,P08,P08-20240613-122900,1053,1.0,1.0,0.45790916681289673,hand_swap,0.01596863381564617,0.01460808515548706,0.45600104331970215,-0.00190812349319458
22,P08,P08-20240613-122900,1053,1.0,1.0,0.45790916681289673,hand_mask,0.020487988367676735,0.018368562683463097,0.45636680722236633,-0.0015423595905303955
22,P08,P08-20240613-122900,1053,1.0,1.0,0.45790916681289673,hand_shuffle_time,0.012362374924123287,0.006181792821735144,0.4562549591064453,-0.001654207706451416
22,P08,P08-20240613-122900,1053,1.0,1.0,0.45790916681289673,both_mask,0.04101197049021721,0.030476978048682213,0.45414188504219055,-0.0037672817707061768
22,P08,P08-20240613-122900,1053,1.0,1.0,0.45790916681289673,gaze_yaw_1deg,0.0008276980952359736,0.0010281044524163008,0.4578671455383301,-4.202127456665039e-05
22,P08,P08-20240613-122900,1053,1.0,1.0,0.45790916681289673,gaze_yaw_2deg,0.0016846394864842296,0.002102690516039729,0.4578169286251068,-9.223818778991699e-05
22,P08,P08-20240613-122900,1053,1.0,1.0,0.45790916681289673,gaze_yaw_5deg,0.004558710381388664,0.005983665119856596,0.45761460065841675,-0.00029456615447998047
22,P08,P08-20240613-122900,1053,1.0,1.0,0.45790916681289673,gaze_yaw_10deg,0.011152172461152077,0.015594469383358955,0.4570324420928955,-0.0008767247200012207
22,P08,P08-20240613-122900,1053,1.0,1.0,0.45790916681289673,gaze_yaw_20deg,0.031081244349479675,0.032445233315229416,0.4560820460319519,-0.0018271207809448242
22,P08,P08-20240613-122900,1053,1.0,1.0,0.45790916681289673,gaze_yaw_45deg,0.05100586637854576,0.06676836311817169,0.4556732177734375,-0.0022359490394592285
22,P08,P08-20240613-122900,1053,1.0,1.0,0.45790916681289673,video_swap,0.4908084571361542,0.5292727947235107,0.6303396224975586,0.17243045568466187
23,P08,P08-20240613-122900,3000,1.0,0.875,0.6280086040496826,real,0.0,0.0,0.6280086040496826,0.0
23,P08,P08-20240613-122900,3000,1.0,0.875,0.6280086040496826,identity,0.0,0.0,0.6280086040496826,0.0
23,P08,P08-20240613-122900,3000,1.0,0.875,0.6280086040496826,gaze_swap,0.02746514044702053,0.019379036501049995,0.6304007768630981,0.0023921728134155273
23,P08,P08-20240613-122900,3000,1.0,0.875,0.6280086040496826,gaze_mask,0.034178249537944794,0.04906999692320824,0.6268836259841919,-0.0011249780654907227
23,P08,P08-20240613-122900,3000,1.0,0.875,0.6280086040496826,gaze_zero,0.0329420380294323,0.023492764681577682,0.6305310726165771,0.0025224685668945312
23,P08,P08-20240613-122900,3000,1.0,0.875,0.6280086040496826,gaze_shuffle_time,0.029257887974381447,0.049076151102781296,0.6327146291732788,0.004706025123596191
23,P08,P08-20240613-122900,3000,1.0,0.875,0.6280086040496826,hand_swap,0.01691802404820919,0.010702067986130714,0.6265695691108704,-0.0014390349388122559
23,P08,P08-20240613-122900,3000,1.0,0.875,0.6280086040496826,hand_mask,0.016326099634170532,0.016894984990358353,0.6267191171646118,-0.0012894868850708008
23,P08,P08-20240613-122900,3000,1.0,0.875,0.6280086040496826,hand_shuffle_time,0.021560363471508026,0.013856214471161366,0.6260333061218262,-0.0019752979278564453
23,P08,P08-20240613-122900,3000,1.0,0.875,0.6280086040496826,both_mask,0.03934447839856148,0.03071955218911171,0.625731885433197,-0.0022767186164855957
23,P08,P08-20240613-122900,3000,1.0,0.875,0.6280086040496826,gaze_yaw_1deg,0.0007602157420478761,0.0016386322677135468,0.6279409527778625,-6.765127182006836e-05
23,P08,P08-20240613-122900,3000,1.0,0.875,0.6280086040496826,gaze_yaw_2deg,0.0015082218451425433,0.003249379573389888,0.6278810501098633,-0.00012755393981933594
23,P08,P08-20240613-122900,3000,1.0,0.875,0.6280086040496826,gaze_yaw_5deg,0.003644603071734309,0.007867618463933468,0.6277818083763123,-0.00022679567337036133
23,P08,P08-20240613-122900,3000,1.0,0.875,0.6280086040496826,gaze_yaw_10deg,0.007135624065995216,0.01426682434976101,0.6280490159988403,4.0411949157714844e-05
23,P08,P08-20240613-122900,3000,1.0,0.875,0.6280086040496826,gaze_yaw_20deg,0.01684977114200592,0.028863288462162018,0.6298983693122864,0.0018897652626037598
23,P08,P08-20240613-122900,3000,1.0,0.875,0.6280086040496826,gaze_yaw_45deg,0.03293909505009651,0.05298939719796181,0.6291442513465881,0.0011356472969055176
23,P08,P08-20240613-122900,3000,1.0,0.875,0.6280086040496826,video_swap,0.4777419865131378,0.6116413474082947,0.7712915539741516,0.143282949924469
24,P08,P08-20240613-123547,3511,1.0,1.0,0.4242051839828491,real,0.0,0.0,0.4242051839828491,0.0
24,P08,P08-20240613-123547,3511,1.0,1.0,0.4242051839828491,identity,0.0,0.0,0.4242051839828491,0.0
24,P08,P08-20240613-123547,3511,1.0,1.0,0.4242051839828491,gaze_swap,0.004642860498279333,0.004925061017274857,0.42420095205307007,-4.231929779052734e-06
24,P08,P08-20240613-123547,3511,1.0,1.0,0.4242051839828491,gaze_mask,0.06656020879745483,0.05139501020312309,0.424326092004776,0.00012090802192687988
24,P08,P08-20240613-123547,3511,1.0,1.0,0.4242051839828491,gaze_zero,0.020460952073335648,0.02194405160844326,0.42396625876426697,-0.00023892521858215332
24,P08,P08-20240613-123547,3511,1.0,1.0,0.4242051839828491,gaze_shuffle_time,0.0014123416040092707,0.002032051794230938,0.42424827814102173,4.309415817260742e-05
24,P08,P08-20240613-123547,3511,1.0,1.0,0.4242051839828491,hand_swap,0.003910400439053774,0.003940733615309,0.4241034984588623,-0.0001016855239868164
24,P08,P08-20240613-123547,3511,1.0,1.0,0.4242051839828491,hand_mask,0.016619129106402397,0.01836269348859787,0.4244776666164398,0.00027248263359069824
24,P08,P08-20240613-123547,3511,1.0,1.0,0.4242051839828491,hand_shuffle_time,0.006286273710429668,0.0034683682024478912,0.4239348769187927,-0.0002703070640563965
24,P08,P08-20240613-123547,3511,1.0,1.0,0.4242051839828491,both_mask,0.03469965234398842,0.029433028772473335,0.42254874110221863,-0.0016564428806304932
24,P08,P08-20240613-123547,3511,1.0,1.0,0.4242051839828491,gaze_yaw_1deg,0.0008748522959649563,0.0009427460026927292,0.42418956756591797,-1.5616416931152344e-05
24,P08,P08-20240613-123547,3511,1.0,1.0,0.4242051839828491,gaze_yaw_2deg,0.0018443606095388532,0.0019465971272438765,0.4241728186607361,-3.236532211303711e-05
24,P08,P08-20240613-123547,3511,1.0,1.0,0.4242051839828491,gaze_yaw_5deg,0.0057455371133983135,0.005427689757198095,0.4240991473197937,-0.00010603666305541992
24,P08,P08-20240613-123547,3511,1.0,1.0,0.4242051839828491,gaze_yaw_10deg,0.01697201281785965,0.012946462258696556,0.42371997237205505,-0.0004852116107940674
24,P08,P08-20240613-123547,3511,1.0,1.0,0.4242051839828491,gaze_yaw_20deg,0.08451716601848602,0.04161463677883148,0.4264703392982483,0.00226515531539917
24,P08,P08-20240613-123547,3511,1.0,1.0,0.4242051839828491,gaze_yaw_45deg,0.07178737968206406,0.05763211101293564,0.4244176745414734,0.00021249055862426758
24,P08,P08-20240613-123547,3511,1.0,1.0,0.4242051839828491,video_swap,0.5426546931266785,0.6118824481964111,0.6798058748245239,0.2556006908416748
25,P08,P08-20240613-123547,9503,1.0,1.0,0.36328375339508057,real,0.0,0.0,0.36328375339508057,0.0
25,P08,P08-20240613-123547,9503,1.0,1.0,0.36328375339508057,identity,0.0,0.0,0.36328375339508057,0.0
25,P08,P08-20240613-123547,9503,1.0,1.0,0.36328375339508057,gaze_swap,0.01544174924492836,0.013978053815662861,0.36499395966529846,0.0017102062702178955
25,P08,P08-20240613-123547,9503,1.0,1.0,0.36328375339508057,gaze_mask,0.059705328196287155,0.03833923116326332,0.35732027888298035,-0.00596347451210022
25,P08,P08-20240613-123547,9503,1.0,1.0,0.36328375339508057,gaze_zero,0.01891433447599411,0.019940011203289032,0.36441582441329956,0.0011320710182189941
25,P08,P08-20240613-123547,9503,1.0,1.0,0.36328375339508057,gaze_shuffle_time,0.001673661870881915,0.002395774470642209,0.36340710520744324,0.0001233518123626709
25,P08,P08-20240613-123547,9503,1.0,1.0,0.36328375339508057,hand_swap,0.016635973006486893,0.01949707232415676,0.3607637286186218,-0.0025200247764587402
25,P08,P08-20240613-123547,9503,1.0,1.0,0.36328375339508057,hand_mask,0.015400712378323078,0.016208700835704803,0.3630196154117584,-0.00026413798332214355
25,P08,P08-20240613-123547,9503,1.0,1.0,0.36328375339508057,hand_shuffle_time,0.0025987615808844566,0.0030345870181918144,0.3628017008304596,-0.0004820525646209717
25,P08,P08-20240613-123547,9503,1.0,1.0,0.36328375339508057,both_mask,0.03141102194786072,0.027218012139201164,0.3606663644313812,-0.002617388963699341
25,P08,P08-20240613-123547,9503,1.0,1.0,0.36328375339508057,gaze_yaw_1deg,0.00103290646802634,0.0013404408236965537,0.36334338784217834,5.963444709777832e-05
25,P08,P08-20240613-123547,9503,1.0,1.0,0.36328375339508057,gaze_yaw_2deg,0.0021120677702128887,0.002818502252921462,0.3633895814418793,0.00010582804679870605
25,P08,P08-20240613-123547,9503,1.0,1.0,0.36328375339508057,gaze_yaw_5deg,0.005807701963931322,0.007963551208376884,0.3634389638900757,0.0001552104949951172
25,P08,P08-20240613-123547,9503,1.0,1.0,0.36328375339508057,gaze_yaw_10deg,0.0153432572260499,0.017355702817440033,0.3624582290649414,-0.0008255243301391602
25,P08,P08-20240613-123547,9503,1.0,1.0,0.36328375339508057,gaze_yaw_20deg,0.04676714539527893,0.038278430700302124,0.35859084129333496,-0.0046929121017456055
25,P08,P08-20240613-123547,9503,1.0,1.0,0.36328375339508057,gaze_yaw_45deg,0.05096767097711563,0.05979333072900772,0.360901802778244,-0.002381950616836548
25,P08,P08-20240613-123547,9503,1.0,1.0,0.36328375339508057,video_swap,0.4732828438282013,0.44231081008911133,0.60845947265625,0.24517571926116943
26,P08,P08-20240613-123547,29373,1.0,0.875,0.5197094082832336,real,0.0,0.0,0.5197094082832336,0.0
26,P08,P08-20240613-123547,29373,1.0,0.875,0.5197094082832336,identity,0.0,0.0,0.5197094082832336,0.0
26,P08,P08-20240613-123547,29373,1.0,0.875,0.5197094082832336,gaze_swap,0.03993620723485947,0.01734807714819908,0.5239951014518738,0.004285693168640137
26,P08,P08-20240613-123547,29373,1.0,0.875,0.5197094082832336,gaze_mask,0.04918835684657097,0.03565285727381706,0.5213849544525146,0.0016755461692810059
26,P08,P08-20240613-123547,29373,1.0,0.875,0.5197094082832336,gaze_zero,0.023371413350105286,0.02097650244832039,0.5190046429634094,-0.0007047653198242188
26,P08,P08-20240613-123547,29373,1.0,0.875,0.5197094082832336,gaze_shuffle_time,0.009708237834274769,0.009381537325680256,0.519156277179718,-0.000553131103515625
26,P08,P08-20240613-123547,29373,1.0,0.875,0.5197094082832336,hand_swap,0.022756528109312057,0.015806719660758972,0.5204074382781982,0.0006980299949645996
26,P08,P08-20240613-123547,29373,1.0,0.875,0.5197094082832336,hand_mask,0.017985530197620392,0.017967212945222855,0.5198561549186707,0.00014674663543701172
26,P08,P08-20240613-123547,29373,1.0,0.875,0.5197094082832336,hand_shuffle_time,0.02698381245136261,0.019726958125829697,0.5209352374076843,0.0012258291244506836
26,P08,P08-20240613-123547,29373,1.0,0.875,0.5197094082832336,both_mask,0.04813988506793976,0.029386544600129128,0.5243096947669983,0.0046002864837646484
26,P08,P08-20240613-123547,29373,1.0,0.875,0.5197094082832336,gaze_yaw_1deg,0.001473513781093061,0.0016259136609733105,0.5196406245231628,-6.878376007080078e-05
26,P08,P08-20240613-123547,29373,1.0,0.875,0.5197094082832336,gaze_yaw_2deg,0.002915921388193965,0.0032111324835568666,0.5195798873901367,-0.00012952089309692383
26,P08,P08-20240613-123547,29373,1.0,0.875,0.5197094082832336,gaze_yaw_5deg,0.006677822209894657,0.007881643250584602,0.5194835066795349,-0.00022590160369873047
26,P08,P08-20240613-123547,29373,1.0,0.875,0.5197094082832336,gaze_yaw_10deg,0.011662406846880913,0.015188951976597309,0.5196986198425293,-1.0788440704345703e-05
26,P08,P08-20240613-123547,29373,1.0,0.875,0.5197094082832336,gaze_yaw_20deg,0.033618099987506866,0.033724408596754074,0.522043764591217,0.0023343563079833984
26,P08,P08-20240613-123547,29373,1.0,0.875,0.5197094082832336,gaze_yaw_45deg,0.05298639461398125,0.054429393261671066,0.5244863629341125,0.004776954650878906
26,P08,P08-20240613-123547,29373,1.0,0.875,0.5197094082832336,video_swap,0.6831574440002441,0.6359156370162964,0.8937671184539795,0.37405771017074585
27,P08,P08-20240613-123547,29025,1.0,1.0,0.5443154573440552,real,0.0,0.0,0.5443154573440552,0.0
27,P08,P08-20240613-123547,29025,1.0,1.0,0.5443154573440552,identity,0.0,0.0,0.5443154573440552,0.0
27,P08,P08-20240613-123547,29025,1.0,1.0,0.5443154573440552,gaze_swap,0.02507408894598484,0.021187985315918922,0.5485215783119202,0.00420612096786499
27,P08,P08-20240613-123547,29025,1.0,1.0,0.5443154573440552,gaze_mask,0.12428483366966248,0.06349612772464752,0.5707452893257141,0.026429831981658936
27,P08,P08-20240613-123547,29025,1.0,1.0,0.5443154573440552,gaze_zero,0.0434478260576725,0.025560488924384117,0.5521194934844971,0.0078040361404418945
27,P08,P08-20240613-123547,29025,1.0,1.0,0.5443154573440552,gaze_shuffle_time,0.030303969979286194,0.026919972151517868,0.5494328737258911,0.0051174163818359375
27,P08,P08-20240613-123547,29025,1.0,1.0,0.5443154573440552,hand_swap,0.009745147079229355,0.009108548983931541,0.5430856943130493,-0.0012297630310058594
27,P08,P08-20240613-123547,29025,1.0,1.0,0.5443154573440552,hand_mask,0.013161588460206985,0.015488914214074612,0.5436062812805176,-0.0007091760635375977
27,P08,P08-20240613-123547,29025,1.0,1.0,0.5443154573440552,hand_shuffle_time,0.0115653770044446,0.009129364974796772,0.545635998249054,0.0013205409049987793
27,P08,P08-20240613-123547,29025,1.0,1.0,0.5443154573440552,both_mask,0.05183866247534752,0.03120814636349678,0.5519263744354248,0.007610917091369629
27,P08,P08-20240613-123547,29025,1.0,1.0,0.5443154573440552,gaze_yaw_1deg,0.002241303212940693,0.0010911360150203109,0.543967604637146,-0.0003478527069091797
27,P08,P08-20240613-123547,29025,1.0,1.0,0.5443154573440552,gaze_yaw_2deg,0.00405743857845664,0.002152438508346677,0.5437262058258057,-0.0005892515182495117
27,P08,P08-20240613-123547,29025,1.0,1.0,0.5443154573440552,gaze_yaw_5deg,0.01130623184144497,0.005961425602436066,0.5427332520484924,-0.0015822052955627441
27,P08,P08-20240613-123547,29025,1.0,1.0,0.5443154573440552,gaze_yaw_10deg,0.01846354268491268,0.010491988621652126,0.5417449474334717,-0.002570509910583496
27,P08,P08-20240613-123547,29025,1.0,1.0,0.5443154573440552,gaze_yaw_20deg,0.020043620839715004,0.02033604308962822,0.542148768901825,-0.0021666884422302246
27,P08,P08-20240613-123547,29025,1.0,1.0,0.5443154573440552,gaze_yaw_45deg,0.08182422816753387,0.058814313262701035,0.5570855736732483,0.012770116329193115
27,P08,P08-20240613-123547,29025,1.0,1.0,0.5443154573440552,video_swap,0.6130412817001343,0.6240929365158081,0.8262286186218262,0.281913161277771
28,P08,P08-20240613-123547,18267,1.0,1.0,0.3876439929008484,real,0.0,0.0,0.3876439929008484,0.0
28,P08,P08-20240613-123547,18267,1.0,1.0,0.3876439929008484,identity,0.0,0.0,0.3876439929008484,0.0
28,P08,P08-20240613-123547,18267,1.0,1.0,0.3876439929008484,gaze_swap,0.028025394305586815,0.02049284800887108,0.38104864954948425,-0.006595343351364136
28,P08,P08-20240613-123547,18267,1.0,1.0,0.3876439929008484,gaze_mask,0.054531972855329514,0.03707451745867729,0.37861937284469604,-0.009024620056152344
28,P08,P08-20240613-123547,18267,1.0,1.0,0.3876439929008484,gaze_zero,0.03176498040556908,0.023101845756173134,0.38068026304244995,-0.0069637298583984375
28,P08,P08-20240613-123547,18267,1.0,1.0,0.3876439929008484,gaze_shuffle_time,0.016619570553302765,0.013136427849531174,0.3835451602935791,-0.004098832607269287
28,P08,P08-20240613-123547,18267,1.0,1.0,0.3876439929008484,hand_swap,0.004735920578241348,0.006821547169238329,0.386622816324234,-0.0010211765766143799
28,P08,P08-20240613-123547,18267,1.0,1.0,0.3876439929008484,hand_mask,0.015092950314283371,0.014655135571956635,0.38720518350601196,-0.0004388093948364258
28,P08,P08-20240613-123547,18267,1.0,1.0,0.3876439929008484,hand_shuffle_time,0.006606831680983305,0.009153544902801514,0.3860746920108795,-0.001569300889968872
28,P08,P08-20240613-123547,18267,1.0,1.0,0.3876439929008484,both_mask,0.03932759165763855,0.02895372547209263,0.382963627576828,-0.004680365324020386
28,P08,P08-20240613-123547,18267,1.0,1.0,0.3876439929008484,gaze_yaw_1deg,0.0018424378940835595,0.001723049907013774,0.38811632990837097,0.000472337007522583
28,P08,P08-20240613-123547,18267,1.0,1.0,0.3876439929008484,gaze_yaw_2deg,0.003791317343711853,0.003590366803109646,0.3886219561100006,0.0009779632091522217
28,P08,P08-20240613-123547,18267,1.0,1.0,0.3876439929008484,gaze_yaw_5deg,0.01025973167270422,0.010055441409349442,0.3903585374355316,0.0027145445346832275
28,P08,P08-20240613-123547,18267,1.0,1.0,0.3876439929008484,gaze_yaw_10deg,0.02145957201719284,0.020813973620533943,0.3934842050075531,0.005840212106704712
28,P08,P08-20240613-123547,18267,1.0,1.0,0.3876439929008484,gaze_yaw_20deg,0.033692482858896255,0.03834201768040657,0.3958829939365387,0.008239001035690308
28,P08,P08-20240613-123547,18267,1.0,1.0,0.3876439929008484,gaze_yaw_45deg,0.048374250531196594,0.04687627777457237,0.38660141825675964,-0.0010425746440887451
28,P08,P08-20240613-123547,18267,1.0,1.0,0.3876439929008484,video_swap,0.4095749258995056,0.3950803279876709,0.5846489071846008,0.19700491428375244
29,P08,P08-20240613-123547,17239,1.0,1.0,0.45858287811279297,real,0.0,0.0,0.45858287811279297,0.0
29,P08,P08-20240613-123547,17239,1.0,1.0,0.45858287811279297,identity,0.0,0.0,0.45858287811279297,0.0
29,P08,P08-20240613-123547,17239,1.0,1.0,0.45858287811279297,gaze_swap,0.02617749199271202,0.0423484668135643,0.4570351243019104,-0.0015477538108825684
29,P08,P08-20240613-123547,17239,1.0,1.0,0.45858287811279297,gaze_mask,0.03193048760294914,0.03834134340286255,0.4587685167789459,0.0001856386661529541
29,P08,P08-20240613-123547,17239,1.0,1.0,0.45858287811279297,gaze_zero,0.014288727194070816,0.01912841573357582,0.45839691162109375,-0.00018596649169921875
29,P08,P08-20240613-123547,17239,1.0,1.0,0.45858287811279297,gaze_shuffle_time,0.006314252037554979,0.0046271285973489285,0.45817694067955017,-0.00040593743324279785
29,P08,P08-20240613-123547,17239,1.0,1.0,0.45858287811279297,hand_swap,0.011421624571084976,0.010593151673674583,0.45973700284957886,0.0011541247367858887
29,P08,P08-20240613-123547,17239,1.0,1.0,0.45858287811279297,hand_mask,0.015101475641131401,0.015955030918121338,0.45935487747192383,0.0007719993591308594
29,P08,P08-20240613-123547,17239,1.0,1.0,0.45858287811279297,hand_shuffle_time,0.0004297572886571288,0.000708002713508904,0.45852312445640564,-5.97536563873291e-05
29,P08,P08-20240613-123547,17239,1.0,1.0,0.45858287811279297,both_mask,0.03388155624270439,0.029635978862643242,0.45776742696762085,-0.0008154511451721191
29,P08,P08-20240613-123547,17239,1.0,1.0,0.45858287811279297,gaze_yaw_1deg,0.0008469114545732737,0.0014368442352861166,0.45860135555267334,1.8477439880371094e-05
29,P08,P08-20240613-123547,17239,1.0,1.0,0.45858287811279297,gaze_yaw_2deg,0.0017131782369688153,0.0030463547445833683,0.45860832929611206,2.5451183319091797e-05
29,P08,P08-20240613-123547,17239,1.0,1.0,0.45858287811279297,gaze_yaw_5deg,0.004602198023349047,0.009114791639149189,0.45856207609176636,-2.0802021026611328e-05
29,P08,P08-20240613-123547,17239,1.0,1.0,0.45858287811279297,gaze_yaw_10deg,0.01063788402825594,0.020776914432644844,0.4582730233669281,-0.00030985474586486816
29,P08,P08-20240613-123547,17239,1.0,1.0,0.45858287811279297,gaze_yaw_20deg,0.024221202358603477,0.03312557190656662,0.4578498601913452,-0.0007330179214477539
29,P08,P08-20240613-123547,17239,1.0,1.0,0.45858287811279297,gaze_yaw_45deg,0.0481603741645813,0.062117286026477814,0.45553216338157654,-0.0030507147312164307
29,P08,P08-20240613-123547,17239,1.0,1.0,0.45858287811279297,video_swap,0.34948042035102844,0.4380350410938263,0.5384950637817383,0.07991218566894531
30,P08,P08-20240613-123547,26660,1.0,1.0,0.5470624566078186,real,0.0,0.0,0.5470624566078186,0.0
30,P08,P08-20240613-123547,26660,1.0,1.0,0.5470624566078186,identity,0.0,0.0,0.5470624566078186,0.0
30,P08,P08-20240613-123547,26660,1.0,1.0,0.5470624566078186,gaze_swap,0.017801707610487938,0.034389179199934006,0.5490469932556152,0.001984536647796631
30,P08,P08-20240613-123547,26660,1.0,1.0,0.5470624566078186,gaze_mask,0.055895086377859116,0.05785099416971207,0.5544953346252441,0.007432878017425537
30,P08,P08-20240613-123547,26660,1.0,1.0,0.5470624566078186,gaze_zero,0.03229008615016937,0.03824890777468681,0.5514308214187622,0.0043683648109436035
30,P08,P08-20240613-123547,26660,1.0,1.0,0.5470624566078186,gaze_shuffle_time,0.015359938144683838,0.028988057747483253,0.5468717813491821,-0.0001906752586364746
30,P08,P08-20240613-123547,26660,1.0,1.0,0.5470624566078186,hand_swap,0.026241730898618698,0.015363824553787708,0.5493811368942261,0.0023186802864074707
30,P08,P08-20240613-123547,26660,1.0,1.0,0.5470624566078186,hand_mask,0.01670248806476593,0.018316596746444702,0.5472080111503601,0.0001455545425415039
30,P08,P08-20240613-123547,26660,1.0,1.0,0.5470624566078186,hand_shuffle_time,0.006293788086622953,0.007246294524520636,0.5470430254936218,-1.9431114196777344e-05
30,P08,P08-20240613-123547,26660,1.0,1.0,0.5470624566078186,both_mask,0.05221477150917053,0.04107612743973732,0.5550880432128906,0.008025586605072021
30,P08,P08-20240613-123547,26660,1.0,1.0,0.5470624566078186,gaze_yaw_1deg,0.0018291028682142496,0.0052437628619372845,0.5469013452529907,-0.00016111135482788086
30,P08,P08-20240613-123547,26660,1.0,1.0,0.5470624566078186,gaze_yaw_2deg,0.0035382751375436783,0.010992932133376598,0.5467323064804077,-0.00033015012741088867
30,P08,P08-20240613-123547,26660,1.0,1.0,0.5470624566078186,gaze_yaw_5deg,0.007560142781585455,0.02462131343781948,0.546222984790802,-0.0008394718170166016
30,P08,P08-20240613-123547,26660,1.0,1.0,0.5470624566078186,gaze_yaw_10deg,0.014231419190764427,0.03013436682522297,0.5455821752548218,-0.0014802813529968262
30,P08,P08-20240613-123547,26660,1.0,1.0,0.5470624566078186,gaze_yaw_20deg,0.03790454566478729,0.03666192293167114,0.547230064868927,0.00016760826110839844
30,P08,P08-20240613-123547,26660,1.0,1.0,0.5470624566078186,gaze_yaw_45deg,0.049190960824489594,0.05067312344908714,0.5487375259399414,0.0016750693321228027
30,P08,P08-20240613-123547,26660,1.0,1.0,0.5470624566078186,video_swap,0.6302809119224548,0.6445570588111877,0.8413146734237671,0.2942522168159485
31,P08,P08-20240613-123547,2624,1.0,1.0,0.4847853183746338,real,0.0,0.0,0.4847853183746338,0.0
31,P08,P08-20240613-123547,2624,1.0,1.0,0.4847853183746338,identity,0.0,0.0,0.4847853183746338,0.0
31,P08,P08-20240613-123547,2624,1.0,1.0,0.4847853183746338,gaze_swap,0.03670720010995865,0.03015057183802128,0.4827461838722229,-0.0020391345024108887
31,P08,P08-20240613-123547,2624,1.0,1.0,0.4847853183746338,gaze_mask,0.11164888739585876,0.06242918595671654,0.4998469054698944,0.01506158709526062
31,P08,P08-20240613-123547,2624,1.0,1.0,0.4847853183746338,gaze_zero,0.01900305226445198,0.020014723762869835,0.48591580986976624,0.0011304914951324463
31,P08,P08-20240613-123547,2624,1.0,1.0,0.4847853183746338,gaze_shuffle_time,0.0029477651696652174,0.0053318399004638195,0.48468393087387085,-0.00010138750076293945
31,P08,P08-20240613-123547,2624,1.0,1.0,0.4847853183746338,hand_swap,0.034733716398477554,0.02724190056324005,0.4822981655597687,-0.0024871528148651123
31,P08,P08-20240613-123547,2624,1.0,1.0,0.4847853183746338,hand_mask,0.028252216055989265,0.025768492370843887,0.48275646567344666,-0.002028852701187134
31,P08,P08-20240613-123547,2624,1.0,1.0,0.4847853183746338,hand_shuffle_time,0.007118036039173603,0.010723154060542583,0.4850493371486664,0.0002640187740325928
31,P08,P08-20240613-123547,2624,1.0,1.0,0.4847853183746338,both_mask,0.039189405739307404,0.034893035888671875,0.4856838881969452,0.0008985698223114014
31,P08,P08-20240613-123547,2624,1.0,1.0,0.4847853183746338,gaze_yaw_1deg,0.0011035436764359474,0.0011835118057206273,0.48484134674072266,5.602836608886719e-05
31,P08,P08-20240613-123547,2624,1.0,1.0,0.4847853183746338,gaze_yaw_2deg,0.0022877142764627934,0.0024508850183337927,0.4848938584327698,0.00010854005813598633
31,P08,P08-20240613-123547,2624,1.0,1.0,0.4847853183746338,gaze_yaw_5deg,0.006997596938163042,0.006755112670361996,0.4850243031978607,0.0002389848232269287
31,P08,P08-20240613-123547,2624,1.0,1.0,0.4847853183746338,gaze_yaw_10deg,0.02800910919904709,0.016664821654558182,0.4856899678707123,0.0009046494960784912
31,P08,P08-20240613-123547,2624,1.0,1.0,0.4847853183746338,gaze_yaw_20deg,0.269927442073822,0.09937717020511627,0.5497584342956543,0.06497311592102051
31,P08,P08-20240613-123547,2624,1.0,1.0,0.4847853183746338,gaze_yaw_45deg,0.2795412540435791,0.11401016265153885,0.5528517961502075,0.06806647777557373
31,P08,P08-20240613-123547,2624,1.0,1.0,0.4847853183746338,video_swap,0.6212382912635803,0.60811847448349,0.735824704170227,0.25103938579559326
32,P08,P08-20240613-123547,28655,1.0,0.625,0.5185480117797852,real,0.0,0.0,0.5185480117797852,0.0
32,P08,P08-20240613-123547,28655,1.0,0.625,0.5185480117797852,identity,0.0,0.0,0.5185480117797852,0.0
32,P08,P08-20240613-123547,28655,1.0,0.625,0.5185480117797852,gaze_swap,0.023471659049391747,0.02157728374004364,0.517268717288971,-0.001279294490814209
32,P08,P08-20240613-123547,28655,1.0,0.625,0.5185480117797852,gaze_mask,0.03386710211634636,0.04282765090465546,0.5181384086608887,-0.0004096031188964844
32,P08,P08-20240613-123547,28655,1.0,0.625,0.5185480117797852,gaze_zero,0.03634875640273094,0.032826703041791916,0.5176383256912231,-0.0009096860885620117
32,P08,P08-20240613-123547,28655,1.0,0.625,0.5185480117797852,gaze_shuffle_time,0.00946351420134306,0.03333575278520584,0.5184202194213867,-0.0001277923583984375
32,P08,P08-20240613-123547,28655,1.0,0.625,0.5185480117797852,hand_swap,0.011140202172100544,0.012648466974496841,0.519001305103302,0.0004532933235168457
32,P08,P08-20240613-123547,28655,1.0,0.625,0.5185480117797852,hand_mask,0.007681687828153372,0.015185890719294548,0.5186707973480225,0.0001227855682373047
32,P08,P08-20240613-123547,28655,1.0,0.625,0.5185480117797852,hand_shuffle_time,0.013699446804821491,0.010631724260747433,0.5194870233535767,0.0009390115737915039
32,P08,P08-20240613-123547,28655,1.0,0.625,0.5185480117797852,both_mask,0.03359336405992508,0.03759037330746651,0.5181028246879578,-0.0004451870918273926
32,P08,P08-20240613-123547,28655,1.0,0.625,0.5185480117797852,gaze_yaw_1deg,0.0009329779422841966,0.0010050541022792459,0.5185975432395935,4.953145980834961e-05
32,P08,P08-20240613-123547,28655,1.0,0.625,0.5185480117797852,gaze_yaw_2deg,0.001810119254514575,0.0019876162987202406,0.5186412334442139,9.322166442871094e-05
32,P08,P08-20240613-123547,28655,1.0,0.625,0.5185480117797852,gaze_yaw_5deg,0.004526195582002401,0.0050054145976901054,0.5187425017356873,0.0001944899559020996
32,P08,P08-20240613-123547,28655,1.0,0.625,0.5185480117797852,gaze_yaw_10deg,0.008636918850243092,0.010669711977243423,0.5187293887138367,0.00018137693405151367
32,P08,P08-20240613-123547,28655,1.0,0.625,0.5185480117797852,gaze_yaw_20deg,0.021709222346544266,0.021572021767497063,0.518386960029602,-0.00016105175018310547
32,P08,P08-20240613-123547,28655,1.0,0.625,0.5185480117797852,gaze_yaw_45deg,0.06747758388519287,0.05912725627422333,0.5195178389549255,0.0009698271751403809
32,P08,P08-20240613-123547,28655,1.0,0.625,0.5185480117797852,video_swap,0.5485348105430603,0.569831907749176,0.7174712419509888,0.1989232301712036
33,P08,P08-20240613-123547,4483,1.0,1.0,0.6071592569351196,real,0.0,0.0,0.6071592569351196,0.0
33,P08,P08-20240613-123547,4483,1.0,1.0,0.6071592569351196,identity,0.0,0.0,0.6071592569351196,0.0
33,P08,P08-20240613-123547,4483,1.0,1.0,0.6071592569351196,gaze_swap,0.017348026856780052,0.024371804669499397,0.6022511720657349,-0.004908084869384766
33,P08,P08-20240613-123547,4483,1.0,1.0,0.6071592569351196,gaze_mask,0.092959925532341,0.05129581689834595,0.6383016109466553,0.031142354011535645
33,P08,P08-20240613-123547,4483,1.0,1.0,0.6071592569351196,gaze_zero,0.019637269899249077,0.023215316236019135,0.6046972274780273,-0.002462029457092285
33,P08,P08-20240613-123547,4483,1.0,1.0,0.6071592569351196,gaze_shuffle_time,0.005099921952933073,0.0039080060087144375,0.6055026054382324,-0.001656651496887207
33,P08,P08-20240613-123547,4483,1.0,1.0,0.6071592569351196,hand_swap,0.012338556349277496,0.011956870555877686,0.6106581687927246,0.0034989118576049805
33,P08,P08-20240613-123547,4483,1.0,1.0,0.6071592569351196,hand_mask,0.014077034778892994,0.015876181423664093,0.6085205078125,0.001361250877380371
33,P08,P08-20240613-123547,4483,1.0,1.0,0.6071592569351196,hand_shuffle_time,0.0021655221935361624,0.0032718852162361145,0.6065212488174438,-0.0006380081176757812
33,P08,P08-20240613-123547,4483,1.0,1.0,0.6071592569351196,both_mask,0.02745828405022621,0.026089776307344437,0.6073789000511169,0.00021964311599731445
33,P08,P08-20240613-123547,4483,1.0,1.0,0.6071592569351196,gaze_yaw_1deg,0.0013856228906661272,0.0010639552492648363,0.607445240020752,0.0002859830856323242
33,P08,P08-20240613-123547,4483,1.0,1.0,0.6071592569351196,gaze_yaw_2deg,0.003126483643427491,0.002252784324809909,0.607820987701416,0.0006617307662963867
33,P08,P08-20240613-123547,4483,1.0,1.0,0.6071592569351196,gaze_yaw_5deg,0.011172381229698658,0.006782033015042543,0.6097264289855957,0.0025671720504760742
33,P08,P08-20240613-123547,4483,1.0,1.0,0.6071592569351196,gaze_yaw_10deg,0.03742631524801254,0.018500620499253273,0.6176160573959351,0.01045680046081543
33,P08,P08-20240613-123547,4483,1.0,1.0,0.6071592569351196,gaze_yaw_20deg,0.10637001693248749,0.051938991993665695,0.6438440084457397,0.03668475151062012
33,P08,P08-20240613-123547,4483,1.0,1.0,0.6071592569351196,gaze_yaw_45deg,0.08018652349710464,0.060090553015470505,0.6310966610908508,0.0239374041557312
33,P08,P08-20240613-123547,4483,1.0,1.0,0.6071592569351196,video_swap,0.4734134376049042,0.5153317451477051,0.599998414516449,-0.007160842418670654
34,P08,P08-20240613-123547,2812,1.0,1.0,0.5601058006286621,real,0.0,0.0,0.5601058006286621,0.0
34,P08,P08-20240613-123547,2812,1.0,1.0,0.5601058006286621,identity,0.0,0.0,0.5601058006286621,0.0
34,P08,P08-20240613-123547,2812,1.0,1.0,0.5601058006286621,gaze_swap,0.017752664163708687,0.06657879799604416,0.5614035725593567,0.00129777193069458
34,P08,P08-20240613-123547,2812,1.0,1.0,0.5601058006286621,gaze_mask,0.23469047248363495,0.11687391996383667,0.6440199613571167,0.08391416072845459
34,P08,P08-20240613-123547,2812,1.0,1.0,0.5601058006286621,gaze_zero,0.022094611078500748,0.02985038049519062,0.5641955137252808,0.004089713096618652
34,P08,P08-20240613-123547,2812,1.0,1.0,0.5601058006286621,gaze_shuffle_time,0.01391356810927391,0.02650545910000801,0.5635409355163574,0.0034351348876953125
34,P08,P08-20240613-123547,2812,1.0,1.0,0.5601058006286621,hand_swap,0.018106088042259216,0.0205045435577631,0.5569261312484741,-0.0031796693801879883
34,P08,P08-20240613-123547,2812,1.0,1.0,0.5601058006286621,hand_mask,0.018106088042259216,0.0205045435577631,0.5569261312484741,-0.0031796693801879883
34,P08,P08-20240613-123547,2812,1.0,1.0,0.5601058006286621,hand_shuffle_time,0.014481763355433941,0.00881885178387165,0.5633431673049927,0.0032373666763305664
34,P08,P08-20240613-123547,2812,1.0,1.0,0.5601058006286621,both_mask,0.03604719415307045,0.0429486408829689,0.5639733672142029,0.0038675665855407715
34,P08,P08-20240613-123547,2812,1.0,1.0,0.5601058006286621,gaze_yaw_1deg,0.0011032742913812399,0.0013767230557277799,0.5602992177009583,0.00019341707229614258
34,P08,P08-20240613-123547,2812,1.0,1.0,0.5601058006286621,gaze_yaw_2deg,0.0021630432456731796,0.002742830663919449,0.5604841709136963,0.0003783702850341797
34,P08,P08-20240613-123547,2812,1.0,1.0,0.5601058006286621,gaze_yaw_5deg,0.004714805167168379,0.006072966381907463,0.5606837868690491,0.0005779862403869629
34,P08,P08-20240613-123547,2812,1.0,1.0,0.5601058006286621,gaze_yaw_10deg,0.009452274069190025,0.012041195295751095,0.5607191324234009,0.0006133317947387695
34,P08,P08-20240613-123547,2812,1.0,1.0,0.5601058006286621,gaze_yaw_20deg,0.03700266405940056,0.030705126002430916,0.5659400820732117,0.0058342814445495605
34,P08,P08-20240613-123547,2812,1.0,1.0,0.5601058006286621,gaze_yaw_45deg,0.15361809730529785,0.08971953392028809,0.6092606782913208,0.04915487766265869
34,P08,P08-20240613-123547,2812,1.0,1.0,0.5601058006286621,video_swap,0.45457130670547485,0.5151879191398621,0.5789591073989868,0.018853306770324707
35,P08,P08-20240613-123547,1148,1.0,0.0,0.5868048071861267,real,0.0,0.0,0.5868048071861267,0.0
35,P08,P08-20240613-123547,1148,1.0,0.0,0.5868048071861267,identity,0.0,0.0,0.5868048071861267,0.0
35,P08,P08-20240613-123547,1148,1.0,0.0,0.5868048071861267,gaze_swap,0.022349661216139793,0.04993785545229912,0.5866388082504272,-0.0001659989356994629
35,P08,P08-20240613-123547,1148,1.0,0.0,0.5868048071861267,gaze_mask,0.04705648124217987,0.04341338947415352,0.5876426696777344,0.000837862491607666
35,P08,P08-20240613-123547,1148,1.0,0.0,0.5868048071861267,gaze_zero,0.0348874107003212,0.04619244486093521,0.5890614986419678,0.0022566914558410645
35,P08,P08-20240613-123547,1148,1.0,0.0,0.5868048071861267,gaze_shuffle_time,0.02499309554696083,0.042132336646318436,0.5852735638618469,-0.0015312433242797852
35,P08,P08-20240613-123547,1148,1.0,0.0,0.5868048071861267,hand_swap,0.014579148031771183,0.017067812383174896,0.5875547528266907,0.0007499456405639648
35,P08,P08-20240613-123547,1148,1.0,0.0,0.5868048071861267,hand_mask,0.0,0.0,0.5868048071861267,0.0
35,P08,P08-20240613-123547,1148,1.0,0.0,0.5868048071861267,hand_shuffle_time,0.0,0.0,0.5868048071861267,0.0
35,P08,P08-20240613-123547,1148,1.0,0.0,0.5868048071861267,both_mask,0.04705648124217987,0.04341338947415352,0.5876426696777344,0.000837862491607666
35,P08,P08-20240613-123547,1148,1.0,0.0,0.5868048071861267,gaze_yaw_1deg,0.002105103339999914,0.0018303272081539035,0.5867047905921936,-0.00010001659393310547
35,P08,P08-20240613-123547,1148,1.0,0.0,0.5868048071861267,gaze_yaw_2deg,0.004628034774214029,0.0034690091852098703,0.5865098834037781,-0.0002949237823486328
35,P08,P08-20240613-123547,1148,1.0,0.0,0.5868048071861267,gaze_yaw_5deg,0.01325609628111124,0.008367527276277542,0.5858110189437866,-0.0009937882423400879
35,P08,P08-20240613-123547,1148,1.0,0.0,0.5868048071861267,gaze_yaw_10deg,0.020665444433689117,0.013414508663117886,0.585755467414856,-0.001049339771270752
35,P08,P08-20240613-123547,1148,1.0,0.0,0.5868048071861267,gaze_yaw_20deg,0.04647034779191017,0.02548537775874138,0.5878108143806458,0.001006007194519043
35,P08,P08-20240613-123547,1148,1.0,0.0,0.5868048071861267,gaze_yaw_45deg,0.05306117236614227,0.0311758853495121,0.5881205797195435,0.001315772533416748
35,P08,P08-20240613-123547,1148,1.0,0.0,0.5868048071861267,video_swap,0.6884568929672241,0.6712067127227783,0.9187036156654358,0.3318988084793091
36,P08,P08-20240613-123547,3215,1.0,1.0,0.3117122948169708,real,0.0,0.0,0.3117122948169708,0.0
36,P08,P08-20240613-123547,3215,1.0,1.0,0.3117122948169708,identity,0.0,0.0,0.3117122948169708,0.0
36,P08,P08-20240613-123547,3215,1.0,1.0,0.3117122948169708,gaze_swap,0.005529385060071945,0.007157772779464722,0.31092724204063416,-0.0007850527763366699
36,P08,P08-20240613-123547,3215,1.0,1.0,0.3117122948169708,gaze_mask,0.07153568416833878,0.04901720955967903,0.3013574182987213,-0.010354876518249512
36,P08,P08-20240613-123547,3215,1.0,1.0,0.3117122948169708,gaze_zero,0.01753333769738674,0.020311202853918076,0.3114020824432373,-0.0003102123737335205
36,P08,P08-20240613-123547,3215,1.0,1.0,0.3117122948169708,gaze_shuffle_time,0.005914227105677128,0.007704058196395636,0.3124486804008484,0.0007363855838775635
36,P08,P08-20240613-123547,3215,1.0,1.0,0.3117122948169708,hand_swap,0.009311633184552193,0.009553601033985615,0.3132028579711914,0.001490563154220581
36,P08,P08-20240613-123547,3215,1.0,1.0,0.3117122948169708,hand_mask,0.016433632001280785,0.017347052693367004,0.31325674057006836,0.0015444457530975342
36,P08,P08-20240613-123547,3215,1.0,1.0,0.3117122948169708,hand_shuffle_time,0.005900501739233732,0.008748437277972698,0.3122713565826416,0.0005590617656707764
36,P08,P08-20240613-123547,3215,1.0,1.0,0.3117122948169708,both_mask,0.03247900679707527,0.02993897721171379,0.31302309036254883,0.001310795545578003
36,P08,P08-20240613-123547,3215,1.0,1.0,0.3117122948169708,gaze_yaw_1deg,0.0011268543312326074,0.0011390320723876357,0.31185147166252136,0.0001391768455505371
36,P08,P08-20240613-123547,3215,1.0,1.0,0.3117122948169708,gaze_yaw_2deg,0.0022320030257105827,0.002302552340552211,0.31198301911354065,0.0002707242965698242
36,P08,P08-20240613-123547,3215,1.0,1.0,0.3117122948169708,gaze_yaw_5deg,0.005613408517092466,0.005983750801533461,0.3123830556869507,0.0006707608699798584
36,P08,P08-20240613-123547,3215,1.0,1.0,0.3117122948169708,gaze_yaw_10deg,0.012448839843273163,0.012740228325128555,0.31332236528396606,0.0016100704669952393
36,P08,P08-20240613-123547,3215,1.0,1.0,0.3117122948169708,gaze_yaw_20deg,0.03594255447387695,0.031406085938215256,0.30986714363098145,-0.0018451511859893799
36,P08,P08-20240613-123547,3215,1.0,1.0,0.3117122948169708,gaze_yaw_45deg,0.049062471836805344,0.05589805915951729,0.3116483688354492,-6.392598152160645e-05
36,P08,P08-20240613-123547,3215,1.0,1.0,0.3117122948169708,video_swap,0.7067518830299377,0.6759399771690369,0.8003453612327576,0.48863306641578674
37,P08,P08-20240613-123547,17015,1.0,1.0,0.2949768602848053,real,0.0,0.0,0.2949768602848053,0.0
37,P08,P08-20240613-123547,17015,1.0,1.0,0.2949768602848053,identity,0.0,0.0,0.2949768602848053,0.0
37,P08,P08-20240613-123547,17015,1.0,1.0,0.2949768602848053,gaze_swap,0.03242216631770134,0.023585626855492592,0.3033915162086487,0.008414655923843384
37,P08,P08-20240613-123547,17015,1.0,1.0,0.2949768602848053,gaze_mask,0.05775146186351776,0.041539266705513,0.2870377004146576,-0.007939159870147705
37,P08,P08-20240613-123547,17015,1.0,1.0,0.2949768602848053,gaze_zero,0.019655345007777214,0.022891772910952568,0.2954462170600891,0.0004693567752838135
37,P08,P08-20240613-123547,17015,1.0,1.0,0.2949768602848053,gaze_shuffle_time,0.0031024396885186434,0.0026828201953321695,0.2956967353820801,0.0007198750972747803
37,P08,P08-20240613-123547,17015,1.0,1.0,0.2949768602848053,hand_swap,0.006352705880999565,0.0075335935689508915,0.2962174117565155,0.001240551471710205
37,P08,P08-20240613-123547,17015,1.0,1.0,0.2949768602848053,hand_mask,0.015014433301985264,0.016966884955763817,0.2948944866657257,-8.237361907958984e-05
37,P08,P08-20240613-123547,17015,1.0,1.0,0.2949768602848053,hand_shuffle_time,0.00035971213947050273,0.0010178928496316075,0.2949540913105011,-2.276897430419922e-05
37,P08,P08-20240613-123547,17015,1.0,1.0,0.2949768602848053,both_mask,0.032280921936035156,0.02971883863210678,0.2981954514980316,0.0032185912132263184
37,P08,P08-20240613-123547,17015,1.0,1.0,0.2949768602848053,gaze_yaw_1deg,0.0009618233307264745,0.0011681840987876058,0.2950010597705841,2.4199485778808594e-05
37,P08,P08-20240613-123547,17015,1.0,1.0,0.2949768602848053,gaze_yaw_2deg,0.0019750073552131653,0.0024342986289411783,0.29501938819885254,4.252791404724121e-05
37,P08,P08-20240613-123547,17015,1.0,1.0,0.2949768602848053,gaze_yaw_5deg,0.00544965174049139,0.006959520746022463,0.2950262427330017,4.938244819641113e-05
37,P08,P08-20240613-123547,17015,1.0,1.0,0.2949768602848053,gaze_yaw_10deg,0.013481891714036465,0.016274472698569298,0.29489728808403015,-7.957220077514648e-05
37,P08,P08-20240613-123547,17015,1.0,1.0,0.2949768602848053,gaze_yaw_20deg,0.04804535210132599,0.03405650705099106,0.2900584936141968,-0.0049183666706085205
37,P08,P08-20240613-123547,17015,1.0,1.0,0.2949768602848053,gaze_yaw_45deg,0.06198716536164284,0.06089293584227562,0.2926323413848877,-0.0023445188999176025
37,P08,P08-20240613-123547,17015,1.0,1.0,0.2949768602848053,video_swap,0.6305601000785828,0.6029526591300964,0.7200431823730469,0.4250663220882416
38,P08,P08-20240613-123547,26443,1.0,1.0,0.6602912545204163,real,0.0,0.0,0.6602912545204163,0.0
38,P08,P08-20240613-123547,26443,1.0,1.0,0.6602912545204163,identity,0.0,0.0,0.6602912545204163,0.0
38,P08,P08-20240613-123547,26443,1.0,1.0,0.6602912545204163,gaze_swap,0.010807731188833714,0.014675592072308064,0.6623008847236633,0.0020096302032470703
38,P08,P08-20240613-123547,26443,1.0,1.0,0.6602912545204163,gaze_mask,0.09374834597110748,0.04403189942240715,0.6880362629890442,0.02774500846862793
38,P08,P08-20240613-123547,26443,1.0,1.0,0.6602912545204163,gaze_zero,0.0251544751226902,0.01566138304769993,0.6683673858642578,0.008076131343841553
38,P08,P08-20240613-123547,26443,1.0,1.0,0.6602912545204163,gaze_shuffle_time,0.0107608987018466,0.016957098618149757,0.6634116172790527,0.0031203627586364746
38,P08,P08-20240613-123547,26443,1.0,1.0,0.6602912545204163,hand_swap,0.009564468637108803,0.0070074452087283134,0.6575530171394348,-0.0027382373809814453
38,P08,P08-20240613-123547,26443,1.0,1.0,0.6602912545204163,hand_mask,0.012104550376534462,0.015168932266533375,0.6605955362319946,0.00030428171157836914
38,P08,P08-20240613-123547,26443,1.0,1.0,0.6602912545204163,hand_shuffle_time,0.005445541813969612,0.008320036344230175,0.6614021062850952,0.001110851764678955
38,P08,P08-20240613-123547,26443,1.0,1.0,0.6602912545204163,both_mask,0.04140471667051315,0.028105489909648895,0.6683141589164734,0.008022904396057129
38,P08,P08-20240613-123547,26443,1.0,1.0,0.6602912545204163,gaze_yaw_1deg,0.0006856545223854482,0.0016873914282768965,0.6602684259414673,-2.282857894897461e-05
38,P08,P08-20240613-123547,26443,1.0,1.0,0.6602912545204163,gaze_yaw_2deg,0.001387035590596497,0.003366459859535098,0.6602628231048584,-2.8431415557861328e-05
38,P08,P08-20240613-123547,26443,1.0,1.0,0.6602912545204163,gaze_yaw_5deg,0.0037539699114859104,0.008294363506138325,0.6604180335998535,0.00012677907943725586
38,P08,P08-20240613-123547,26443,1.0,1.0,0.6602912545204163,gaze_yaw_10deg,0.00980683695524931,0.01644952967762947,0.6601898074150085,-0.00010144710540771484
38,P08,P08-20240613-123547,26443,1.0,1.0,0.6602912545204163,gaze_yaw_20deg,0.019004756584763527,0.02718409337103367,0.6611211895942688,0.0008299350738525391
38,P08,P08-20240613-123547,26443,1.0,1.0,0.6602912545204163,gaze_yaw_45deg,0.16825544834136963,0.07817534357309341,0.7197304964065552,0.059439241886138916
38,P08,P08-20240613-123547,26443,1.0,1.0,0.6602912545204163,video_swap,0.685049831867218,0.6824411749839783,0.80402672290802,0.14373546838760376
39,P08,P08-20240613-123547,28558,1.0,1.0,0.5691059231758118,real,0.0,0.0,0.5691059231758118,0.0
39,P08,P08-20240613-123547,28558,1.0,1.0,0.5691059231758118,identity,0.0,0.0,0.5691059231758118,0.0
39,P08,P08-20240613-123547,28558,1.0,1.0,0.5691059231758118,gaze_swap,0.010354021564126015,0.00757429888471961,0.5701661705970764,0.0010602474212646484
39,P08,P08-20240613-123547,28558,1.0,1.0,0.5691059231758118,gaze_mask,0.022583574056625366,0.024062270298600197,0.5705241560935974,0.0014182329177856445
39,P08,P08-20240613-123547,28558,1.0,1.0,0.5691059231758118,gaze_zero,0.02682068943977356,0.022818898782134056,0.5727476477622986,0.0036417245864868164
39,P08,P08-20240613-123547,28558,1.0,1.0,0.5691059231758118,gaze_shuffle_time,0.004788222257047892,0.0074075269512832165,0.5685709118843079,-0.0005350112915039062
39,P08,P08-20240613-123547,28558,1.0,1.0,0.5691059231758118,hand_swap,0.015209619887173176,0.009935952723026276,0.570976734161377,0.0018708109855651855
39,P08,P08-20240613-123547,28558,1.0,1.0,0.5691059231758118,hand_mask,0.011180595494806767,0.01689721643924713,0.5694337487220764,0.00032782554626464844
39,P08,P08-20240613-123547,28558,1.0,1.0,0.5691059231758118,hand_shuffle_time,0.007402220740914345,0.005081424489617348,0.5697427988052368,0.0006368756294250488
39,P08,P08-20240613-123547,28558,1.0,1.0,0.5691059231758118,both_mask,0.0245070680975914,0.023304590955376625,0.5695730447769165,0.00046712160110473633
39,P08,P08-20240613-123547,28558,1.0,1.0,0.5691059231758118,gaze_yaw_1deg,0.0005961308488622308,0.0008111987845040858,0.5690354704856873,-7.045269012451172e-05
39,P08,P08-20240613-123547,28558,1.0,1.0,0.5691059231758118,gaze_yaw_2deg,0.0011956737143918872,0.0016346231568604708,0.5689631700515747,-0.00014275312423706055
39,P08,P08-20240613-123547,28558,1.0,1.0,0.5691059231758118,gaze_yaw_5deg,0.0029245817568153143,0.004195594694465399,0.5687705278396606,-0.00033539533615112305
39,P08,P08-20240613-123547,28558,1.0,1.0,0.5691059231758118,gaze_yaw_10deg,0.005195499863475561,0.009069327265024185,0.5687190890312195,-0.00038683414459228516
39,P08,P08-20240613-123547,28558,1.0,1.0,0.5691059231758118,gaze_yaw_20deg,0.011625834740698338,0.023705635219812393,0.5686769485473633,-0.00042897462844848633
39,P08,P08-20240613-123547,28558,1.0,1.0,0.5691059231758118,gaze_yaw_45deg,0.03274523839354515,0.05224397033452988,0.5676189661026001,-0.00148695707321167
39,P08,P08-20240613-123547,28558,1.0,1.0,0.5691059231758118,video_swap,0.5113314390182495,0.5284537672996521,0.7381022572517395,0.16899633407592773
40,P08,P08-20240613-123547,15731,1.0,1.0,0.2963540554046631,real,0.0,0.0,0.2963540554046631,0.0
40,P08,P08-20240613-123547,15731,1.0,1.0,0.2963540554046631,identity,0.0,0.0,0.2963540554046631,0.0
40,P08,P08-20240613-123547,15731,1.0,1.0,0.2963540554046631,gaze_swap,0.044910453259944916,0.017046818509697914,0.30602455139160156,0.009670495986938477
40,P08,P08-20240613-123547,15731,1.0,1.0,0.2963540554046631,gaze_mask,0.10612717270851135,0.05385638773441315,0.2886166274547577,-0.0077374279499053955
40,P08,P08-20240613-123547,15731,1.0,1.0,0.2963540554046631,gaze_zero,0.019923286512494087,0.02682206779718399,0.29706090688705444,0.0007068514823913574
40,P08,P08-20240613-123547,15731,1.0,1.0,0.2963540554046631,gaze_shuffle_time,0.0005725800874643028,0.001670044264756143,0.296336829662323,-1.722574234008789e-05
40,P08,P08-20240613-123547,15731,1.0,1.0,0.2963540554046631,hand_swap,0.00788081344217062,0.010764118283987045,0.2971511483192444,0.0007970929145812988
40,P08,P08-20240613-123547,15731,1.0,1.0,0.2963540554046631,hand_mask,0.015191118232905865,0.01755548268556595,0.29625996947288513,-9.40859317779541e-05
40,P08,P08-20240613-123547,15731,1.0,1.0,0.2963540554046631,hand_shuffle_time,0.0016376519342884421,0.001556963543407619,0.29658985137939453,0.0002357959747314453
40,P08,P08-20240613-123547,15731,1.0,1.0,0.2963540554046631,both_mask,0.03111177496612072,0.028528602793812752,0.29665982723236084,0.0003057718276977539
40,P08,P08-20240613-123547,15731,1.0,1.0,0.2963540554046631,gaze_yaw_1deg,0.0009449796634726226,0.0012872746447101235,0.2963953912258148,4.13358211517334e-05
40,P08,P08-20240613-123547,15731,1.0,1.0,0.2963540554046631,gaze_yaw_2deg,0.001938962610438466,0.00260815373621881,0.296420156955719,6.61015510559082e-05
40,P08,P08-20240613-123547,15731,1.0,1.0,0.2963540554046631,gaze_yaw_5deg,0.005443137604743242,0.006673809140920639,0.29637372493743896,1.9669532775878906e-05
40,P08,P08-20240613-123547,15731,1.0,1.0,0.2963540554046631,gaze_yaw_10deg,0.015432488173246384,0.013694384135305882,0.2955021560192108,-0.0008518993854522705
40,P08,P08-20240613-123547,15731,1.0,1.0,0.2963540554046631,gaze_yaw_20deg,0.10695923119783401,0.04685324802994728,0.28864872455596924,-0.007705330848693848
40,P08,P08-20240613-123547,15731,1.0,1.0,0.2963540554046631,gaze_yaw_45deg,0.10261167585849762,0.061843495815992355,0.2907312214374542,-0.005622833967208862
40,P08,P08-20240613-123547,15731,1.0,1.0,0.2963540554046631,video_swap,0.5782402157783508,0.5038801431655884,0.6393948197364807,0.3430407643318176
41,P08,P08-20240613-123547,8529,1.0,1.0,0.5659387707710266,real,0.0,0.0,0.5659387707710266,0.0
41,P08,P08-20240613-123547,8529,1.0,1.0,0.5659387707710266,identity,0.0,0.0,0.5659387707710266,0.0
41,P08,P08-20240613-123547,8529,1.0,1.0,0.5659387707710266,gaze_swap,0.010277681984007359,0.0065156398341059685,0.5666226148605347,0.0006838440895080566
41,P08,P08-20240613-123547,8529,1.0,1.0,0.5659387707710266,gaze_mask,0.04346565902233124,0.050683338195085526,0.570037841796875,0.004099071025848389
41,P08,P08-20240613-123547,8529,1.0,1.0,0.5659387707710266,gaze_zero,0.019283277913928032,0.024455556645989418,0.5671473741531372,0.0012086033821105957
41,P08,P08-20240613-123547,8529,1.0,1.0,0.5659387707710266,gaze_shuffle_time,0.010559911839663982,0.029663043096661568,0.5664344429969788,0.0004956722259521484
41,P08,P08-20240613-123547,8529,1.0,1.0,0.5659387707710266,hand_swap,0.0060591669753193855,0.012772362679243088,0.566502571105957,0.0005638003349304199
41,P08,P08-20240613-123547,8529,1.0,1.0,0.5659387707710266,hand_mask,0.011705899611115456,0.017307370901107788,0.5654047131538391,-0.0005340576171875
41,P08,P08-20240613-123547,8529,1.0,1.0,0.5659387707710266,hand_shuffle_time,0.004078628495335579,0.0030613259878009558,0.5655627250671387,-0.00037604570388793945
41,P08,P08-20240613-123547,8529,1.0,1.0,0.5659387707710266,both_mask,0.02960030362010002,0.03179231658577919,0.5689261555671692,0.002987384796142578
41,P08,P08-20240613-123547,8529,1.0,1.0,0.5659387707710266,gaze_yaw_1deg,0.0008398551144637167,0.001217459561303258,0.5659391283988953,3.5762786865234375e-07
41,P08,P08-20240613-123547,8529,1.0,1.0,0.5659387707710266,gaze_yaw_2deg,0.001648366334848106,0.002386838896200061,0.5659382343292236,-5.364418029785156e-07
41,P08,P08-20240613-123547,8529,1.0,1.0,0.5659387707710266,gaze_yaw_5deg,0.003897659946233034,0.005676578264683485,0.5659254193305969,-1.33514404296875e-05
41,P08,P08-20240613-123547,8529,1.0,1.0,0.5659387707710266,gaze_yaw_10deg,0.007255181670188904,0.010967102833092213,0.5658674240112305,-7.134675979614258e-05
41,P08,P08-20240613-123547,8529,1.0,1.0,0.5659387707710266,gaze_yaw_20deg,0.021537477150559425,0.030891604721546173,0.566290020942688,0.00035125017166137695
41,P08,P08-20240613-123547,8529,1.0,1.0,0.5659387707710266,gaze_yaw_45deg,0.04008381813764572,0.05723823979496956,0.5679601430892944,0.0020213723182678223
41,P08,P08-20240613-123547,8529,1.0,1.0,0.5659387707710266,video_swap,0.41872653365135193,0.5946056842803955,0.7027052044868469,0.1367664337158203
42,P08,P08-20240613-123547,6251,1.0,1.0,0.40440621972084045,real,0.0,0.0,0.40440621972084045,0.0
42,P08,P08-20240613-123547,6251,1.0,1.0,0.40440621972084045,identity,0.0,0.0,0.40440621972084045,0.0
42,P08,P08-20240613-123547,6251,1.0,1.0,0.40440621972084045,gaze_swap,0.006788402330130339,0.008813759312033653,0.4034387469291687,-0.0009674727916717529
42,P08,P08-20240613-123547,6251,1.0,1.0,0.40440621972084045,gaze_mask,0.06837324053049088,0.048616569489240646,0.39812514185905457,-0.006281077861785889
42,P08,P08-20240613-123547,6251,1.0,1.0,0.40440621972084045,gaze_zero,0.01705639436841011,0.02152477391064167,0.40267589688301086,-0.0017303228378295898
42,P08,P08-20240613-123547,6251,1.0,1.0,0.40440621972084045,gaze_shuffle_time,0.0076334793120622635,0.009372277185320854,0.40327295660972595,-0.001133263111114502
42,P08,P08-20240613-123547,6251,1.0,1.0,0.40440621972084045,hand_swap,0.00340199819765985,0.007206740323454142,0.40408650040626526,-0.0003197193145751953
42,P08,P08-20240613-123547,6251,1.0,1.0,0.40440621972084045,hand_mask,0.013684911653399467,0.020090952515602112,0.40431657433509827,-8.96453857421875e-05
42,P08,P08-20240613-123547,6251,1.0,1.0,0.40440621972084045,hand_shuffle_time,0.0021374712232500315,0.0015906847547739744,0.40411272644996643,-0.00029349327087402344
42,P08,P08-20240613-123547,6251,1.0,1.0,0.40440621972084045,both_mask,0.03003968484699726,0.030534828081727028,0.40543851256370544,0.0010322928428649902
42,P08,P08-20240613-123547,6251,1.0,1.0,0.40440621972084045,gaze_yaw_1deg,0.000873826676979661,0.0010853116400539875,0.40448054671287537,7.432699203491211e-05
42,P08,P08-20240613-123547,6251,1.0,1.0,0.40440621972084045,gaze_yaw_2deg,0.0017211170634254813,0.002169567858800292,0.40454426407814026,0.0001380443572998047
42,P08,P08-20240613-123547,6251,1.0,1.0,0.40440621972084045,gaze_yaw_5deg,0.004237764980643988,0.00551301846280694,0.40467938780784607,0.00027316808700561523
42,P08,P08-20240613-123547,6251,1.0,1.0,0.40440621972084045,gaze_yaw_10deg,0.008942349813878536,0.011471794918179512,0.404736191034317,0.0003299713134765625
42,P08,P08-20240613-123547,6251,1.0,1.0,0.40440621972084045,gaze_yaw_20deg,0.036927610635757446,0.02736753784120083,0.40187525749206543,-0.0025309622287750244
42,P08,P08-20240613-123547,6251,1.0,1.0,0.40440621972084045,gaze_yaw_45deg,0.06856002658605576,0.05473747476935387,0.39952218532562256,-0.0048840343952178955
42,P08,P08-20240613-123547,6251,1.0,1.0,0.40440621972084045,video_swap,0.3402373194694519,0.5661364197731018,0.5448551177978516,0.1404488980770111
43,P08,P08-20240613-123547,18821,1.0,1.0,0.45881393551826477,real,0.0,0.0,0.45881393551826477,0.0
43,P08,P08-20240613-123547,18821,1.0,1.0,0.45881393551826477,identity,0.0,0.0,0.45881393551826477,0.0
43,P08,P08-20240613-123547,18821,1.0,1.0,0.45881393551826477,gaze_swap,0.004682326689362526,0.0075716846622526646,0.45873817801475525,-7.575750350952148e-05
43,P08,P08-20240613-123547,18821,1.0,1.0,0.45881393551826477,gaze_mask,0.08522587269544601,0.04084751009941101,0.4703156054019928,0.011501669883728027
43,P08,P08-20240613-123547,18821,1.0,1.0,0.45881393551826477,gaze_zero,0.017382532358169556,0.015263477340340614,0.45961007475852966,0.0007961392402648926
43,P08,P08-20240613-123547,18821,1.0,1.0,0.45881393551826477,gaze_shuffle_time,0.003409391036257148,0.008708566427230835,0.4588232934474945,9.357929229736328e-06
43,P08,P08-20240613-123547,18821,1.0,1.0,0.45881393551826477,hand_swap,0.005218318197876215,0.004224011674523354,0.45915552973747253,0.00034159421920776367
43,P08,P08-20240613-123547,18821,1.0,1.0,0.45881393551826477,hand_mask,0.014196209609508514,0.013787682168185711,0.45867666602134705,-0.0001372694969177246
43,P08,P08-20240613-123547,18821,1.0,1.0,0.45881393551826477,hand_shuffle_time,0.007119413465261459,0.0050729187205433846,0.45916271209716797,0.00034877657890319824
43,P08,P08-20240613-123547,18821,1.0,1.0,0.45881393551826477,both_mask,0.03266995772719383,0.02528231218457222,0.46078184247016907,0.001967906951904297
43,P08,P08-20240613-123547,18821,1.0,1.0,0.45881393551826477,gaze_yaw_1deg,0.0009445793111808598,0.0013446445809677243,0.4588068425655365,-7.092952728271484e-06
43,P08,P08-20240613-123547,18821,1.0,1.0,0.45881393551826477,gaze_yaw_2deg,0.0019373359391465783,0.002777837449684739,0.4587972164154053,-1.671910285949707e-05
43,P08,P08-20240613-123547,18821,1.0,1.0,0.45881393551826477,gaze_yaw_5deg,0.005247263703495264,0.007645312696695328,0.45877188444137573,-4.2051076889038086e-05
43,P08,P08-20240613-123547,18821,1.0,1.0,0.45881393551826477,gaze_yaw_10deg,0.013734777458012104,0.01684207282960415,0.45913463830947876,0.00032070279121398926
43,P08,P08-20240613-123547,18821,1.0,1.0,0.45881393551826477,gaze_yaw_20deg,0.07526037842035294,0.038996025919914246,0.4675442576408386,0.008730322122573853
43,P08,P08-20240613-123547,18821,1.0,1.0,0.45881393551826477,gaze_yaw_45deg,0.08198279142379761,0.058858711272478104,0.46925094723701477,0.01043701171875
43,P08,P08-20240613-123547,18821,1.0,1.0,0.45881393551826477,video_swap,0.5309370756149292,0.515618085861206,0.6608486771583557,0.20203474164009094
44,P08,P08-20240613-123547,22562,1.0,1.0,0.27489542961120605,real,0.0,0.0,0.27489542961120605,0.0
44,P08,P08-20240613-123547,22562,1.0,1.0,0.27489542961120605,identity,0.0,0.0,0.27489542961120605,0.0
44,P08,P08-20240613-123547,22562,1.0,1.0,0.27489542961120605,gaze_swap,0.04772017151117325,0.05061021447181702,0.2862873077392578,0.011391878128051758
44,P08,P08-20240613-123547,22562,1.0,1.0,0.27489542961120605,gaze_mask,0.035059232264757156,0.034351758658885956,0.27241140604019165,-0.0024840235710144043
44,P08,P08-20240613-123547,22562,1.0,1.0,0.27489542961120605,gaze_zero,0.02593531645834446,0.02693251520395279,0.27699461579322815,0.0020991861820220947
44,P08,P08-20240613-123547,22562,1.0,1.0,0.27489542961120605,gaze_shuffle_time,0.0018202030332759023,0.004041202366352081,0.2749668061733246,7.137656211853027e-05
44,P08,P08-20240613-123547,22562,1.0,1.0,0.27489542961120605,hand_swap,0.019894389435648918,0.027218321338295937,0.2775305509567261,0.0026351213455200195
44,P08,P08-20240613-123547,22562,1.0,1.0,0.27489542961120605,hand_mask,0.015089125372469425,0.016535747796297073,0.2738240957260132,-0.001071333885192871
44,P08,P08-20240613-123547,22562,1.0,1.0,0.27489542961120605,hand_shuffle_time,0.0003756008518394083,0.00029130192706361413,0.2748449742794037,-5.0455331802368164e-05
44,P08,P08-20240613-123547,22562,1.0,1.0,0.27489542961120605,both_mask,0.03141143172979355,0.03097669780254364,0.2769981026649475,0.002102673053741455
44,P08,P08-20240613-123547,22562,1.0,1.0,0.27489542961120605,gaze_yaw_1deg,0.001380543690174818,0.00184568390250206,0.2749079465866089,1.2516975402832031e-05
44,P08,P08-20240613-123547,22562,1.0,1.0,0.27489542961120605,gaze_yaw_2deg,0.0028562822844833136,0.0037433181423693895,0.2749096155166626,1.4185905456542969e-05
44,P08,P08-20240613-123547,22562,1.0,1.0,0.27489542961120605,gaze_yaw_5deg,0.00779850734397769,0.009512781165540218,0.2748861312866211,-9.298324584960938e-06
44,P08,P08-20240613-123547,22562,1.0,1.0,0.27489542961120605,gaze_yaw_10deg,0.016619699075818062,0.018219690769910812,0.27500176429748535,0.00010633468627929688
44,P08,P08-20240613-123547,22562,1.0,1.0,0.27489542961120605,gaze_yaw_20deg,0.03308813273906708,0.038102928549051285,0.27533528208732605,0.0004398524761199951
44,P08,P08-20240613-123547,22562,1.0,1.0,0.27489542961120605,gaze_yaw_45deg,0.04338207095861435,0.06415057927370071,0.27713510394096375,0.0022396743297576904
44,P08,P08-20240613-123547,22562,1.0,1.0,0.27489542961120605,video_swap,0.6504467129707336,0.569463312625885,0.7166398167610168,0.4417443871498108
45,P08,P08-20240613-123547,25909,1.0,0.875,0.5815132260322571,real,0.0,0.0,0.5815132260322571,0.0
45,P08,P08-20240613-123547,25909,1.0,0.875,0.5815132260322571,identity,0.0,0.0,0.5815132260322571,0.0
45,P08,P08-20240613-123547,25909,1.0,0.875,0.5815132260322571,gaze_swap,0.014086278155446053,0.023576965555548668,0.5824373364448547,0.0009241104125976562
45,P08,P08-20240613-123547,25909,1.0,0.875,0.5815132260322571,gaze_mask,0.046660032123327255,0.052062079310417175,0.5872862935066223,0.005773067474365234
45,P08,P08-20240613-123547,25909,1.0,0.875,0.5815132260322571,gaze_zero,0.024849120527505875,0.02881748229265213,0.5851591229438782,0.0036458969116210938
45,P08,P08-20240613-123547,25909,1.0,0.875,0.5815132260322571,gaze_shuffle_time,0.010480375029146671,0.026947898790240288,0.5829763412475586,0.0014631152153015137
45,P08,P08-20240613-123547,25909,1.0,0.875,0.5815132260322571,hand_swap,0.011466768570244312,0.015523920767009258,0.5826959013938904,0.0011826753616333008
45,P08,P08-20240613-123547,25909,1.0,0.875,0.5815132260322571,hand_mask,0.015394484624266624,0.016392357647418976,0.5831611156463623,0.0016478896141052246
45,P08,P08-20240613-123547,25909,1.0,0.875,0.5815132260322571,hand_shuffle_time,0.015145809389650822,0.013307763263583183,0.5835974812507629,0.0020842552185058594
45,P08,P08-20240613-123547,25909,1.0,0.875,0.5815132260322571,both_mask,0.038705974817276,0.039892084896564484,0.5858930349349976,0.0043798089027404785
45,P08,P08-20240613-123547,25909,1.0,0.875,0.5815132260322571,gaze_yaw_1deg,0.0008175052935257554,0.001374442013911903,0.5815993547439575,8.612871170043945e-05
45,P08,P08-20240613-123547,25909,1.0,0.875,0.5815132260322571,gaze_yaw_2deg,0.0015680375508964062,0.0027089794166386127,0.5816770195960999,0.00016379356384277344
45,P08,P08-20240613-123547,25909,1.0,0.875,0.5815132260322571,gaze_yaw_5deg,0.003773705568164587,0.006995965261012316,0.5819356441497803,0.00042241811752319336
45,P08,P08-20240613-123547,25909,1.0,0.875,0.5815132260322571,gaze_yaw_10deg,0.008392385207116604,0.016979387030005455,0.5826750993728638,0.0011618733406066895
45,P08,P08-20240613-123547,25909,1.0,0.875,0.5815132260322571,gaze_yaw_20deg,0.014678386971354485,0.0363030806183815,0.5838351249694824,0.002321898937225342
45,P08,P08-20240613-123547,25909,1.0,0.875,0.5815132260322571,gaze_yaw_45deg,0.0394650436937809,0.04627605527639389,0.5874789953231812,0.005965769290924072
45,P08,P08-20240613-123547,25909,1.0,0.875,0.5815132260322571,video_swap,0.5897293090820312,0.5975579619407654,0.7225369215011597,0.1410236954689026
46,P08,P08-20240613-123547,2419,1.0,1.0,0.3966895043849945,real,0.0,0.0,0.3966895043849945,0.0
46,P08,P08-20240613-123547,2419,1.0,1.0,0.3966895043849945,identity,0.0,0.0,0.3966895043849945,0.0
46,P08,P08-20240613-123547,2419,1.0,1.0,0.3966895043849945,gaze_swap,0.013040686957538128,0.02604992873966694,0.3960054814815521,-0.0006840229034423828
46,P08,P08-20240613-123547,2419,1.0,1.0,0.3966895043849945,gaze_mask,0.08721531927585602,0.046200696378946304,0.38928622007369995,-0.007403284311294556
46,P08,P08-20240613-123547,2419,1.0,1.0,0.3966895043849945,gaze_zero,0.024776780977845192,0.031497031450271606,0.39450758695602417,-0.002181917428970337
46,P08,P08-20240613-123547,2419,1.0,1.0,0.3966895043849945,gaze_shuffle_time,0.006946959067136049,0.02828497439622879,0.39714717864990234,0.0004576742649078369
46,P08,P08-20240613-123547,2419,1.0,1.0,0.3966895043849945,hand_swap,0.0240101907402277,0.023068739101290703,0.4002774655818939,0.003587961196899414
46,P08,P08-20240613-123547,2419,1.0,1.0,0.3966895043849945,hand_mask,0.020211348310112953,0.02061271294951439,0.3983150124549866,0.0016255080699920654
46,P08,P08-20240613-123547,2419,1.0,1.0,0.3966895043849945,hand_shuffle_time,0.007942797616124153,0.018476499244570732,0.39744624495506287,0.0007567405700683594
46,P08,P08-20240613-123547,2419,1.0,1.0,0.3966895043849945,both_mask,0.03944950923323631,0.039617352187633514,0.3936532735824585,-0.0030362308025360107
46,P08,P08-20240613-123547,2419,1.0,1.0,0.3966895043849945,gaze_yaw_1deg,0.0009591734851710498,0.0011695175198838115,0.3967779576778412,8.845329284667969e-05
46,P08,P08-20240613-123547,2419,1.0,1.0,0.3966895043849945,gaze_yaw_2deg,0.0019459883915260434,0.002343961037695408,0.39686429500579834,0.000174790620803833
46,P08,P08-20240613-123547,2419,1.0,1.0,0.3966895043849945,gaze_yaw_5deg,0.005235307849943638,0.0059472015127539635,0.39706656336784363,0.0003770589828491211
46,P08,P08-20240613-123547,2419,1.0,1.0,0.3966895043849945,gaze_yaw_10deg,0.01589818112552166,0.012734491378068924,0.3963797986507416,-0.0003097057342529297
46,P08,P08-20240613-123547,2419,1.0,1.0,0.3966895043849945,gaze_yaw_20deg,0.10029033571481705,0.044753920286893845,0.3882628381252289,-0.008426666259765625
46,P08,P08-20240613-123547,2419,1.0,1.0,0.3966895043849945,gaze_yaw_45deg,0.09362324327230453,0.06570877879858017,0.3896838128566742,-0.0070056915283203125
46,P08,P08-20240613-123547,2419,1.0,1.0,0.3966895043849945,video_swap,0.5573774576187134,0.5001950860023499,0.7057471871376038,0.30905768275260925
47,P08,P08-20240613-123547,25672,1.0,0.875,0.6088104248046875,real,0.0,0.0,0.6088104248046875,0.0
47,P08,P08-20240613-123547,25672,1.0,0.875,0.6088104248046875,identity,0.0,0.0,0.6088104248046875,0.0
47,P08,P08-20240613-123547,25672,1.0,0.875,0.6088104248046875,gaze_swap,0.008205709978938103,0.007704183924943209,0.6073598861694336,-0.0014505386352539062
47,P08,P08-20240613-123547,25672,1.0,0.875,0.6088104248046875,gaze_mask,0.03609761968255043,0.03264406695961952,0.6090723276138306,0.0002619028091430664
47,P08,P08-20240613-123547,25672,1.0,0.875,0.6088104248046875,gaze_zero,0.01634913682937622,0.014742485247552395,0.6094341278076172,0.0006237030029296875
47,P08,P08-20240613-123547,25672,1.0,0.875,0.6088104248046875,gaze_shuffle_time,0.006209495477378368,0.0073057678528130054,0.6100172996520996,0.0012068748474121094
47,P08,P08-20240613-123547,25672,1.0,0.875,0.6088104248046875,hand_swap,0.02136312425136566,0.019548842683434486,0.6112330555915833,0.002422630786895752
47,P08,P08-20240613-123547,25672,1.0,0.875,0.6088104248046875,hand_mask,0.021421058103442192,0.021484538912773132,0.6102495193481445,0.0014390945434570312
47,P08,P08-20240613-123547,25672,1.0,0.875,0.6088104248046875,hand_shuffle_time,0.021585779264569283,0.02166740782558918,0.6107951402664185,0.001984715461730957
47,P08,P08-20240613-123547,25672,1.0,0.875,0.6088104248046875,both_mask,0.03765932843089104,0.028736142441630363,0.6070273518562317,-0.0017830729484558105
47,P08,P08-20240613-123547,25672,1.0,0.875,0.6088104248046875,gaze_yaw_1deg,0.0016077064210548997,0.0017329879337921739,0.6086214184761047,-0.00018900632858276367
47,P08,P08-20240613-123547,25672,1.0,0.875,0.6088104248046875,gaze_yaw_2deg,0.0033082503359764814,0.0034877366852015257,0.6084198951721191,-0.0003905296325683594
47,P08,P08-20240613-123547,25672,1.0,0.875,0.6088104248046875,gaze_yaw_5deg,0.009305383078753948,0.00899922102689743,0.6077002882957458,-0.0011101365089416504
47,P08,P08-20240613-123547,25672,1.0,0.875,0.6088104248046875,gaze_yaw_10deg,0.022052858024835587,0.019594324752688408,0.6063791513442993,-0.0024312734603881836
47,P08,P08-20240613-123547,25672,1.0,0.875,0.6088104248046875,gaze_yaw_20deg,0.0461774580180645,0.03843877092003822,0.6056182384490967,-0.0031921863555908203
47,P08,P08-20240613-123547,25672,1.0,0.875,0.6088104248046875,gaze_yaw_45deg,0.0550227016210556,0.06746169179677963,0.6117621660232544,0.0029517412185668945
47,P08,P08-20240613-123547,25672,1.0,0.875,0.6088104248046875,video_swap,0.6848022937774658,0.6399439573287964,0.8990974426269531,0.2902870178222656
48,P08,P08-20240614-085000,6149,1.0,1.0,0.4597577750682831,real,0.0,0.0,0.4597577750682831,0.0
48,P08,P08-20240614-085000,6149,1.0,1.0,0.4597577750682831,identity,0.0,0.0,0.4597577750682831,0.0
48,P08,P08-20240614-085000,6149,1.0,1.0,0.4597577750682831,gaze_swap,0.00891829002648592,0.013441567309200764,0.4600539803504944,0.0002962052822113037
48,P08,P08-20240614-085000,6149,1.0,1.0,0.4597577750682831,gaze_mask,0.06992948055267334,0.05370130017399788,0.46201539039611816,0.002257615327835083
48,P08,P08-20240614-085000,6149,1.0,1.0,0.4597577750682831,gaze_zero,0.01708533987402916,0.019072581082582474,0.45923909544944763,-0.0005186796188354492
48,P08,P08-20240614-085000,6149,1.0,1.0,0.4597577750682831,gaze_shuffle_time,0.010650910437107086,0.01108139380812645,0.4596090316772461,-0.0001487433910369873
48,P08,P08-20240614-085000,6149,1.0,1.0,0.4597577750682831,hand_swap,0.0038068124558776617,0.007400205358862877,0.46001872420310974,0.00026094913482666016
48,P08,P08-20240614-085000,6149,1.0,1.0,0.4597577750682831,hand_mask,0.014980440959334373,0.018614841625094414,0.46029335260391235,0.0005355775356292725
48,P08,P08-20240614-085000,6149,1.0,1.0,0.4597577750682831,hand_shuffle_time,0.004023032262921333,0.003366885706782341,0.4600682258605957,0.00031045079231262207
48,P08,P08-20240614-085000,6149,1.0,1.0,0.4597577750682831,both_mask,0.02966275066137314,0.030889572575688362,0.4605449140071869,0.0007871389389038086
48,P08,P08-20240614-085000,6149,1.0,1.0,0.4597577750682831,gaze_yaw_1deg,0.001923133502714336,0.0013140970841050148,0.45978304743766785,2.5272369384765625e-05
48,P08,P08-20240614-085000,6149,1.0,1.0,0.4597577750682831,gaze_yaw_2deg,0.003948119003325701,0.002724285004660487,0.4598216414451599,6.386637687683105e-05
48,P08,P08-20240614-085000,6149,1.0,1.0,0.4597577750682831,gaze_yaw_5deg,0.010121096856892109,0.007493079174309969,0.46001651883125305,0.0002587437629699707
48,P08,P08-20240614-085000,6149,1.0,1.0,0.4597577750682831,gaze_yaw_10deg,0.01825491338968277,0.015794502571225166,0.46038389205932617,0.0006261169910430908
48,P08,P08-20240614-085000,6149,1.0,1.0,0.4597577750682831,gaze_yaw_20deg,0.027698954567313194,0.028490370139479637,0.45958754420280457,-0.00017023086547851562
48,P08,P08-20240614-085000,6149,1.0,1.0,0.4597577750682831,gaze_yaw_45deg,0.0472886823117733,0.05844256281852722,0.4612979292869568,0.001540154218673706
48,P08,P08-20240614-085000,6149,1.0,1.0,0.4597577750682831,video_swap,0.6825911402702332,0.6645393371582031,0.835236668586731,0.3754788935184479
49,P08,P08-20240614-085000,12514,1.0,1.0,0.5422487854957581,real,0.0,0.0,0.5422487854957581,0.0
49,P08,P08-20240614-085000,12514,1.0,1.0,0.5422487854957581,identity,0.0,0.0,0.5422487854957581,0.0
49,P08,P08-20240614-085000,12514,1.0,1.0,0.5422487854957581,gaze_swap,0.022016357630491257,0.04924074560403824,0.5426492094993591,0.0004004240036010742
49,P08,P08-20240614-085000,12514,1.0,1.0,0.5422487854957581,gaze_mask,0.13558050990104675,0.08174694329500198,0.5656431317329407,0.023394346237182617
49,P08,P08-20240614-085000,12514,1.0,1.0,0.5422487854957581,gaze_zero,0.01997332088649273,0.021473465487360954,0.5445959568023682,0.0023471713066101074
49,P08,P08-20240614-085000,12514,1.0,1.0,0.5422487854957581,gaze_shuffle_time,0.010906131006777287,0.0180442463606596,0.5410624742507935,-0.0011863112449645996
49,P08,P08-20240614-085000,12514,1.0,1.0,0.5422487854957581,hand_swap,0.005913319531828165,0.008242637850344181,0.5414539575576782,-0.000794827938079834
49,P08,P08-20240614-085000,12514,1.0,1.0,0.5422487854957581,hand_mask,0.014373086392879486,0.016806088387966156,0.5413230061531067,-0.0009257793426513672
49,P08,P08-20240614-085000,12514,1.0,1.0,0.5422487854957581,hand_shuffle_time,0.002948985667899251,0.0036969855427742004,0.5425982475280762,0.00034946203231811523
49,P08,P08-20240614-085000,12514,1.0,1.0,0.5422487854957581,both_mask,0.03464387357234955,0.035955142229795456,0.5433036684989929,0.0010548830032348633
49,P08,P08-20240614-085000,12514,1.0,1.0,0.5422487854957581,gaze_yaw_1deg,0.0011120429262518883,0.001476152683608234,0.5422744750976562,2.568960189819336e-05
49,P08,P08-20240614-085000,12514,1.0,1.0,0.5422487854957581,gaze_yaw_2deg,0.002150000771507621,0.0027892421931028366,0.5423078536987305,5.906820297241211e-05
49,P08,P08-20240614-085000,12514,1.0,1.0,0.5422487854957581,gaze_yaw_5deg,0.005171756260097027,0.006167486775666475,0.5424867272377014,0.00023794174194335938
49,P08,P08-20240614-085000,12514,1.0,1.0,0.5422487854957581,gaze_yaw_10deg,0.00858884584158659,0.011303453706204891,0.542521595954895,0.0002728104591369629
49,P08,P08-20240614-085000,12514,1.0,1.0,0.5422487854957581,gaze_yaw_20deg,0.01875203102827072,0.024067681282758713,0.5429442524909973,0.0006954669952392578
49,P08,P08-20240614-085000,12514,1.0,1.0,0.5422487854957581,gaze_yaw_45deg,0.10260552912950516,0.06656379252672195,0.5569486021995544,0.014699816703796387
49,P08,P08-20240614-085000,12514,1.0,1.0,0.5422487854957581,video_swap,0.6018888354301453,0.569633960723877,0.7759387493133545,0.23368996381759644
50,P08,P08-20240614-085000,4204,1.0,1.0,0.39680153131484985,real,0.0,0.0,0.39680153131484985,0.0
50,P08,P08-20240614-085000,4204,1.0,1.0,0.39680153131484985,identity,0.0,0.0,0.39680153131484985,0.0
50,P08,P08-20240614-085000,4204,1.0,1.0,0.39680153131484985,gaze_swap,0.020308418199419975,0.043912164866924286,0.3952551782131195,-0.0015463531017303467
50,P08,P08-20240614-085000,4204,1.0,1.0,0.39680153131484985,gaze_mask,0.051003698259592056,0.04570971056818962,0.39243778586387634,-0.004363745450973511
50,P08,P08-20240614-085000,4204,1.0,1.0,0.39680153131484985,gaze_zero,0.026866139844059944,0.043857499957084656,0.39467716217041016,-0.0021243691444396973
50,P08,P08-20240614-085000,4204,1.0,1.0,0.39680153131484985,gaze_shuffle_time,0.03701436519622803,0.04775303229689598,0.40579861402511597,0.008997082710266113
50,P08,P08-20240614-085000,4204,1.0,1.0,0.39680153131484985,hand_swap,0.00989752821624279,0.007835432887077332,0.39787396788597107,0.0010724365711212158
50,P08,P08-20240614-085000,4204,1.0,1.0,0.39680153131484985,hand_mask,0.015153473243117332,0.019196640700101852,0.3980313241481781,0.001229792833328247
50,P08,P08-20240614-085000,4204,1.0,1.0,0.39680153131484985,hand_shuffle_time,0.003473561955615878,0.004414489027112722,0.3968091607093811,7.62939453125e-06
50,P08,P08-20240614-085000,4204,1.0,1.0,0.39680153131484985,both_mask,0.037454381585121155,0.043294694274663925,0.39764681458473206,0.0008452832698822021
50,P08,P08-20240614-085000,4204,1.0,1.0,0.39680153131484985,gaze_yaw_1deg,0.0009599578916095197,0.0009579763282090425,0.39667248725891113,-0.0001290440559387207
50,P08,P08-20240614-085000,4204,1.0,1.0,0.39680153131484985,gaze_yaw_2deg,0.0017269352683797479,0.0018661142094060779,0.3965971767902374,-0.00020435452461242676
50,P08,P08-20240614-085000,4204,1.0,1.0,0.39680153131484985,gaze_yaw_5deg,0.0035459701903164387,0.00437281234189868,0.3965612053871155,-0.000240325927734375
50,P08,P08-20240614-085000,4204,1.0,1.0,0.39680153131484985,gaze_yaw_10deg,0.008806592784821987,0.008395478129386902,0.3964403569698334,-0.0003611743450164795
50,P08,P08-20240614-085000,4204,1.0,1.0,0.39680153131484985,gaze_yaw_20deg,0.0395655483007431,0.019917162135243416,0.394497275352478,-0.002304255962371826
50,P08,P08-20240614-085000,4204,1.0,1.0,0.39680153131484985,gaze_yaw_45deg,0.05247966945171356,0.02918137051165104,0.39348143339157104,-0.0033200979232788086
50,P08,P08-20240614-085000,4204,1.0,1.0,0.39680153131484985,video_swap,0.5949660539627075,0.5548899173736572,0.7433414459228516,0.3465399146080017
51,P08,P08-20240614-085000,10501,1.0,1.0,0.4162488877773285,real,0.0,0.0,0.4162488877773285,0.0
51,P08,P08-20240614-085000,10501,1.0,1.0,0.4162488877773285,identity,0.0,0.0,0.4162488877773285,0.0
51,P08,P08-20240614-085000,10501,1.0,1.0,0.4162488877773285,gaze_swap,0.006619719322770834,0.007439660839736462,0.41679587960243225,0.0005469918251037598
51,P08,P08-20240614-085000,10501,1.0,1.0,0.4162488877773285,gaze_mask,0.05437259003520012,0.042059991508722305,0.41321754455566406,-0.0030313432216644287
51,P08,P08-20240614-085000,10501,1.0,1.0,0.4162488877773285,gaze_zero,0.020145324990153313,0.02068539336323738,0.4173344075679779,0.001085519790649414
51,P08,P08-20240614-085000,10501,1.0,1.0,0.4162488877773285,gaze_shuffle_time,0.006846749689429998,0.006371493451297283,0.41697898507118225,0.0007300972938537598
51,P08,P08-20240614-085000,10501,1.0,1.0,0.4162488877773285,hand_swap,0.01764490082859993,0.0136226462200284,0.4142588973045349,-0.001989990472793579
51,P08,P08-20240614-085000,10501,1.0,1.0,0.4162488877773285,hand_mask,0.01871609315276146,0.016916092485189438,0.41495880484580994,-0.0012900829315185547
51,P08,P08-20240614-085000,10501,1.0,1.0,0.4162488877773285,hand_shuffle_time,0.010371604934334755,0.006447804160416126,0.41498783230781555,-0.0012610554695129395
51,P08,P08-20240614-085000,10501,1.0,1.0,0.4162488877773285,both_mask,0.034830089658498764,0.029331661760807037,0.4145539104938507,-0.0016949772834777832
51,P08,P08-20240614-085000,10501,1.0,1.0,0.4162488877773285,gaze_yaw_1deg,0.0009484701440669596,0.0010341721354052424,0.41623273491859436,-1.615285873413086e-05
51,P08,P08-20240614-085000,10501,1.0,1.0,0.4162488877773285,gaze_yaw_2deg,0.0018302802927792072,0.002035784535109997,0.41622674465179443,-2.2143125534057617e-05
51,P08,P08-20240614-085000,10501,1.0,1.0,0.4162488877773285,gaze_yaw_5deg,0.004265424329787493,0.0051258280873298645,0.416190505027771,-5.838274955749512e-05
51,P08,P08-20240614-085000,10501,1.0,1.0,0.4162488877773285,gaze_yaw_10deg,0.007551330607384443,0.009743936359882355,0.41629281640052795,4.392862319946289e-05
51,P08,P08-20240614-085000,10501,1.0,1.0,0.4162488877773285,gaze_yaw_20deg,0.021238533779978752,0.021017413586378098,0.4164002239704132,0.0001513361930847168
51,P08,P08-20240614-085000,10501,1.0,1.0,0.4162488877773285,gaze_yaw_45deg,0.0889199748635292,0.06147303432226181,0.4130137264728546,-0.003235161304473877
51,P08,P08-20240614-085000,10501,1.0,1.0,0.4162488877773285,video_swap,0.4943368136882782,0.5219920873641968,0.6377229690551758,0.2214740812778473
52,P08,P08-20240614-085000,23611,1.0,1.0,0.5416405200958252,real,0.0,0.0,0.5416405200958252,0.0
52,P08,P08-20240614-085000,23611,1.0,1.0,0.5416405200958252,identity,0.0,0.0,0.5416405200958252,0.0
52,P08,P08-20240614-085000,23611,1.0,1.0,0.5416405200958252,gaze_swap,0.009417742490768433,0.01114725787192583,0.5412677526473999,-0.00037276744842529297
52,P08,P08-20240614-085000,23611,1.0,1.0,0.5416405200958252,gaze_mask,0.10483487695455551,0.05632806196808815,0.5612253546714783,0.019584834575653076
52,P08,P08-20240614-085000,23611,1.0,1.0,0.5416405200958252,gaze_zero,0.019890187308192253,0.02220129407942295,0.5432463884353638,0.0016058683395385742
52,P08,P08-20240614-085000,23611,1.0,1.0,0.5416405200958252,gaze_shuffle_time,0.0019455313449725509,0.0037345814052969217,0.5415969491004944,-4.357099533081055e-05
52,P08,P08-20240614-085000,23611,1.0,1.0,0.5416405200958252,hand_swap,0.01235275063663721,0.015176426619291306,0.54179847240448,0.00015795230865478516
52,P08,P08-20240614-085000,23611,1.0,1.0,0.5416405200958252,hand_mask,0.01584649831056595,0.016682438552379608,0.5409836769104004,-0.0006568431854248047
52,P08,P08-20240614-085000,23611,1.0,1.0,0.5416405200958252,hand_shuffle_time,0.007063040044158697,0.012766222469508648,0.5411317944526672,-0.000508725643157959
52,P08,P08-20240614-085000,23611,1.0,1.0,0.5416405200958252,both_mask,0.042549047619104385,0.031892161816358566,0.5407422184944153,-0.0008983016014099121
52,P08,P08-20240614-085000,23611,1.0,1.0,0.5416405200958252,gaze_yaw_1deg,0.001033897278830409,0.0011897189542651176,0.5417136549949646,7.31348991394043e-05
52,P08,P08-20240614-085000,23611,1.0,1.0,0.5416405200958252,gaze_yaw_2deg,0.0018885514000430703,0.0022943473886698484,0.5417585968971252,0.00011807680130004883
52,P08,P08-20240614-085000,23611,1.0,1.0,0.5416405200958252,gaze_yaw_5deg,0.0043479143641889095,0.005363891366869211,0.5418543815612793,0.00021386146545410156
52,P08,P08-20240614-085000,23611,1.0,1.0,0.5416405200958252,gaze_yaw_10deg,0.00873671006411314,0.010103818029165268,0.5420428514480591,0.0004023313522338867
52,P08,P08-20240614-085000,23611,1.0,1.0,0.5416405200958252,gaze_yaw_20deg,0.026203317567706108,0.02075442299246788,0.5428328514099121,0.001192331314086914
52,P08,P08-20240614-085000,23611,1.0,1.0,0.5416405200958252,gaze_yaw_45deg,0.07248009741306305,0.05760354921221733,0.550829291343689,0.00918877124786377
52,P08,P08-20240614-085000,23611,1.0,1.0,0.5416405200958252,video_swap,0.6611553430557251,0.6243196725845337,0.814226508140564,0.27258598804473877
53,P08,P08-20240614-085000,10323,1.0,0.875,0.47777843475341797,real,0.0,0.0,0.47777843475341797,0.0
53,P08,P08-20240614-085000,10323,1.0,0.875,0.47777843475341797,identity,0.0,0.0,0.47777843475341797,0.0
53,P08,P08-20240614-085000,10323,1.0,0.875,0.47777843475341797,gaze_swap,0.007577586453408003,0.01877650059759617,0.47714564204216003,-0.0006327927112579346
53,P08,P08-20240614-085000,10323,1.0,0.875,0.47777843475341797,gaze_mask,0.03898658975958824,0.028746893629431725,0.4774463474750519,-0.00033208727836608887
53,P08,P08-20240614-085000,10323,1.0,0.875,0.47777843475341797,gaze_zero,0.023255500942468643,0.018628444522619247,0.4783567786216736,0.0005783438682556152
53,P08,P08-20240614-085000,10323,1.0,0.875,0.47777843475341797,gaze_shuffle_time,0.007410954684019089,0.008098105899989605,0.4783329963684082,0.0005545616149902344
53,P08,P08-20240614-085000,10323,1.0,0.875,0.47777843475341797,hand_swap,0.01124216802418232,0.010469834320247173,0.47738319635391235,-0.00039523839950561523
53,P08,P08-20240614-085000,10323,1.0,0.875,0.47777843475341797,hand_mask,0.010009138844907284,0.015080577693879604,0.4775625765323639,-0.00021585822105407715
53,P08,P08-20240614-085000,10323,1.0,0.875,0.47777843475341797,hand_shuffle_time,0.010968790389597416,0.011340568773448467,0.4774712324142456,-0.0003072023391723633
53,P08,P08-20240614-085000,10323,1.0,0.875,0.47777843475341797,both_mask,0.041134193539619446,0.028785763308405876,0.4772973954677582,-0.00048103928565979004
53,P08,P08-20240614-085000,10323,1.0,0.875,0.47777843475341797,gaze_yaw_1deg,0.0010870052501559258,0.0012629585107788444,0.47774940729141235,-2.9027462005615234e-05
53,P08,P08-20240614-085000,10323,1.0,0.875,0.47777843475341797,gaze_yaw_2deg,0.002220066264271736,0.002596529433503747,0.47772884368896484,-4.9591064453125e-05
53,P08,P08-20240614-085000,10323,1.0,0.875,0.47777843475341797,gaze_yaw_5deg,0.004839747678488493,0.00640534283593297,0.4777154326438904,-6.300210952758789e-05
53,P08,P08-20240614-085000,10323,1.0,0.875,0.47777843475341797,gaze_yaw_10deg,0.007993246428668499,0.011423718184232712,0.4776877760887146,-9.065866470336914e-05
53,P08,P08-20240614-085000,10323,1.0,0.875,0.47777843475341797,gaze_yaw_20deg,0.015954451635479927,0.020891373977065086,0.476813942193985,-0.0009644925594329834
53,P08,P08-20240614-085000,10323,1.0,0.875,0.47777843475341797,gaze_yaw_45deg,0.04553584009408951,0.048412807285785675,0.4778750240802765,9.658932685852051e-05
53,P08,P08-20240614-085000,10323,1.0,0.875,0.47777843475341797,video_swap,0.6014559268951416,0.5869684219360352,0.7338324785232544,0.2560540437698364
54,P08,P08-20240614-085000,11788,1.0,1.0,0.3907437026500702,real,0.0,0.0,0.3907437026500702,0.0
54,P08,P08-20240614-085000,11788,1.0,1.0,0.3907437026500702,identity,0.0,0.0,0.3907437026500702,0.0
54,P08,P08-20240614-085000,11788,1.0,1.0,0.3907437026500702,gaze_swap,0.010922870598733425,0.01503713522106409,0.3877774775028229,-0.0029662251472473145
54,P08,P08-20240614-085000,11788,1.0,1.0,0.3907437026500702,gaze_mask,0.16962546110153198,0.06964363902807236,0.36066094040870667,-0.030082762241363525
54,P08,P08-20240614-085000,11788,1.0,1.0,0.3907437026500702,gaze_zero,0.018681129440665245,0.02410360425710678,0.3868609368801117,-0.003882765769958496
54,P08,P08-20240614-085000,11788,1.0,1.0,0.3907437026500702,gaze_shuffle_time,0.008299695327877998,0.01869025081396103,0.392487496137619,0.0017437934875488281
54,P08,P08-20240614-085000,11788,1.0,1.0,0.3907437026500702,hand_swap,0.004674968775361776,0.004338509868830442,0.3919626772403717,0.0012189745903015137
54,P08,P08-20240614-085000,11788,1.0,1.0,0.3907437026500702,hand_mask,0.01646442338824272,0.01703491434454918,0.39360037446022034,0.0028566718101501465
54,P08,P08-20240614-085000,11788,1.0,1.0,0.3907437026500702,hand_shuffle_time,0.00902379211038351,0.005670537240803242,0.39358988404273987,0.0028461813926696777
54,P08,P08-20240614-085000,11788,1.0,1.0,0.3907437026500702,both_mask,0.03257204219698906,0.029188651591539383,0.39024657011032104,-0.0004971325397491455
54,P08,P08-20240614-085000,11788,1.0,1.0,0.3907437026500702,gaze_yaw_1deg,0.0012801169650629163,0.001643811701796949,0.3904478847980499,-0.00029581785202026367
54,P08,P08-20240614-085000,11788,1.0,1.0,0.3907437026500702,gaze_yaw_2deg,0.0026638784911483526,0.0031811618246138096,0.3901226818561554,-0.0006210207939147949
54,P08,P08-20240614-085000,11788,1.0,1.0,0.3907437026500702,gaze_yaw_5deg,0.006010549608618021,0.006581997498869896,0.3894089162349701,-0.0013347864151000977
54,P08,P08-20240614-085000,11788,1.0,1.0,0.3907437026500702,gaze_yaw_10deg,0.01004311814904213,0.010824861004948616,0.38917672634124756,-0.0015669763088226318
54,P08,P08-20240614-085000,11788,1.0,1.0,0.3907437026500702,gaze_yaw_20deg,0.02413484826683998,0.021826190873980522,0.38758793473243713,-0.0031557679176330566
54,P08,P08-20240614-085000,11788,1.0,1.0,0.3907437026500702,gaze_yaw_45deg,0.12100481241941452,0.06969273090362549,0.36680734157562256,-0.023936361074447632
54,P08,P08-20240614-085000,11788,1.0,1.0,0.3907437026500702,video_swap,0.5625229477882385,0.49626362323760986,0.7333696484565735,0.3426259458065033
55,P08,P08-20240614-085000,25998,1.0,1.0,0.40985438227653503,real,0.0,0.0,0.40985438227653503,0.0
55,P08,P08-20240614-085000,25998,1.0,1.0,0.40985438227653503,identity,0.0,0.0,0.40985438227653503,0.0
55,P08,P08-20240614-085000,25998,1.0,1.0,0.40985438227653503,gaze_swap,0.016199905425310135,0.03747480362653732,0.4097779095172882,-7.647275924682617e-05
55,P08,P08-20240614-085000,25998,1.0,1.0,0.40985438227653503,gaze_mask,0.1172674149274826,0.053341593593358994,0.41555097699165344,0.005696594715118408
55,P08,P08-20240614-085000,25998,1.0,1.0,0.40985438227653503,gaze_zero,0.01728074997663498,0.018597427755594254,0.41109728813171387,0.001242905855178833
55,P08,P08-20240614-085000,25998,1.0,1.0,0.40985438227653503,gaze_shuffle_time,0.006084790453314781,0.00456945039331913,0.41003331542015076,0.00017893314361572266
55,P08,P08-20240614-085000,25998,1.0,1.0,0.40985438227653503,hand_swap,0.007284750230610371,0.01357000321149826,0.40967434644699097,-0.00018003582954406738
55,P08,P08-20240614-085000,25998,1.0,1.0,0.40985438227653503,hand_mask,0.015449365600943565,0.01664797216653824,0.4094265401363373,-0.0004278421401977539
55,P08,P08-20240614-085000,25998,1.0,1.0,0.40985438227653503,hand_shuffle_time,0.0009971677791327238,0.002036819001659751,0.4099445343017578,9.015202522277832e-05
55,P08,P08-20240614-085000,25998,1.0,1.0,0.40985438227653503,both_mask,0.032519858330488205,0.02882447838783264,0.40997064113616943,0.00011625885963439941
55,P08,P08-20240614-085000,25998,1.0,1.0,0.40985438227653503,gaze_yaw_1deg,0.0009221195359714329,0.001123354653827846,0.40984123945236206,-1.3142824172973633e-05
55,P08,P08-20240614-085000,25998,1.0,1.0,0.40985438227653503,gaze_yaw_2deg,0.001872022170573473,0.002350336406379938,0.4098220467567444,-3.2335519790649414e-05
55,P08,P08-20240614-085000,25998,1.0,1.0,0.40985438227653503,gaze_yaw_5deg,0.004974433686584234,0.006716790609061718,0.4097394347190857,-0.00011494755744934082
55,P08,P08-20240614-085000,25998,1.0,1.0,0.40985438227653503,gaze_yaw_10deg,0.011741133406758308,0.015474257059395313,0.4097115993499756,-0.00014278292655944824
55,P08,P08-20240614-085000,25998,1.0,1.0,0.40985438227653503,gaze_yaw_20deg,0.07765116542577744,0.03980785608291626,0.4095766544342041,-0.0002777278423309326
55,P08,P08-20240614-085000,25998,1.0,1.0,0.40985438227653503,gaze_yaw_45deg,0.09634235501289368,0.06246517226099968,0.41164079308509827,0.0017864108085632324
55,P08,P08-20240614-085000,25998,1.0,1.0,0.40985438227653503,video_swap,0.6616496443748474,0.5734430551528931,0.7669056057929993,0.35705122351646423
56,P08,P08-20240614-085000,9979,1.0,0.75,0.4582615792751312,real,0.0,0.0,0.4582615792751312,0.0
56,P08,P08-20240614-085000,9979,1.0,0.75,0.4582615792751312,identity,0.0,0.0,0.4582615792751312,0.0
56,P08,P08-20240614-085000,9979,1.0,0.75,0.4582615792751312,gaze_swap,0.012164903804659843,0.042197804898023605,0.4574957489967346,-0.0007658302783966064
56,P08,P08-20240614-085000,9979,1.0,0.75,0.4582615792751312,gaze_mask,0.022028127685189247,0.037306006997823715,0.45695871114730835,-0.001302868127822876
56,P08,P08-20240614-085000,9979,1.0,0.75,0.4582615792751312,gaze_zero,0.018417933955788612,0.04133956879377365,0.4576074481010437,-0.0006541311740875244
56,P08,P08-20240614-085000,9979,1.0,0.75,0.4582615792751312,gaze_shuffle_time,0.009343122132122517,0.04548849165439606,0.45816653966903687,-9.503960609436035e-05
56,P08,P08-20240614-085000,9979,1.0,0.75,0.4582615792751312,hand_swap,0.00913173146545887,0.010820193216204643,0.4575083255767822,-0.000753253698348999
56,P08,P08-20240614-085000,9979,1.0,0.75,0.4582615792751312,hand_mask,0.01398689579218626,0.012562181800603867,0.45790842175483704,-0.00035315752029418945
56,P08,P08-20240614-085000,9979,1.0,0.75,0.4582615792751312,hand_shuffle_time,0.0102610494941473,0.012452282011508942,0.4571584463119507,-0.001103132963180542
56,P08,P08-20240614-085000,9979,1.0,0.75,0.4582615792751312,both_mask,0.02857986092567444,0.03791648522019386,0.45702072978019714,-0.001240849494934082
56,P08,P08-20240614-085000,9979,1.0,0.75,0.4582615792751312,gaze_yaw_1deg,0.001242123544216156,0.0008550466154702008,0.45830515027046204,4.357099533081055e-05
56,P08,P08-20240614-085000,9979,1.0,0.75,0.4582615792751312,gaze_yaw_2deg,0.0025029846001416445,0.0016763912281021476,0.45835503935813904,9.34600830078125e-05
56,P08,P08-20240614-085000,9979,1.0,0.75,0.4582615792751312,gaze_yaw_5deg,0.005863966420292854,0.004017013590782881,0.4585375487804413,0.0002759695053100586
56,P08,P08-20240614-085000,9979,1.0,0.75,0.4582615792751312,gaze_yaw_10deg,0.009137949906289577,0.007384030148386955,0.4588683843612671,0.0006068050861358643
56,P08,P08-20240614-085000,9979,1.0,0.75,0.4582615792751312,gaze_yaw_20deg,0.013818416744470596,0.013149529695510864,0.4594658613204956,0.0012042820453643799
56,P08,P08-20240614-085000,9979,1.0,0.75,0.4582615792751312,gaze_yaw_45deg,0.03260178491473198,0.03184651583433151,0.46028995513916016,0.0020283758640289307
56,P08,P08-20240614-085000,9979,1.0,0.75,0.4582615792751312,video_swap,0.3835344910621643,0.3998173773288727,0.5662227869033813,0.10796120762825012
57,P08,P08-20240614-085000,23120,1.0,1.0,0.4073277413845062,real,0.0,0.0,0.4073277413845062,0.0
57,P08,P08-20240614-085000,23120,1.0,1.0,0.4073277413845062,identity,0.0,0.0,0.4073277413845062,0.0
57,P08,P08-20240614-085000,23120,1.0,1.0,0.4073277413845062,gaze_swap,0.02180355042219162,0.04710158333182335,0.4113292098045349,0.0040014684200286865
57,P08,P08-20240614-085000,23120,1.0,1.0,0.4073277413845062,gaze_mask,0.07475356012582779,0.05389673262834549,0.39548224210739136,-0.011845499277114868
57,P08,P08-20240614-085000,23120,1.0,1.0,0.4073277413845062,gaze_zero,0.022727755829691887,0.021301770582795143,0.40468692779541016,-0.0026408135890960693
57,P08,P08-20240614-085000,23120,1.0,1.0,0.4073277413845062,gaze_shuffle_time,0.008131726644933224,0.008131057024002075,0.40554386377334595,-0.0017838776111602783
57,P08,P08-20240614-085000,23120,1.0,1.0,0.4073277413845062,hand_swap,0.009935911744832993,0.013301421888172626,0.4065358638763428,-0.0007918775081634521
57,P08,P08-20240614-085000,23120,1.0,1.0,0.4073277413845062,hand_mask,0.016264300793409348,0.01859183795750141,0.4067767858505249,-0.0005509555339813232
57,P08,P08-20240614-085000,23120,1.0,1.0,0.4073277413845062,hand_shuffle_time,0.003911372274160385,0.0037957087624818087,0.4083613455295563,0.0010336041450500488
57,P08,P08-20240614-085000,23120,1.0,1.0,0.4073277413845062,both_mask,0.042177800089120865,0.033623721450567245,0.4143322706222534,0.007004529237747192
57,P08,P08-20240614-085000,23120,1.0,1.0,0.4073277413845062,gaze_yaw_1deg,0.0008391378214582801,0.0011158993002027273,0.40737301111221313,4.526972770690918e-05
57,P08,P08-20240614-085000,23120,1.0,1.0,0.4073277413845062,gaze_yaw_2deg,0.0016977074556052685,0.0022483195643872023,0.40741148591041565,8.374452590942383e-05
57,P08,P08-20240614-085000,23120,1.0,1.0,0.4073277413845062,gaze_yaw_5deg,0.004478955641388893,0.005846012383699417,0.40748414397239685,0.000156402587890625
57,P08,P08-20240614-085000,23120,1.0,1.0,0.4073277413845062,gaze_yaw_10deg,0.010914148762822151,0.012672072276473045,0.40721622109413147,-0.00011152029037475586
57,P08,P08-20240614-085000,23120,1.0,1.0,0.4073277413845062,gaze_yaw_20deg,0.04139687120914459,0.03383556380867958,0.40505263209342957,-0.00227510929107666
57,P08,P08-20240614-085000,23120,1.0,1.0,0.4073277413845062,gaze_yaw_45deg,0.057254690676927567,0.059952571988105774,0.4060719311237335,-0.001255810260772705
57,P08,P08-20240614-085000,23120,1.0,1.0,0.4073277413845062,video_swap,0.630580723285675,0.6244271993637085,0.8109220266342163,0.4035942852497101
58,P08,P08-20240614-085000,10395,1.0,0.625,0.5272312760353088,real,0.0,0.0,0.5272312760353088,0.0
58,P08,P08-20240614-085000,10395,1.0,0.625,0.5272312760353088,identity,0.0,0.0,0.5272312760353088,0.0
58,P08,P08-20240614-085000,10395,1.0,0.625,0.5272312760353088,gaze_swap,0.019857708364725113,0.03330794349312782,0.5267709493637085,-0.0004603266716003418
58,P08,P08-20240614-085000,10395,1.0,0.625,0.5272312760353088,gaze_mask,0.0639752447605133,0.049029868096113205,0.5310168266296387,0.003785550594329834
58,P08,P08-20240614-085000,10395,1.0,0.625,0.5272312760353088,gaze_zero,0.037078678607940674,0.0481395423412323,0.5276218056678772,0.0003905296325683594
58,P08,P08-20240614-085000,10395,1.0,0.625,0.5272312760353088,gaze_shuffle_time,0.02387448213994503,0.01551631186157465,0.5274427533149719,0.00021147727966308594
58,P08,P08-20240614-085000,10395,1.0,0.625,0.5272312760353088,hand_swap,0.009106127545237541,0.011715888977050781,0.528194785118103,0.0009635090827941895
58,P08,P08-20240614-085000,10395,1.0,0.625,0.5272312760353088,hand_mask,0.013931414112448692,0.0110199935734272,0.5272327065467834,1.430511474609375e-06
58,P08,P08-20240614-085000,10395,1.0,0.625,0.5272312760353088,hand_shuffle_time,0.012261880561709404,0.014970492571592331,0.5276476144790649,0.0004163384437561035
58,P08,P08-20240614-085000,10395,1.0,0.625,0.5272312760353088,both_mask,0.0352892242372036,0.04640955477952957,0.5266436338424683,-0.0005876421928405762
58,P08,P08-20240614-085000,10395,1.0,0.625,0.5272312760353088,gaze_yaw_1deg,0.0008007273427210748,0.0013061638455837965,0.527214765548706,-1.6510486602783203e-05
58,P08,P08-20240614-085000,10395,1.0,0.625,0.5272312760353088,gaze_yaw_2deg,0.0017090669134631753,0.002635303884744644,0.5272004008293152,-3.0875205993652344e-05
58,P08,P08-20240614-085000,10395,1.0,0.625,0.5272312760353088,gaze_yaw_5deg,0.005125734955072403,0.0076352390460669994,0.5272907614707947,5.9485435485839844e-05
58,P08,P08-20240614-085000,10395,1.0,0.625,0.5272312760353088,gaze_yaw_10deg,0.007681784685701132,0.011910669505596161,0.5272994041442871,6.812810897827148e-05
58,P08,P08-20240614-085000,10395,1.0,0.625,0.5272312760353088,gaze_yaw_20deg,0.015689589083194733,0.01600331999361515,0.5269072651863098,-0.00032401084899902344
58,P08,P08-20240614-085000,10395,1.0,0.625,0.5272312760353088,gaze_yaw_45deg,0.06943969428539276,0.04596614092588425,0.5335615277290344,0.006330251693725586
58,P08,P08-20240614-085000,10395,1.0,0.625,0.5272312760353088,video_swap,0.560431718826294,0.5649319291114807,0.728314220905304,0.20108294486999512
59,P08,P08-20240614-085000,32038,1.0,1.0,0.5616246461868286,real,0.0,0.0,0.5616246461868286,0.0
59,P08,P08-20240614-085000,32038,1.0,1.0,0.5616246461868286,identity,0.0,0.0,0.5616246461868286,0.0
59,P08,P08-20240614-085000,32038,1.0,1.0,0.5616246461868286,gaze_swap,0.012093433178961277,0.0225127711892128,0.5624265670776367,0.0008019208908081055
59,P08,P08-20240614-085000,32038,1.0,1.0,0.5616246461868286,gaze_mask,0.12199971824884415,0.0679420605301857,0.5875977873802185,0.025973141193389893
59,P08,P08-20240614-085000,32038,1.0,1.0,0.5616246461868286,gaze_zero,0.024437032639980316,0.03001294657588005,0.5648193359375,0.0031946897506713867
59,P08,P08-20240614-085000,32038,1.0,1.0,0.5616246461868286,gaze_shuffle_time,0.005012149456888437,0.022222500294446945,0.5618353486061096,0.00021070241928100586
59,P08,P08-20240614-085000,32038,1.0,1.0,0.5616246461868286,hand_swap,0.010041837580502033,0.010223662480711937,0.5621667504310608,0.0005421042442321777
59,P08,P08-20240614-085000,32038,1.0,1.0,0.5616246461868286,hand_mask,0.014193864539265633,0.01495511643588543,0.5622745752334595,0.0006499290466308594
59,P08,P08-20240614-085000,32038,1.0,1.0,0.5616246461868286,hand_shuffle_time,0.0070770797319710255,0.008195435628294945,0.5628393292427063,0.0012146830558776855
59,P08,P08-20240614-085000,32038,1.0,1.0,0.5616246461868286,both_mask,0.04026570916175842,0.03522758185863495,0.5671070218086243,0.005482375621795654
59,P08,P08-20240614-085000,32038,1.0,1.0,0.5616246461868286,gaze_yaw_1deg,0.0017937060911208391,0.002734445733949542,0.561467170715332,-0.00015747547149658203
59,P08,P08-20240614-085000,32038,1.0,1.0,0.5616246461868286,gaze_yaw_2deg,0.003371049650013447,0.0052836257964372635,0.5612738728523254,-0.00035077333450317383
59,P08,P08-20240614-085000,32038,1.0,1.0,0.5616246461868286,gaze_yaw_5deg,0.008063585497438908,0.01211585570126772,0.5606082081794739,-0.0010164380073547363
59,P08,P08-20240614-085000,32038,1.0,1.0,0.5616246461868286,gaze_yaw_10deg,0.014553575776517391,0.02093232050538063,0.5599830746650696,-0.0016415715217590332
59,P08,P08-20240614-085000,32038,1.0,1.0,0.5616246461868286,gaze_yaw_20deg,0.038708366453647614,0.03202963247895241,0.5611161589622498,-0.0005084872245788574
59,P08,P08-20240614-085000,32038,1.0,1.0,0.5616246461868286,gaze_yaw_45deg,0.10361781716346741,0.067806176841259,0.5794231295585632,0.01779848337173462
59,P08,P08-20240614-085000,32038,1.0,1.0,0.5616246461868286,video_swap,0.4997221529483795,0.4533003568649292,0.6820615530014038,0.1204369068145752
60,P08,P08-20240614-085000,29016,1.0,1.0,0.5746817588806152,real,0.0,0.0,0.5746817588806152,0.0
60,P08,P08-20240614-085000,29016,1.0,1.0,0.5746817588806152,identity,0.0,0.0,0.5746817588806152,0.0
60,P08,P08-20240614-085000,29016,1.0,1.0,0.5746817588806152,gaze_swap,0.01080439705401659,0.010349425487220287,0.5727288722991943,-0.0019528865814208984
60,P08,P08-20240614-085000,29016,1.0,1.0,0.5746817588806152,gaze_mask,0.1078297421336174,0.06038308143615723,0.6062251925468445,0.03154343366622925
60,P08,P08-20240614-085000,29016,1.0,1.0,0.5746817588806152,gaze_zero,0.02699410729110241,0.022091656923294067,0.5808547139167786,0.00617295503616333
60,P08,P08-20240614-085000,29016,1.0,1.0,0.5746817588806152,gaze_shuffle_time,0.011907783336937428,0.016699612140655518,0.5778796672821045,0.003197908401489258
60,P08,P08-20240614-085000,29016,1.0,1.0,0.5746817588806152,hand_swap,0.019891882315278053,0.02029459923505783,0.5795583724975586,0.004876613616943359
60,P08,P08-20240614-085000,29016,1.0,1.0,0.5746817588806152,hand_mask,0.01795266754925251,0.01960061676800251,0.5769162774085999,0.002234518527984619
60,P08,P08-20240614-085000,29016,1.0,1.0,0.5746817588806152,hand_shuffle_time,0.015421572141349316,0.014783285558223724,0.5785394906997681,0.003857731819152832
60,P08,P08-20240614-085000,29016,1.0,1.0,0.5746817588806152,both_mask,0.04527924954891205,0.03189724311232567,0.585454523563385,0.010772764682769775
60,P08,P08-20240614-085000,29016,1.0,1.0,0.5746817588806152,gaze_yaw_1deg,0.0016270269406959414,0.002158285351470113,0.5749546885490417,0.00027292966842651367
60,P08,P08-20240614-085000,29016,1.0,1.0,0.5746817588806152,gaze_yaw_2deg,0.0032373815774917603,0.004220445174723864,0.5753161311149597,0.0006343722343444824
60,P08,P08-20240614-085000,29016,1.0,1.0,0.5746817588806152,gaze_yaw_5deg,0.006974057760089636,0.010162131860852242,0.5760790109634399,0.001397252082824707
60,P08,P08-20240614-085000,29016,1.0,1.0,0.5746817588806152,gaze_yaw_10deg,0.010647092014551163,0.020876333117485046,0.5765436291694641,0.001861870288848877
60,P08,P08-20240614-085000,29016,1.0,1.0,0.5746817588806152,gaze_yaw_20deg,0.017767060548067093,0.03414935991168022,0.5767070055007935,0.0020252466201782227
60,P08,P08-20240614-085000,29016,1.0,1.0,0.5746817588806152,gaze_yaw_45deg,0.1188863143324852,0.07566851377487183,0.60886549949646,0.03418374061584473
60,P08,P08-20240614-085000,29016,1.0,1.0,0.5746817588806152,video_swap,0.527916431427002,0.5715152621269226,0.6833050847053528,0.10862332582473755
61,P08,P08-20240614-085000,28640,1.0,1.0,0.5386759042739868,real,0.0,0.0,0.5386759042739868,0.0
61,P08,P08-20240614-085000,28640,1.0,1.0,0.5386759042739868,identity,0.0,0.0,0.5386759042739868,0.0
61,P08,P08-20240614-085000,28640,1.0,1.0,0.5386759042739868,gaze_swap,0.012016459368169308,0.015855178236961365,0.538483738899231,-0.00019216537475585938
61,P08,P08-20240614-085000,28640,1.0,1.0,0.5386759042739868,gaze_mask,0.11999492347240448,0.07128030806779861,0.5593206286430359,0.020644724369049072
61,P08,P08-20240614-085000,28640,1.0,1.0,0.5386759042739868,gaze_zero,0.023396173492074013,0.020937012508511543,0.5415233373641968,0.002847433090209961
61,P08,P08-20240614-085000,28640,1.0,1.0,0.5386759042739868,gaze_shuffle_time,0.0076744332909584045,0.014425295405089855,0.5392366051673889,0.0005607008934020996
61,P08,P08-20240614-085000,28640,1.0,1.0,0.5386759042739868,hand_swap,0.01399324182420969,0.01600383035838604,0.537631630897522,-0.0010442733764648438
61,P08,P08-20240614-085000,28640,1.0,1.0,0.5386759042739868,hand_mask,0.01907986029982567,0.023559097200632095,0.5382325649261475,-0.00044333934783935547
61,P08,P08-20240614-085000,28640,1.0,1.0,0.5386759042739868,hand_shuffle_time,0.024166973307728767,0.022649694234132767,0.5368036031723022,-0.0018723011016845703
61,P08,P08-20240614-085000,28640,1.0,1.0,0.5386759042739868,both_mask,0.03788631781935692,0.0342852808535099,0.5429126620292664,0.004236757755279541
61,P08,P08-20240614-085000,28640,1.0,1.0,0.5386759042739868,gaze_yaw_1deg,0.00140075059607625,0.001048473408445716,0.5385732054710388,-0.00010269880294799805
61,P08,P08-20240614-085000,28640,1.0,1.0,0.5386759042739868,gaze_yaw_2deg,0.002922661369666457,0.0021541789174079895,0.538453221321106,-0.00022268295288085938
61,P08,P08-20240614-085000,28640,1.0,1.0,0.5386759042739868,gaze_yaw_5deg,0.008598492480814457,0.006081720814108849,0.5379871129989624,-0.0006887912750244141
61,P08,P08-20240614-085000,28640,1.0,1.0,0.5386759042739868,gaze_yaw_10deg,0.017649661749601364,0.013965901918709278,0.5372329950332642,-0.0014429092407226562
61,P08,P08-20240614-085000,28640,1.0,1.0,0.5386759042739868,gaze_yaw_20deg,0.033300235867500305,0.026492806151509285,0.536173939704895,-0.002501964569091797
61,P08,P08-20240614-085000,28640,1.0,1.0,0.5386759042739868,gaze_yaw_45deg,0.058053046464920044,0.048740677535533905,0.5414052605628967,0.002729356288909912
61,P08,P08-20240614-085000,28640,1.0,1.0,0.5386759042739868,video_swap,0.5429396033287048,0.4872909486293793,0.6957834362983704,0.15710753202438354
62,P08,P08-20240614-085000,5867,1.0,1.0,0.5302392244338989,real,0.0,0.0,0.5302392244338989,0.0
62,P08,P08-20240614-085000,5867,1.0,1.0,0.5302392244338989,identity,0.0,0.0,0.5302392244338989,0.0
62,P08,P08-20240614-085000,5867,1.0,1.0,0.5302392244338989,gaze_swap,0.012569471262395382,0.026815833523869514,0.5309646725654602,0.0007254481315612793
62,P08,P08-20240614-085000,5867,1.0,1.0,0.5302392244338989,gaze_mask,0.02373170107603073,0.03658322989940643,0.5317824482917786,0.0015432238578796387
62,P08,P08-20240614-085000,5867,1.0,1.0,0.5302392244338989,gaze_zero,0.022110460326075554,0.02613154798746109,0.5322891473770142,0.0020499229431152344
62,P08,P08-20240614-085000,5867,1.0,1.0,0.5302392244338989,gaze_shuffle_time,0.013643445447087288,0.03266030550003052,0.5311794281005859,0.0009402036666870117
62,P08,P08-20240614-085000,5867,1.0,1.0,0.5302392244338989,hand_swap,0.007037569768726826,0.017639117315411568,0.5300216674804688,-0.00021755695343017578
62,P08,P08-20240614-085000,5867,1.0,1.0,0.5302392244338989,hand_mask,0.011128903366625309,0.014991925098001957,0.5300025939941406,-0.00023663043975830078
62,P08,P08-20240614-085000,5867,1.0,1.0,0.5302392244338989,hand_shuffle_time,0.00518570514395833,0.0045902724377810955,0.5297630429267883,-0.0004761815071105957
62,P08,P08-20240614-085000,5867,1.0,1.0,0.5302392244338989,both_mask,0.022664906457066536,0.031762249767780304,0.530827522277832,0.0005882978439331055
62,P08,P08-20240614-085000,5867,1.0,1.0,0.5302392244338989,gaze_yaw_1deg,0.0014170169597491622,0.0015061211306601763,0.5300868153572083,-0.00015240907669067383
62,P08,P08-20240614-085000,5867,1.0,1.0,0.5302392244338989,gaze_yaw_2deg,0.002762520220130682,0.002979610115289688,0.5299371480941772,-0.0003020763397216797
62,P08,P08-20240614-085000,5867,1.0,1.0,0.5302392244338989,gaze_yaw_5deg,0.006387300323694944,0.0068396395072340965,0.5295592546463013,-0.0006799697875976562
62,P08,P08-20240614-085000,5867,1.0,1.0,0.5302392244338989,gaze_yaw_10deg,0.010730353184044361,0.011334744282066822,0.5292382836341858,-0.0010009407997131348
62,P08,P08-20240614-085000,5867,1.0,1.0,0.5302392244338989,gaze_yaw_20deg,0.014988867565989494,0.023676468059420586,0.5295194387435913,-0.0007197856903076172
62,P08,P08-20240614-085000,5867,1.0,1.0,0.5302392244338989,gaze_yaw_45deg,0.02902924083173275,0.05815572291612625,0.5296907424926758,-0.0005484819412231445
62,P08,P08-20240614-085000,5867,1.0,1.0,0.5302392244338989,video_swap,0.5042981505393982,0.612677276134491,0.6777268648147583,0.14748764038085938
63,P08,P08-20240614-085000,29701,1.0,1.0,0.5517808198928833,real,0.0,0.0,0.5517808198928833,0.0
63,P08,P08-20240614-085000,29701,1.0,1.0,0.5517808198928833,identity,0.0,0.0,0.5517808198928833,0.0
63,P08,P08-20240614-085000,29701,1.0,1.0,0.5517808198928833,gaze_swap,0.006730671972036362,0.017873089760541916,0.5519747734069824,0.0001939535140991211
63,P08,P08-20240614-085000,29701,1.0,1.0,0.5517808198928833,gaze_mask,0.02941209264099598,0.038775485008955,0.5534706711769104,0.0016898512840270996
63,P08,P08-20240614-085000,29701,1.0,1.0,0.5517808198928833,gaze_zero,0.03211755305528641,0.025518663227558136,0.553946316242218,0.002165496349334717
63,P08,P08-20240614-085000,29701,1.0,1.0,0.5517808198928833,gaze_shuffle_time,0.004401958081871271,0.007092059124261141,0.5520849227905273,0.00030410289764404297
63,P08,P08-20240614-085000,29701,1.0,1.0,0.5517808198928833,hand_swap,0.009266936220228672,0.015907103195786476,0.5527236461639404,0.0009428262710571289
63,P08,P08-20240614-085000,29701,1.0,1.0,0.5517808198928833,hand_mask,0.013789987191557884,0.016979843378067017,0.5520710945129395,0.00029027462005615234
63,P08,P08-20240614-085000,29701,1.0,1.0,0.5517808198928833,hand_shuffle_time,0.012020451948046684,0.016778774559497833,0.5513117909431458,-0.00046902894973754883
63,P08,P08-20240614-085000,29701,1.0,1.0,0.5517808198928833,both_mask,0.028029531240463257,0.033458203077316284,0.553537905216217,0.0017570853233337402
63,P08,P08-20240614-085000,29701,1.0,1.0,0.5517808198928833,gaze_yaw_1deg,0.000960116449277848,0.0009862061124294996,0.5516904592514038,-9.036064147949219e-05
63,P08,P08-20240614-085000,29701,1.0,1.0,0.5517808198928833,gaze_yaw_2deg,0.001881576026789844,0.002124387538060546,0.5515871047973633,-0.00019371509552001953
63,P08,P08-20240614-085000,29701,1.0,1.0,0.5517808198928833,gaze_yaw_5deg,0.005059785675257444,0.005966786295175552,0.551271378993988,-0.0005094408988952637
63,P08,P08-20240614-085000,29701,1.0,1.0,0.5517808198928833,gaze_yaw_10deg,0.00853676162660122,0.01145804300904274,0.5512100458145142,-0.0005707740783691406
63,P08,P08-20240614-085000,29701,1.0,1.0,0.5517808198928833,gaze_yaw_20deg,0.018370267003774643,0.02339770644903183,0.5498619675636292,-0.0019188523292541504
63,P08,P08-20240614-085000,29701,1.0,1.0,0.5517808198928833,gaze_yaw_45deg,0.03312128782272339,0.06120346486568451,0.5491151213645935,-0.002665698528289795
63,P08,P08-20240614-085000,29701,1.0,1.0,0.5517808198928833,video_swap,0.5107772350311279,0.6198462247848511,0.7516045570373535,0.19982373714447021
64,P08,P08-20240614-085000,5706,1.0,1.0,0.4911355972290039,real,0.0,0.0,0.4911355972290039,0.0
64,P08,P08-20240614-085000,5706,1.0,1.0,0.4911355972290039,identity,0.0,0.0,0.4911355972290039,0.0
64,P08,P08-20240614-085000,5706,1.0,1.0,0.4911355972290039,gaze_swap,0.012852191925048828,0.018227625638246536,0.49236178398132324,0.001226186752319336
64,P08,P08-20240614-085000,5706,1.0,1.0,0.4911355972290039,gaze_mask,0.08690230548381805,0.056828830391168594,0.5033493041992188,0.012213706970214844
64,P08,P08-20240614-085000,5706,1.0,1.0,0.4911355972290039,gaze_zero,0.023779425770044327,0.02636166289448738,0.4936535656452179,0.0025179684162139893
64,P08,P08-20240614-085000,5706,1.0,1.0,0.4911355972290039,gaze_shuffle_time,0.005866863299161196,0.019860466942191124,0.49102315306663513,-0.00011244416236877441
64,P08,P08-20240614-085000,5706,1.0,1.0,0.4911355972290039,hand_swap,0.004611476324498653,0.006354518234729767,0.4915224611759186,0.00038686394691467285
64,P08,P08-20240614-085000,5706,1.0,1.0,0.4911355972290039,hand_mask,0.015995968133211136,0.01844279281795025,0.4911144971847534,-2.110004425048828e-05
64,P08,P08-20240614-085000,5706,1.0,1.0,0.4911355972290039,hand_shuffle_time,0.008380929008126259,0.004925383720546961,0.49007686972618103,-0.001058727502822876
64,P08,P08-20240614-085000,5706,1.0,1.0,0.4911355972290039,both_mask,0.030123837292194366,0.03219457343220711,0.4930538833141327,0.0019182860851287842
64,P08,P08-20240614-085000,5706,1.0,1.0,0.4911355972290039,gaze_yaw_1deg,0.0013200606917962432,0.0017599220154806972,0.49108195304870605,-5.364418029785156e-05
64,P08,P08-20240614-085000,5706,1.0,1.0,0.4911355972290039,gaze_yaw_2deg,0.0025301752611994743,0.0035453904420137405,0.49105381965637207,-8.177757263183594e-05
64,P08,P08-20240614-085000,5706,1.0,1.0,0.4911355972290039,gaze_yaw_5deg,0.005661064758896828,0.008947983384132385,0.49109458923339844,-4.100799560546875e-05
64,P08,P08-20240614-085000,5706,1.0,1.0,0.4911355972290039,gaze_yaw_10deg,0.00993697252124548,0.018760083243250847,0.49153876304626465,0.0004031658172607422
64,P08,P08-20240614-085000,5706,1.0,1.0,0.4911355972290039,gaze_yaw_20deg,0.019550040364265442,0.04217524081468582,0.4924841821193695,0.0013485848903656006
64,P08,P08-20240614-085000,5706,1.0,1.0,0.4911355972290039,gaze_yaw_45deg,0.06829268485307693,0.05997144803404808,0.49974536895751953,0.008609771728515625
64,P08,P08-20240614-085000,5706,1.0,1.0,0.4911355972290039,video_swap,0.5134908556938171,0.5506401658058167,0.7012997269630432,0.2101641297340393
65,P08,P08-20240614-085000,3148,1.0,1.0,0.4728440046310425,real,0.0,0.0,0.4728440046310425,0.0
65,P08,P08-20240614-085000,3148,1.0,1.0,0.4728440046310425,identity,0.0,0.0,0.4728440046310425,0.0
65,P08,P08-20240614-085000,3148,1.0,1.0,0.4728440046310425,gaze_swap,0.015365926548838615,0.01886715739965439,0.47200074791908264,-0.0008432567119598389
65,P08,P08-20240614-085000,3148,1.0,1.0,0.4728440046310425,gaze_mask,0.0977364182472229,0.05315016210079193,0.492383748292923,0.019539743661880493
65,P08,P08-20240614-085000,3148,1.0,1.0,0.4728440046310425,gaze_zero,0.021825864911079407,0.02424227073788643,0.47359752655029297,0.0007535219192504883
65,P08,P08-20240614-085000,3148,1.0,1.0,0.4728440046310425,gaze_shuffle_time,0.004221330862492323,0.009177704341709614,0.4727672338485718,-7.677078247070312e-05
65,P08,P08-20240614-085000,3148,1.0,1.0,0.4728440046310425,hand_swap,0.008021414279937744,0.011889897286891937,0.4733542799949646,0.0005102753639221191
65,P08,P08-20240614-085000,3148,1.0,1.0,0.4728440046310425,hand_mask,0.016141848638653755,0.018004339188337326,0.47392162680625916,0.0010776221752166748
65,P08,P08-20240614-085000,3148,1.0,1.0,0.4728440046310425,hand_shuffle_time,0.0004198166716378182,0.0003265416598878801,0.4729247987270355,8.079409599304199e-05
65,P08,P08-20240614-085000,3148,1.0,1.0,0.4728440046310425,both_mask,0.03730233386158943,0.03360283002257347,0.4752776622772217,0.0024336576461791992
65,P08,P08-20240614-085000,3148,1.0,1.0,0.4728440046310425,gaze_yaw_1deg,0.001148322015069425,0.002094416180625558,0.4728255867958069,-1.8417835235595703e-05
65,P08,P08-20240614-085000,3148,1.0,1.0,0.4728440046310425,gaze_yaw_2deg,0.002324892906472087,0.004158258903771639,0.4727970063686371,-4.699826240539551e-05
65,P08,P08-20240614-085000,3148,1.0,1.0,0.4728440046310425,gaze_yaw_5deg,0.006005365401506424,0.010162069462239742,0.47269588708877563,-0.0001481175422668457
65,P08,P08-20240614-085000,3148,1.0,1.0,0.4728440046310425,gaze_yaw_10deg,0.012551438063383102,0.01927286572754383,0.4722842574119568,-0.0005597472190856934
65,P08,P08-20240614-085000,3148,1.0,1.0,0.4728440046310425,gaze_yaw_20deg,0.04160232096910477,0.033275213092565536,0.47539156675338745,0.0025475621223449707
65,P08,P08-20240614-085000,3148,1.0,1.0,0.4728440046310425,gaze_yaw_45deg,0.0739043578505516,0.06319893896579742,0.48215243220329285,0.009308427572250366
65,P08,P08-20240614-085000,3148,1.0,1.0,0.4728440046310425,video_swap,0.47243914008140564,0.5711444020271301,0.5487449169158936,0.07590091228485107
66,P08,P08-20240614-085000,10006,1.0,1.0,0.5455456972122192,real,0.0,0.0,0.5455456972122192,0.0
66,P08,P08-20240614-085000,10006,1.0,1.0,0.5455456972122192,identity,0.0,0.0,0.5455456972122192,0.0
66,P08,P08-20240614-085000,10006,1.0,1.0,0.5455456972122192,gaze_swap,0.012708435766398907,0.011296351440250874,0.5425599217414856,-0.0029857754707336426
66,P08,P08-20240614-085000,10006,1.0,1.0,0.5455456972122192,gaze_mask,0.041793473064899445,0.032395441085100174,0.5507394671440125,0.005193769931793213
66,P08,P08-20240614-085000,10006,1.0,1.0,0.5455456972122192,gaze_zero,0.021059783175587654,0.016893796622753143,0.5491738319396973,0.0036281347274780273
66,P08,P08-20240614-085000,10006,1.0,1.0,0.5455456972122192,gaze_shuffle_time,0.006231885869055986,0.01562953181564808,0.5444620251655579,-0.001083672046661377
66,P08,P08-20240614-085000,10006,1.0,1.0,0.5455456972122192,hand_swap,0.013132844120264053,0.00885769072920084,0.5462288856506348,0.0006831884384155273
66,P08,P08-20240614-085000,10006,1.0,1.0,0.5455456972122192,hand_mask,0.014922820962965488,0.014093136414885521,0.5441178679466248,-0.0014278292655944824
66,P08,P08-20240614-085000,10006,1.0,1.0,0.5455456972122192,hand_shuffle_time,0.009187374264001846,0.010950973257422447,0.5434625744819641,-0.002083122730255127
66,P08,P08-20240614-085000,10006,1.0,1.0,0.5455456972122192,both_mask,0.029522135853767395,0.024902647361159325,0.5414469838142395,-0.004098713397979736
66,P08,P08-20240614-085000,10006,1.0,1.0,0.5455456972122192,gaze_yaw_1deg,0.0023608116898685694,0.0020590145140886307,0.5451075434684753,-0.0004381537437438965
66,P08,P08-20240614-085000,10006,1.0,1.0,0.5455456972122192,gaze_yaw_2deg,0.004431101493537426,0.004112170543521643,0.5447872281074524,-0.0007584691047668457
66,P08,P08-20240614-085000,10006,1.0,1.0,0.5455456972122192,gaze_yaw_5deg,0.011113989166915417,0.009787485003471375,0.5437219142913818,-0.0018237829208374023
66,P08,P08-20240614-085000,10006,1.0,1.0,0.5455456972122192,gaze_yaw_10deg,0.019199611619114876,0.017456598579883575,0.5427543520927429,-0.0027913451194763184
66,P08,P08-20240614-085000,10006,1.0,1.0,0.5455456972122192,gaze_yaw_20deg,0.025578347966074944,0.026386486366391182,0.5432969927787781,-0.002248704433441162
66,P08,P08-20240614-085000,10006,1.0,1.0,0.5455456972122192,gaze_yaw_45deg,0.04497024789452553,0.0487636961042881,0.5493888854980469,0.0038431882858276367
66,P08,P08-20240614-085000,10006,1.0,1.0,0.5455456972122192,video_swap,0.6086747646331787,0.5680018663406372,0.7601783871650696,0.21463268995285034
67,P08,P08-20240614-085000,28172,1.0,1.0,0.554351806640625,real,0.0,0.0,0.554351806640625,0.0
67,P08,P08-20240614-085000,28172,1.0,1.0,0.554351806640625,identity,0.0,0.0,0.554351806640625,0.0
67,P08,P08-20240614-085000,28172,1.0,1.0,0.554351806640625,gaze_swap,0.017146136611700058,0.016376888379454613,0.5563001036643982,0.0019482970237731934
67,P08,P08-20240614-085000,28172,1.0,1.0,0.554351806640625,gaze_mask,0.13936847448349,0.06639163941144943,0.5870552659034729,0.0327034592628479
67,P08,P08-20240614-085000,28172,1.0,1.0,0.554351806640625,gaze_zero,0.03316274285316467,0.022702837362885475,0.5588081479072571,0.00445634126663208
67,P08,P08-20240614-085000,28172,1.0,1.0,0.554351806640625,gaze_shuffle_time,0.00994734838604927,0.017521481961011887,0.5556678175926208,0.0013160109519958496
67,P08,P08-20240614-085000,28172,1.0,1.0,0.554351806640625,hand_swap,0.02083662524819374,0.017319247126579285,0.5519092082977295,-0.002442598342895508
67,P08,P08-20240614-085000,28172,1.0,1.0,0.554351806640625,hand_mask,0.02083662524819374,0.017319247126579285,0.5519092082977295,-0.002442598342895508
67,P08,P08-20240614-085000,28172,1.0,1.0,0.554351806640625,hand_shuffle_time,0.008526329882442951,0.011111361905932426,0.5532301068305969,-0.0011216998100280762
67,P08,P08-20240614-085000,28172,1.0,1.0,0.554351806640625,both_mask,0.041432879865169525,0.031939033418893814,0.5571837425231934,0.0028319358825683594
67,P08,P08-20240614-085000,28172,1.0,1.0,0.554351806640625,gaze_yaw_1deg,0.0007407403900288045,0.0012016571126878262,0.5543380975723267,-1.3709068298339844e-05
67,P08,P08-20240614-085000,28172,1.0,1.0,0.554351806640625,gaze_yaw_2deg,0.0015906946500763297,0.002559912856668234,0.554375410079956,2.3603439331054688e-05
67,P08,P08-20240614-085000,28172,1.0,1.0,0.554351806640625,gaze_yaw_5deg,0.005119823385030031,0.007565214764326811,0.5544748306274414,0.00012302398681640625
67,P08,P08-20240614-085000,28172,1.0,1.0,0.554351806640625,gaze_yaw_10deg,0.00941738486289978,0.01655586250126362,0.5543432235717773,-8.58306884765625e-06
67,P08,P08-20240614-085000,28172,1.0,1.0,0.554351806640625,gaze_yaw_20deg,0.019175903871655464,0.03780817985534668,0.5546207427978516,0.0002689361572265625
67,P08,P08-20240614-085000,28172,1.0,1.0,0.554351806640625,gaze_yaw_45deg,0.09566672891378403,0.07059084624052048,0.5725537538528442,0.01820194721221924
67,P08,P08-20240614-085000,28172,1.0,1.0,0.554351806640625,video_swap,0.5786755681037903,0.5606570839881897,0.758791446685791,0.20443964004516602
68,P08,P08-20240614-085000,25336,1.0,0.0,0.6089467406272888,real,0.0,0.0,0.6089467406272888,0.0
68,P08,P08-20240614-085000,25336,1.0,0.0,0.6089467406272888,identity,0.0,0.0,0.6089467406272888,0.0
68,P08,P08-20240614-085000,25336,1.0,0.0,0.6089467406272888,gaze_swap,0.016475332900881767,0.015632836148142815,0.609044075012207,9.733438491821289e-05
68,P08,P08-20240614-085000,25336,1.0,0.0,0.6089467406272888,gaze_mask,0.03328343853354454,0.027661195024847984,0.6085405349731445,-0.0004062056541442871
68,P08,P08-20240614-085000,25336,1.0,0.0,0.6089467406272888,gaze_zero,0.01799447275698185,0.015061680227518082,0.611070990562439,0.0021242499351501465
68,P08,P08-20240614-085000,25336,1.0,0.0,0.6089467406272888,gaze_shuffle_time,0.0031297963578253984,0.007694408297538757,0.6089556813240051,8.940696716308594e-06
68,P08,P08-20240614-085000,25336,1.0,0.0,0.6089467406272888,hand_swap,0.02215111255645752,0.020123425871133804,0.6058858036994934,-0.00306093692779541
68,P08,P08-20240614-085000,25336,1.0,0.0,0.6089467406272888,hand_mask,0.0,0.0,0.6089467406272888,0.0
68,P08,P08-20240614-085000,25336,1.0,0.0,0.6089467406272888,hand_shuffle_time,0.0,0.0,0.6089467406272888,0.0
68,P08,P08-20240614-085000,25336,1.0,0.0,0.6089467406272888,both_mask,0.03328343853354454,0.027661195024847984,0.6085405349731445,-0.0004062056541442871
68,P08,P08-20240614-085000,25336,1.0,0.0,0.6089467406272888,gaze_yaw_1deg,0.0015169867547228932,0.0013813036493957043,0.6087479591369629,-0.00019878149032592773
68,P08,P08-20240614-085000,25336,1.0,0.0,0.6089467406272888,gaze_yaw_2deg,0.0029142696876078844,0.0028213215991854668,0.6085759997367859,-0.0003707408905029297
68,P08,P08-20240614-085000,25336,1.0,0.0,0.6089467406272888,gaze_yaw_5deg,0.006077158264815807,0.00708172470331192,0.6083196401596069,-0.0006271004676818848
68,P08,P08-20240614-085000,25336,1.0,0.0,0.6089467406272888,gaze_yaw_10deg,0.010036956518888474,0.01424263697117567,0.6083829402923584,-0.0005638003349304199
68,P08,P08-20240614-085000,25336,1.0,0.0,0.6089467406272888,gaze_yaw_20deg,0.018857305869460106,0.02699204534292221,0.6090522408485413,0.0001055002212524414
68,P08,P08-20240614-085000,25336,1.0,0.0,0.6089467406272888,gaze_yaw_45deg,0.0593005008995533,0.05569836124777794,0.6180790662765503,0.009132325649261475
68,P08,P08-20240614-085000,25336,1.0,0.0,0.6089467406272888,video_swap,0.5454866290092468,0.5532435774803162,0.7673891186714172,0.15844237804412842
69,P08,P08-20240614-085000,10814,1.0,1.0,0.3218509554862976,real,0.0,0.0,0.3218509554862976,0.0
69,P08,P08-20240614-085000,10814,1.0,1.0,0.3218509554862976,identity,0.0,0.0,0.3218509554862976,0.0
69,P08,P08-20240614-085000,10814,1.0,1.0,0.3218509554862976,gaze_swap,0.014952752739191055,0.009640057571232319,0.3253893554210663,0.0035383999347686768
69,P08,P08-20240614-085000,10814,1.0,1.0,0.3218509554862976,gaze_mask,0.05180598795413971,0.04955485463142395,0.3164719343185425,-0.005379021167755127
69,P08,P08-20240614-085000,10814,1.0,1.0,0.3218509554862976,gaze_zero,0.02375956065952778,0.02677728794515133,0.32110676169395447,-0.0007441937923431396
69,P08,P08-20240614-085000,10814,1.0,1.0,0.3218509554862976,gaze_shuffle_time,0.0008773055160418153,0.0015441779978573322,0.3220284879207611,0.00017753243446350098
69,P08,P08-20240614-085000,10814,1.0,1.0,0.3218509554862976,hand_swap,0.008166453801095486,0.009910202585160732,0.32094088196754456,-0.0009100735187530518
69,P08,P08-20240614-085000,10814,1.0,1.0,0.3218509554862976,hand_mask,0.018046248704195023,0.019575733691453934,0.31999436020851135,-0.0018565952777862549
69,P08,P08-20240614-085000,10814,1.0,1.0,0.3218509554862976,hand_shuffle_time,0.0003202093648724258,0.00032723156618885696,0.3218556046485901,4.649162292480469e-06
69,P08,P08-20240614-085000,10814,1.0,1.0,0.3218509554862976,both_mask,0.03558385744690895,0.0328458696603775,0.3256186246871948,0.003767669200897217
69,P08,P08-20240614-085000,10814,1.0,1.0,0.3218509554862976,gaze_yaw_1deg,0.001018516719341278,0.001120487810112536,0.32184648513793945,-4.470348358154297e-06
69,P08,P08-20240614-085000,10814,1.0,1.0,0.3218509554862976,gaze_yaw_2deg,0.00214204890653491,0.0022750254720449448,0.3218320608139038,-1.8894672393798828e-05
69,P08,P08-20240614-085000,10814,1.0,1.0,0.3218509554862976,gaze_yaw_5deg,0.00643542967736721,0.005952286068350077,0.32166826725006104,-0.00018268823623657227
69,P08,P08-20240614-085000,10814,1.0,1.0,0.3218509554862976,gaze_yaw_10deg,0.018096964806318283,0.013435852713882923,0.32064855098724365,-0.001202404499053955
69,P08,P08-20240614-085000,10814,1.0,1.0,0.3218509554862976,gaze_yaw_20deg,0.053121745586395264,0.03693371266126633,0.31475934386253357,-0.007091611623764038
69,P08,P08-20240614-085000,10814,1.0,1.0,0.3218509554862976,gaze_yaw_45deg,0.04523402452468872,0.06066002696752548,0.3233622610569,0.001511305570602417
69,P08,P08-20240614-085000,10814,1.0,1.0,0.3218509554862976,video_swap,0.5666332840919495,0.57796710729599,0.6950669288635254,0.3732159733772278
70,P08,P08-20240614-085000,6441,1.0,1.0,0.46761786937713623,real,0.0,0.0,0.46761786937713623,0.0
70,P08,P08-20240614-085000,6441,1.0,1.0,0.46761786937713623,identity,0.0,0.0,0.46761786937713623,0.0
70,P08,P08-20240614-085000,6441,1.0,1.0,0.46761786937713623,gaze_swap,0.012110968120396137,0.020472794771194458,0.4681949019432068,0.0005770325660705566
70,P08,P08-20240614-085000,6441,1.0,1.0,0.46761786937713623,gaze_mask,0.07238592952489853,0.04384778067469597,0.4699951708316803,0.0023773014545440674
70,P08,P08-20240614-085000,6441,1.0,1.0,0.46761786937713623,gaze_zero,0.019762279465794563,0.02353195659816265,0.46719932556152344,-0.00041854381561279297
70,P08,P08-20240614-085000,6441,1.0,1.0,0.46761786937713623,gaze_shuffle_time,0.006463981699198484,0.012379411607980728,0.46793505549430847,0.0003171861171722412
70,P08,P08-20240614-085000,6441,1.0,1.0,0.46761786937713623,hand_swap,0.008995813317596912,0.011380234733223915,0.46776723861694336,0.0001493692398071289
70,P08,P08-20240614-085000,6441,1.0,1.0,0.46761786937713623,hand_mask,0.017777247354388237,0.01802818290889263,0.46897533535957336,0.0013574659824371338
70,P08,P08-20240614-085000,6441,1.0,1.0,0.46761786937713623,hand_shuffle_time,0.003793157171458006,0.0023260076995939016,0.4677455425262451,0.00012767314910888672
70,P08,P08-20240614-085000,6441,1.0,1.0,0.46761786937713623,both_mask,0.037295568734407425,0.03317393362522125,0.4691738486289978,0.0015559792518615723
70,P08,P08-20240614-085000,6441,1.0,1.0,0.46761786937713623,gaze_yaw_1deg,0.0018621304770931602,0.0013120233779773116,0.46759822964668274,-1.963973045349121e-05
70,P08,P08-20240614-085000,6441,1.0,1.0,0.46761786937713623,gaze_yaw_2deg,0.003051708685234189,0.0025760254357010126,0.4676041007041931,-1.3768672943115234e-05
70,P08,P08-20240614-085000,6441,1.0,1.0,0.46761786937713623,gaze_yaw_5deg,0.005611932836472988,0.006727211643010378,0.4676778316497803,5.996227264404297e-05
70,P08,P08-20240614-085000,6441,1.0,1.0,0.46761786937713623,gaze_yaw_10deg,0.010700587183237076,0.014823502860963345,0.46794211864471436,0.000324249267578125
70,P08,P08-20240614-085000,6441,1.0,1.0,0.46761786937713623,gaze_yaw_20deg,0.021579109132289886,0.03028167225420475,0.4689328670501709,0.001314997673034668
70,P08,P08-20240614-085000,6441,1.0,1.0,0.46761786937713623,gaze_yaw_45deg,0.06847620755434036,0.06266860663890839,0.47109970450401306,0.003481835126876831
70,P08,P08-20240614-085000,6441,1.0,1.0,0.46761786937713623,video_swap,0.6487777233123779,0.6897997260093689,0.7644612789154053,0.29684340953826904
71,P08,P08-20240614-085000,17554,1.0,1.0,0.4269036054611206,real,0.0,0.0,0.4269036054611206,0.0
71,P08,P08-20240614-085000,17554,1.0,1.0,0.4269036054611206,identity,0.0,0.0,0.4269036054611206,0.0
71,P08,P08-20240614-085000,17554,1.0,1.0,0.4269036054611206,gaze_swap,0.01560181938111782,0.019857197999954224,0.4240160882472992,-0.002887517213821411
71,P08,P08-20240614-085000,17554,1.0,1.0,0.4269036054611206,gaze_mask,0.08864745497703552,0.047166869044303894,0.4135793447494507,-0.013324260711669922
71,P08,P08-20240614-085000,17554,1.0,1.0,0.4269036054611206,gaze_zero,0.018940802663564682,0.02354494296014309,0.4245229661464691,-0.0023806393146514893
71,P08,P08-20240614-085000,17554,1.0,1.0,0.4269036054611206,gaze_shuffle_time,0.010939143598079681,0.014431205578148365,0.42459672689437866,-0.0023068785667419434
71,P08,P08-20240614-085000,17554,1.0,1.0,0.4269036054611206,hand_swap,0.008744544349610806,0.011367788538336754,0.4266226291656494,-0.0002809762954711914
71,P08,P08-20240614-085000,17554,1.0,1.0,0.4269036054611206,hand_mask,0.014447478577494621,0.015152085572481155,0.42785701155662537,0.0009534060955047607
71,P08,P08-20240614-085000,17554,1.0,1.0,0.4269036054611206,hand_shuffle_time,0.002639222890138626,0.009697265923023224,0.42680707573890686,-9.652972221374512e-05
71,P08,P08-20240614-085000,17554,1.0,1.0,0.4269036054611206,both_mask,0.028993988409638405,0.02696012333035469,0.4262738823890686,-0.000629723072052002
71,P08,P08-20240614-085000,17554,1.0,1.0,0.4269036054611206,gaze_yaw_1deg,0.0022908933460712433,0.0023394152522087097,0.4272981286048889,0.00039452314376831055
71,P08,P08-20240614-085000,17554,1.0,1.0,0.4269036054611206,gaze_yaw_2deg,0.004480361007153988,0.004518869332969189,0.4276725649833679,0.0007689595222473145
71,P08,P08-20240614-085000,17554,1.0,1.0,0.4269036054611206,gaze_yaw_5deg,0.01211765967309475,0.010677576065063477,0.42923158407211304,0.0023279786109924316
71,P08,P08-20240614-085000,17554,1.0,1.0,0.4269036054611206,gaze_yaw_10deg,0.021627286449074745,0.01932240091264248,0.43116968870162964,0.004266083240509033
71,P08,P08-20240614-085000,17554,1.0,1.0,0.4269036054611206,gaze_yaw_20deg,0.03045114502310753,0.03365164250135422,0.43228453397750854,0.0053809285163879395
71,P08,P08-20240614-085000,17554,1.0,1.0,0.4269036054611206,gaze_yaw_45deg,0.05663666874170303,0.05136307328939438,0.41942986845970154,-0.007473737001419067
71,P08,P08-20240614-085000,17554,1.0,1.0,0.4269036054611206,video_swap,0.45853081345558167,0.5204848051071167,0.6259065270423889,0.1990029215812683
72,P08,P08-20240614-125650,8786,1.0,1.0,0.358024537563324,real,0.0,0.0,0.358024537563324,0.0
72,P08,P08-20240614-125650,8786,1.0,1.0,0.358024537563324,identity,0.0,0.0,0.358024537563324,0.0
72,P08,P08-20240614-125650,8786,1.0,1.0,0.358024537563324,gaze_swap,0.006262742914259434,0.007270565256476402,0.35797756910324097,-4.696846008300781e-05
72,P08,P08-20240614-125650,8786,1.0,1.0,0.358024537563324,gaze_mask,0.10655230283737183,0.07142756134271622,0.3525758683681488,-0.005448669195175171
72,P08,P08-20240614-125650,8786,1.0,1.0,0.358024537563324,gaze_zero,0.020141029730439186,0.02027004025876522,0.35720571875572205,-0.0008188188076019287
72,P08,P08-20240614-125650,8786,1.0,1.0,0.358024537563324,gaze_shuffle_time,0.0011822496308013797,0.002945295535027981,0.3579403758049011,-8.416175842285156e-05
72,P08,P08-20240614-125650,8786,1.0,1.0,0.358024537563324,hand_swap,0.0044896225444972515,0.009009754285216331,0.3580467998981476,2.22623348236084e-05
72,P08,P08-20240614-125650,8786,1.0,1.0,0.358024537563324,hand_mask,0.01721058040857315,0.020372914150357246,0.3584827482700348,0.00045821070671081543
72,P08,P08-20240614-125650,8786,1.0,1.0,0.358024537563324,hand_shuffle_time,0.0014867358841001987,0.002890513278543949,0.357940673828125,-8.386373519897461e-05
72,P08,P08-20240614-125650,8786,1.0,1.0,0.358024537563324,both_mask,0.03568348288536072,0.03478999063372612,0.35797250270843506,-5.2034854888916016e-05
72,P08,P08-20240614-125650,8786,1.0,1.0,0.358024537563324,gaze_yaw_1deg,0.0011457516811788082,0.0013727489858865738,0.35804498195648193,2.0444393157958984e-05
72,P08,P08-20240614-125650,8786,1.0,1.0,0.358024537563324,gaze_yaw_2deg,0.002341791056096554,0.0028205036651343107,0.3580654263496399,4.088878631591797e-05
72,P08,P08-20240614-125650,8786,1.0,1.0,0.358024537563324,gaze_yaw_5deg,0.006289777345955372,0.007685090880841017,0.35811614990234375,9.161233901977539e-05
72,P08,P08-20240614-125650,8786,1.0,1.0,0.358024537563324,gaze_yaw_10deg,0.014760277234017849,0.017401812598109245,0.3579329550266266,-9.15825366973877e-05
72,P08,P08-20240614-125650,8786,1.0,1.0,0.358024537563324,gaze_yaw_20deg,0.0676598846912384,0.04676508530974388,0.3538235127925873,-0.004201024770736694
72,P08,P08-20240614-125650,8786,1.0,1.0,0.358024537563324,gaze_yaw_45deg,0.07787765562534332,0.06960967928171158,0.3553217649459839,-0.002702772617340088
72,P08,P08-20240614-125650,8786,1.0,1.0,0.358024537563324,video_swap,0.5798396468162537,0.6015202403068542,0.6973012685775757,0.3392767310142517
73,P08,P08-20240614-125650,25785,1.0,1.0,0.42777860164642334,real,0.0,0.0,0.42777860164642334,0.0
73,P08,P08-20240614-125650,25785,1.0,1.0,0.42777860164642334,identity,0.0,0.0,0.42777860164642334,0.0
73,P08,P08-20240614-125650,25785,1.0,1.0,0.42777860164642334,gaze_swap,0.006997189950197935,0.022166190668940544,0.42798659205436707,0.00020799040794372559
73,P08,P08-20240614-125650,25785,1.0,1.0,0.42777860164642334,gaze_mask,0.0702049657702446,0.07144339382648468,0.43179070949554443,0.004012107849121094
73,P08,P08-20240614-125650,25785,1.0,1.0,0.42777860164642334,gaze_zero,0.01844995655119419,0.019664369523525238,0.4282320439815521,0.0004534423351287842
73,P08,P08-20240614-125650,25785,1.0,1.0,0.42777860164642334,gaze_shuffle_time,0.002012470504269004,0.0029496955685317516,0.4277316927909851,-4.690885543823242e-05
73,P08,P08-20240614-125650,25785,1.0,1.0,0.42777860164642334,hand_swap,0.005732301156967878,0.007074347697198391,0.42763519287109375,-0.00014340877532958984
73,P08,P08-20240614-125650,25785,1.0,1.0,0.42777860164642334,hand_mask,0.015847541391849518,0.016815895214676857,0.42838019132614136,0.0006015896797180176
73,P08,P08-20240614-125650,25785,1.0,1.0,0.42777860164642334,hand_shuffle_time,0.004389514680951834,0.003908894956111908,0.42793750762939453,0.0001589059829711914
73,P08,P08-20240614-125650,25785,1.0,1.0,0.42777860164642334,both_mask,0.030617816373705864,0.028992798179388046,0.42868390679359436,0.0009053051471710205
73,P08,P08-20240614-125650,25785,1.0,1.0,0.42777860164642334,gaze_yaw_1deg,0.0008544235024601221,0.0009460132569074631,0.42779386043548584,1.52587890625e-05
73,P08,P08-20240614-125650,25785,1.0,1.0,0.42777860164642334,gaze_yaw_2deg,0.0017522742273285985,0.00195471104234457,0.42781320214271545,3.460049629211426e-05
73,P08,P08-20240614-125650,25785,1.0,1.0,0.42777860164642334,gaze_yaw_5deg,0.004810844548046589,0.005450715310871601,0.42790254950523376,0.0001239478588104248
73,P08,P08-20240614-125650,25785,1.0,1.0,0.42777860164642334,gaze_yaw_10deg,0.01211620680987835,0.012852702289819717,0.4281889498233795,0.00041034817695617676
73,P08,P08-20240614-125650,25785,1.0,1.0,0.42777860164642334,gaze_yaw_20deg,0.04741067439317703,0.03018554486334324,0.43040189146995544,0.0026232898235321045
73,P08,P08-20240614-125650,25785,1.0,1.0,0.42777860164642334,gaze_yaw_45deg,0.05151180177927017,0.061787914484739304,0.4313415288925171,0.00356292724609375
73,P08,P08-20240614-125650,25785,1.0,1.0,0.42777860164642334,video_swap,0.5922617316246033,0.5809751152992249,0.6969161033630371,0.26913750171661377
74,P08,P08-20240614-125650,24366,1.0,1.0,0.47543466091156006,real,0.0,0.0,0.47543466091156006,0.0
74,P08,P08-20240614-125650,24366,1.0,1.0,0.47543466091156006,identity,0.0,0.0,0.47543466091156006,0.0
74,P08,P08-20240614-125650,24366,1.0,1.0,0.47543466091156006,gaze_swap,0.00935585331171751,0.013418154790997505,0.4758221209049225,0.00038745999336242676
74,P08,P08-20240614-125650,24366,1.0,1.0,0.47543466091156006,gaze_mask,0.058110546320676804,0.03606891632080078,0.47532087564468384,-0.0001137852668762207
74,P08,P08-20240614-125650,24366,1.0,1.0,0.47543466091156006,gaze_zero,0.019342118874192238,0.022566625848412514,0.4761021137237549,0.0006674528121948242
74,P08,P08-20240614-125650,24366,1.0,1.0,0.47543466091156006,gaze_shuffle_time,0.008779751136898994,0.02107083424925804,0.4759760797023773,0.0005414187908172607
74,P08,P08-20240614-125650,24366,1.0,1.0,0.47543466091156006,hand_swap,0.006661608815193176,0.008842594921588898,0.47535932064056396,-7.534027099609375e-05
74,P08,P08-20240614-125650,24366,1.0,1.0,0.47543466091156006,hand_mask,0.016905527561903,0.015666978433728218,0.47627952694892883,0.0008448660373687744
74,P08,P08-20240614-125650,24366,1.0,1.0,0.47543466091156006,hand_shuffle_time,0.008904712274670601,0.007182968780398369,0.4757188558578491,0.0002841949462890625
74,P08,P08-20240614-125650,24366,1.0,1.0,0.47543466091156006,both_mask,0.029698681086301804,0.026922868564724922,0.4762905538082123,0.0008558928966522217
74,P08,P08-20240614-125650,24366,1.0,1.0,0.47543466091156006,gaze_yaw_1deg,0.0010712983785197139,0.0012497552670538425,0.47541698813438416,-1.767277717590332e-05
74,P08,P08-20240614-125650,24366,1.0,1.0,0.47543466091156006,gaze_yaw_2deg,0.0020853520836681128,0.002451967215165496,0.47539499402046204,-3.966689109802246e-05
74,P08,P08-20240614-125650,24366,1.0,1.0,0.47543466091156006,gaze_yaw_5deg,0.004382900893688202,0.005555280018597841,0.47539791464805603,-3.674626350402832e-05
74,P08,P08-20240614-125650,24366,1.0,1.0,0.47543466091156006,gaze_yaw_10deg,0.008535352535545826,0.01244322583079338,0.47548606991767883,5.1409006118774414e-05
74,P08,P08-20240614-125650,24366,1.0,1.0,0.47543466091156006,gaze_yaw_20deg,0.022942479699850082,0.025922095403075218,0.4760211706161499,0.0005865097045898438
74,P08,P08-20240614-125650,24366,1.0,1.0,0.47543466091156006,gaze_yaw_45deg,0.04843930900096893,0.05441824346780777,0.47700363397598267,0.0015689730644226074
74,P08,P08-20240614-125650,24366,1.0,1.0,0.47543466091156006,video_swap,0.4777235686779022,0.475849986076355,0.6668050289154053,0.19137036800384521
75,P08,P08-20240614-125650,7226,1.0,1.0,0.4313097894191742,real,0.0,0.0,0.4313097894191742,0.0
75,P08,P08-20240614-125650,7226,1.0,1.0,0.4313097894191742,identity,0.0,0.0,0.4313097894191742,0.0
75,P08,P08-20240614-125650,7226,1.0,1.0,0.4313097894191742,gaze_swap,0.02216687984764576,0.017076347023248672,0.4348318874835968,0.0035220980644226074
75,P08,P08-20240614-125650,7226,1.0,1.0,0.4313097894191742,gaze_mask,0.06073407456278801,0.04922346770763397,0.4287497401237488,-0.002560049295425415
75,P08,P08-20240614-125650,7226,1.0,1.0,0.4313097894191742,gaze_zero,0.017722351476550102,0.017307696864008904,0.43021005392074585,-0.0010997354984283447
75,P08,P08-20240614-125650,7226,1.0,1.0,0.4313097894191742,gaze_shuffle_time,0.008413128554821014,0.008854043669998646,0.4321194589138031,0.0008096694946289062
75,P08,P08-20240614-125650,7226,1.0,1.0,0.4313097894191742,hand_swap,0.022971073165535927,0.01761521026492119,0.42892786860466003,-0.00238192081451416
75,P08,P08-20240614-125650,7226,1.0,1.0,0.4313097894191742,hand_mask,0.01328998152166605,0.016627119854092598,0.431210458278656,-9.933114051818848e-05
75,P08,P08-20240614-125650,7226,1.0,1.0,0.4313097894191742,hand_shuffle_time,0.0072501846589148045,0.009408275596797466,0.4306923449039459,-0.0006174445152282715
75,P08,P08-20240614-125650,7226,1.0,1.0,0.4313097894191742,both_mask,0.028578827157616615,0.030556321144104004,0.4327526092529297,0.0014428198337554932
75,P08,P08-20240614-125650,7226,1.0,1.0,0.4313097894191742,gaze_yaw_1deg,0.0010107496054843068,0.0010675427038222551,0.43134474754333496,3.49581241607666e-05
75,P08,P08-20240614-125650,7226,1.0,1.0,0.4313097894191742,gaze_yaw_2deg,0.0021040593273937702,0.0022017289884388447,0.43140411376953125,9.432435035705566e-05
75,P08,P08-20240614-125650,7226,1.0,1.0,0.4313097894191742,gaze_yaw_5deg,0.005876312963664532,0.005689028184860945,0.43169334530830383,0.00038355588912963867
75,P08,P08-20240614-125650,7226,1.0,1.0,0.4313097894191742,gaze_yaw_10deg,0.012744713574647903,0.012235772795975208,0.43224427103996277,0.0009344816207885742
75,P08,P08-20240614-125650,7226,1.0,1.0,0.4313097894191742,gaze_yaw_20deg,0.023283110931515694,0.02449527382850647,0.4323137104511261,0.0010039210319519043
75,P08,P08-20240614-125650,7226,1.0,1.0,0.4313097894191742,gaze_yaw_45deg,0.044707298278808594,0.053057972341775894,0.4303758144378662,-0.0009339749813079834
75,P08,P08-20240614-125650,7226,1.0,1.0,0.4313097894191742,video_swap,0.5531705021858215,0.5470333695411682,0.68280428647995,0.25149449706077576
76,P08,P08-20240614-125650,279,1.0,1.0,0.511832058429718,real,0.0,0.0,0.511832058429718,0.0
76,P08,P08-20240614-125650,279,1.0,1.0,0.511832058429718,identity,0.0,0.0,0.511832058429718,0.0
76,P08,P08-20240614-125650,279,1.0,1.0,0.511832058429718,gaze_swap,0.009805801324546337,0.01620539091527462,0.5108800530433655,-0.0009520053863525391
76,P08,P08-20240614-125650,279,1.0,1.0,0.511832058429718,gaze_mask,0.1630820482969284,0.07118482887744904,0.5248838067054749,0.013051748275756836
76,P08,P08-20240614-125650,279,1.0,1.0,0.511832058429718,gaze_zero,0.03218456357717514,0.02367875911295414,0.5097354650497437,-0.0020965933799743652
76,P08,P08-20240614-125650,279,1.0,1.0,0.511832058429718,gaze_shuffle_time,0.008176218718290329,0.0134816262871027,0.5111632943153381,-0.0006687641143798828
76,P08,P08-20240614-125650,279,1.0,1.0,0.511832058429718,hand_swap,0.028900308534502983,0.02220742218196392,0.5145686268806458,0.0027365684509277344
76,P08,P08-20240614-125650,279,1.0,1.0,0.511832058429718,hand_mask,0.035387881100177765,0.022400982677936554,0.515026867389679,0.0031948089599609375
76,P08,P08-20240614-125650,279,1.0,1.0,0.511832058429718,hand_shuffle_time,0.027815457433462143,0.021435867995023727,0.5149263739585876,0.003094315528869629
76,P08,P08-20240614-125650,279,1.0,1.0,0.511832058429718,both_mask,0.03436725214123726,0.03078523650765419,0.5131742358207703,0.001342177391052246
76,P08,P08-20240614-125650,279,1.0,1.0,0.511832058429718,gaze_yaw_1deg,0.0016352235106751323,0.0015575021971017122,0.5119363069534302,0.0001042485237121582
76,P08,P08-20240614-125650,279,1.0,1.0,0.511832058429718,gaze_yaw_2deg,0.0034179610665887594,0.0033709011040627956,0.512059211730957,0.00022715330123901367
76,P08,P08-20240614-125650,279,1.0,1.0,0.511832058429718,gaze_yaw_5deg,0.009840116836130619,0.01082998514175415,0.5125218033790588,0.0006897449493408203
76,P08,P08-20240614-125650,279,1.0,1.0,0.511832058429718,gaze_yaw_10deg,0.022599073126912117,0.02392527461051941,0.5136094093322754,0.001777350902557373
76,P08,P08-20240614-125650,279,1.0,1.0,0.511832058429718,gaze_yaw_20deg,0.03803310915827751,0.043228112161159515,0.5159004330635071,0.0040683746337890625
76,P08,P08-20240614-125650,279,1.0,1.0,0.511832058429718,gaze_yaw_45deg,0.0818931981921196,0.0648684874176979,0.5147309303283691,0.002898871898651123
76,P08,P08-20240614-125650,279,1.0,1.0,0.511832058429718,video_swap,0.7064053416252136,0.6637806296348572,0.928905189037323,0.417073130607605
77,P08,P08-20240614-125650,27029,1.0,0.25,0.4896830916404724,real,0.0,0.0,0.4896830916404724,0.0
77,P08,P08-20240614-125650,27029,1.0,0.25,0.4896830916404724,identity,0.0,0.0,0.4896830916404724,0.0
77,P08,P08-20240614-125650,27029,1.0,0.25,0.4896830916404724,gaze_swap,0.01158398762345314,0.013841931708157063,0.48957183957099915,-0.0001112520694732666
77,P08,P08-20240614-125650,27029,1.0,0.25,0.4896830916404724,gaze_mask,0.11655852943658829,0.048523031175136566,0.49784019589424133,0.008157104253768921
77,P08,P08-20240614-125650,27029,1.0,0.25,0.4896830916404724,gaze_zero,0.018030930310487747,0.01792236603796482,0.48917901515960693,-0.0005040764808654785
77,P08,P08-20240614-125650,27029,1.0,0.25,0.4896830916404724,gaze_shuffle_time,0.005122370086610317,0.005267287138849497,0.4899258017539978,0.00024271011352539062
77,P08,P08-20240614-125650,27029,1.0,0.25,0.4896830916404724,hand_swap,0.010994138196110725,0.012865488417446613,0.49010103940963745,0.00041794776916503906
77,P08,P08-20240614-125650,27029,1.0,0.25,0.4896830916404724,hand_mask,0.0128419678658247,0.006677332334220409,0.48998314142227173,0.0003000497817993164
77,P08,P08-20240614-125650,27029,1.0,0.25,0.4896830916404724,hand_shuffle_time,0.012366357259452343,0.009726087562739849,0.48987719416618347,0.00019410252571105957
77,P08,P08-20240614-125650,27029,1.0,0.25,0.4896830916404724,both_mask,0.02911393530666828,0.027111491188406944,0.49022987484931946,0.0005467832088470459
77,P08,P08-20240614-125650,27029,1.0,0.25,0.4896830916404724,gaze_yaw_1deg,0.0008422207902185619,0.0010919778142124414,0.48970475792884827,2.1666288375854492e-05
77,P08,P08-20240614-125650,27029,1.0,0.25,0.4896830916404724,gaze_yaw_2deg,0.001850283588282764,0.0022645366843789816,0.48973748087882996,5.4389238357543945e-05
77,P08,P08-20240614-125650,27029,1.0,0.25,0.4896830916404724,gaze_yaw_5deg,0.004660828039050102,0.0059066228568553925,0.4897768795490265,9.378790855407715e-05
77,P08,P08-20240614-125650,27029,1.0,0.25,0.4896830916404724,gaze_yaw_10deg,0.011596481315791607,0.01209687627851963,0.4900886118412018,0.0004055202007293701
77,P08,P08-20240614-125650,27029,1.0,0.25,0.4896830916404724,gaze_yaw_20deg,0.023518884554505348,0.02842332050204277,0.49023547768592834,0.0005523860454559326
77,P08,P08-20240614-125650,27029,1.0,0.25,0.4896830916404724,gaze_yaw_45deg,0.0841694325208664,0.057003431022167206,0.49360835552215576,0.00392526388168335
77,P08,P08-20240614-125650,27029,1.0,0.25,0.4896830916404724,video_swap,0.6601949334144592,0.577795147895813,0.8457219004631042,0.35603880882263184
78,P08,P08-20240614-125650,22279,1.0,1.0,0.7231273651123047,real,0.0,0.0,0.7231273651123047,0.0
78,P08,P08-20240614-125650,22279,1.0,1.0,0.7231273651123047,identity,0.0,0.0,0.7231273651123047,0.0
78,P08,P08-20240614-125650,22279,1.0,1.0,0.7231273651123047,gaze_swap,0.0070401947014033794,0.005405763629823923,0.7245993614196777,0.0014719963073730469
78,P08,P08-20240614-125650,22279,1.0,1.0,0.7231273651123047,gaze_mask,0.032814644277095795,0.02883770316839218,0.7296479940414429,0.006520628929138184
78,P08,P08-20240614-125650,22279,1.0,1.0,0.7231273651123047,gaze_zero,0.025548098608851433,0.02032366394996643,0.7264187932014465,0.0032914280891418457
78,P08,P08-20240614-125650,22279,1.0,1.0,0.7231273651123047,gaze_shuffle_time,0.006305561866611242,0.010380786843597889,0.7249035835266113,0.0017762184143066406
78,P08,P08-20240614-125650,22279,1.0,1.0,0.7231273651123047,hand_swap,0.01610293984413147,0.008503768593072891,0.7271397113800049,0.004012346267700195
78,P08,P08-20240614-125650,22279,1.0,1.0,0.7231273651123047,hand_mask,0.016442064195871353,0.018582813441753387,0.7218261361122131,-0.0013012290000915527
78,P08,P08-20240614-125650,22279,1.0,1.0,0.7231273651123047,hand_shuffle_time,0.018425434827804565,0.008322502486407757,0.7280901074409485,0.004962742328643799
78,P08,P08-20240614-125650,22279,1.0,1.0,0.7231273651123047,both_mask,0.022488348186016083,0.027931591495871544,0.7247291207313538,0.0016017556190490723
78,P08,P08-20240614-125650,22279,1.0,1.0,0.7231273651123047,gaze_yaw_1deg,0.002101973397657275,0.0016005028737708926,0.7227956652641296,-0.00033169984817504883
78,P08,P08-20240614-125650,22279,1.0,1.0,0.7231273651123047,gaze_yaw_2deg,0.004569714423269033,0.003382022026926279,0.7223937511444092,-0.0007336139678955078
78,P08,P08-20240614-125650,22279,1.0,1.0,0.7231273651123047,gaze_yaw_5deg,0.013473577797412872,0.009527371264994144,0.7209885716438293,-0.002138793468475342
78,P08,P08-20240614-125650,22279,1.0,1.0,0.7231273651123047,gaze_yaw_10deg,0.027145573869347572,0.019927289336919785,0.7194173336029053,-0.003710031509399414
78,P08,P08-20240614-125650,22279,1.0,1.0,0.7231273651123047,gaze_yaw_20deg,0.02764267660677433,0.03710022568702698,0.7227122783660889,-0.0004150867462158203
78,P08,P08-20240614-125650,22279,1.0,1.0,0.7231273651123047,gaze_yaw_45deg,0.036300744861364365,0.05721847712993622,0.7253896594047546,0.002262294292449951
78,P08,P08-20240614-125650,22279,1.0,1.0,0.7231273651123047,video_swap,0.514939546585083,0.5630621314048767,0.8570846319198608,0.13395726680755615
79,P08,P08-20240614-125650,31611,1.0,1.0,0.4627070128917694,real,0.0,0.0,0.4627070128917694,0.0
79,P08,P08-20240614-125650,31611,1.0,1.0,0.4627070128917694,identity,0.0,0.0,0.4627070128917694,0.0
79,P08,P08-20240614-125650,31611,1.0,1.0,0.4627070128917694,gaze_swap,0.02635437808930874,0.03479190170764923,0.4629581868648529,0.0002511739730834961
79,P08,P08-20240614-125650,31611,1.0,1.0,0.4627070128917694,gaze_mask,0.10850713402032852,0.06084579601883888,0.4702568054199219,0.007549792528152466
79,P08,P08-20240614-125650,31611,1.0,1.0,0.4627070128917694,gaze_zero,0.020446859300136566,0.022775471210479736,0.46328216791152954,0.0005751550197601318
79,P08,P08-20240614-125650,31611,1.0,1.0,0.4627070128917694,gaze_shuffle_time,0.0010055924067273736,0.0023189589846879244,0.4626743793487549,-3.263354301452637e-05
79,P08,P08-20240614-125650,31611,1.0,1.0,0.4627070128917694,hand_swap,0.014647076837718487,0.01646801270544529,0.46330544352531433,0.0005984306335449219
79,P08,P08-20240614-125650,31611,1.0,1.0,0.4627070128917694,hand_mask,0.016989002004265785,0.01757381670176983,0.46285387873649597,0.0001468658447265625
79,P08,P08-20240614-125650,31611,1.0,1.0,0.4627070128917694,hand_shuffle_time,0.002239578403532505,0.003089819336310029,0.4626524746417999,-5.453824996948242e-05
79,P08,P08-20240614-125650,31611,1.0,1.0,0.4627070128917694,both_mask,0.03690608963370323,0.041047584265470505,0.4627175033092499,1.049041748046875e-05
79,P08,P08-20240614-125650,31611,1.0,1.0,0.4627070128917694,gaze_yaw_1deg,0.0009409330086782575,0.0010447121458128095,0.4626906216144562,-1.6391277313232422e-05
79,P08,P08-20240614-125650,31611,1.0,1.0,0.4627070128917694,gaze_yaw_2deg,0.0019746648613363504,0.0021947736386209726,0.462668776512146,-3.8236379623413086e-05
79,P08,P08-20240614-125650,31611,1.0,1.0,0.4627070128917694,gaze_yaw_5deg,0.006137188524007797,0.006474170833826065,0.4625624120235443,-0.00014460086822509766
79,P08,P08-20240614-125650,31611,1.0,1.0,0.4627070128917694,gaze_yaw_10deg,0.019110580906271935,0.016126735135912895,0.4622792601585388,-0.0004277527332305908
79,P08,P08-20240614-125650,31611,1.0,1.0,0.4627070128917694,gaze_yaw_20deg,0.1009887158870697,0.047447480261325836,0.46825531125068665,0.005548298358917236
79,P08,P08-20240614-125650,31611,1.0,1.0,0.4627070128917694,gaze_yaw_45deg,0.09509507566690445,0.0789036750793457,0.4660625457763672,0.0033555328845977783
79,P08,P08-20240614-125650,31611,1.0,1.0,0.4627070128917694,video_swap,0.6674447655677795,0.6646258234977722,0.8019961714744568,0.3392891585826874
80,P08,P08-20240614-125650,28378,1.0,1.0,0.5119428038597107,real,0.0,0.0,0.5119428038597107,0.0
80,P08,P08-20240614-125650,28378,1.0,1.0,0.5119428038597107,identity,0.0,0.0,0.5119428038597107,0.0
80,P08,P08-20240614-125650,28378,1.0,1.0,0.5119428038597107,gaze_swap,0.013752305880188942,0.01975739374756813,0.5117875337600708,-0.00015527009963989258
80,P08,P08-20240614-125650,28378,1.0,1.0,0.5119428038597107,gaze_mask,0.17410647869110107,0.0675874724984169,0.529874324798584,0.01793152093887329
80,P08,P08-20240614-125650,28378,1.0,1.0,0.5119428038597107,gaze_zero,0.018335863947868347,0.019559098407626152,0.5123578310012817,0.0004150271415710449
80,P08,P08-20240614-125650,28378,1.0,1.0,0.5119428038597107,gaze_shuffle_time,0.01159953884780407,0.014677055180072784,0.5126416683197021,0.0006988644599914551
80,P08,P08-20240614-125650,28378,1.0,1.0,0.5119428038597107,hand_swap,0.008795537985861301,0.01162510085850954,0.5116386413574219,-0.00030416250228881836
80,P08,P08-20240614-125650,28378,1.0,1.0,0.5119428038597107,hand_mask,0.012321979738771915,0.01476407703012228,0.5119016766548157,-4.112720489501953e-05
80,P08,P08-20240614-125650,28378,1.0,1.0,0.5119428038597107,hand_shuffle_time,0.005917518399655819,0.009277855046093464,0.5120059251785278,6.312131881713867e-05
80,P08,P08-20240614-125650,28378,1.0,1.0,0.5119428038597107,both_mask,0.04628286138176918,0.030209703370928764,0.512954592704773,0.0010117888450622559
80,P08,P08-20240614-125650,28378,1.0,1.0,0.5119428038597107,gaze_yaw_1deg,0.0010962283704429865,0.001681410358287394,0.5119660496711731,2.3245811462402344e-05
80,P08,P08-20240614-125650,28378,1.0,1.0,0.5119428038597107,gaze_yaw_2deg,0.0025680011603981256,0.0034835892729461193,0.5119814872741699,3.8683414459228516e-05
80,P08,P08-20240614-125650,28378,1.0,1.0,0.5119428038597107,gaze_yaw_5deg,0.007254122756421566,0.007932687178254128,0.5120395421981812,9.673833847045898e-05
80,P08,P08-20240614-125650,28378,1.0,1.0,0.5119428038597107,gaze_yaw_10deg,0.009669418446719646,0.011738214641809464,0.5123997926712036,0.0004569888114929199
80,P08,P08-20240614-125650,28378,1.0,1.0,0.5119428038597107,gaze_yaw_20deg,0.016382921487092972,0.018114853650331497,0.5138324499130249,0.001889646053314209
80,P08,P08-20240614-125650,28378,1.0,1.0,0.5119428038597107,gaze_yaw_45deg,0.2908976078033447,0.11201955378055573,0.5693946480751038,0.057451844215393066
80,P08,P08-20240614-125650,28378,1.0,1.0,0.5119428038597107,video_swap,0.5587006211280823,0.4958639442920685,0.748321533203125,0.2363787293434143
81,P08,P08-20240614-125650,19116,1.0,1.0,0.40191885828971863,real,0.0,0.0,0.40191885828971863,0.0
81,P08,P08-20240614-125650,19116,1.0,1.0,0.40191885828971863,identity,0.0,0.0,0.40191885828971863,0.0
81,P08,P08-20240614-125650,19116,1.0,1.0,0.40191885828971863,gaze_swap,0.0053167338483035564,0.005218720529228449,0.40211328864097595,0.00019443035125732422
81,P08,P08-20240614-125650,19116,1.0,1.0,0.40191885828971863,gaze_mask,0.13444571197032928,0.05826164036989212,0.4101114273071289,0.008192569017410278
81,P08,P08-20240614-125650,19116,1.0,1.0,0.40191885828971863,gaze_zero,0.019527772441506386,0.0212785005569458,0.4022367000579834,0.0003178417682647705
81,P08,P08-20240614-125650,19116,1.0,1.0,0.40191885828971863,gaze_shuffle_time,0.0018262460362166166,0.0037878667935729027,0.4019276201725006,8.761882781982422e-06
81,P08,P08-20240614-125650,19116,1.0,1.0,0.40191885828971863,hand_swap,0.009272697381675243,0.011458732187747955,0.4020293653011322,0.00011050701141357422
81,P08,P08-20240614-125650,19116,1.0,1.0,0.40191885828971863,hand_mask,0.016528557986021042,0.018786506727337837,0.4025592803955078,0.0006404221057891846
81,P08,P08-20240614-125650,19116,1.0,1.0,0.40191885828971863,hand_shuffle_time,0.0012465284671634436,0.0013049112167209387,0.4018874168395996,-3.1441450119018555e-05
81,P08,P08-20240614-125650,19116,1.0,1.0,0.40191885828971863,both_mask,0.034565653651952744,0.034381650388240814,0.4039679169654846,0.002049058675765991
81,P08,P08-20240614-125650,19116,1.0,1.0,0.40191885828971863,gaze_yaw_1deg,0.0008429924491792917,0.0011981921270489693,0.4019288122653961,9.953975677490234e-06
81,P08,P08-20240614-125650,19116,1.0,1.0,0.40191885828971863,gaze_yaw_2deg,0.0016883789794519544,0.002472737804055214,0.4019336402416229,1.4781951904296875e-05
81,P08,P08-20240614-125650,19116,1.0,1.0,0.40191885828971863,gaze_yaw_5deg,0.004342111758887768,0.006764667108654976,0.4019208550453186,1.996755599975586e-06
81,P08,P08-20240614-125650,19116,1.0,1.0,0.40191885828971863,gaze_yaw_10deg,0.010232309810817242,0.014709114097058773,0.40190020203590393,-1.8656253814697266e-05
81,P08,P08-20240614-125650,19116,1.0,1.0,0.40191885828971863,gaze_yaw_20deg,0.05400274321436882,0.03486647456884384,0.40208902955055237,0.00017017126083374023
81,P08,P08-20240614-125650,19116,1.0,1.0,0.40191885828971863,gaze_yaw_45deg,0.12020306289196014,0.07313089817762375,0.40791434049606323,0.0059954822063446045
81,P08,P08-20240614-125650,19116,1.0,1.0,0.40191885828971863,video_swap,0.5577101707458496,0.5887231826782227,0.6832113265991211,0.28129246830940247
82,P08,P08-20240614-125650,22926,1.0,1.0,0.4613901674747467,real,0.0,0.0,0.4613901674747467,0.0
82,P08,P08-20240614-125650,22926,1.0,1.0,0.4613901674747467,identity,0.0,0.0,0.4613901674747467,0.0
82,P08,P08-20240614-125650,22926,1.0,1.0,0.4613901674747467,gaze_swap,0.018634334206581116,0.033831581473350525,0.46254050731658936,0.0011503398418426514
82,P08,P08-20240614-125650,22926,1.0,1.0,0.4613901674747467,gaze_mask,0.04774671047925949,0.06149181351065636,0.4619835615158081,0.0005933940410614014
82,P08,P08-20240614-125650,22926,1.0,1.0,0.4613901674747467,gaze_zero,0.020154278725385666,0.02115427330136299,0.4623260498046875,0.0009358823299407959
82,P08,P08-20240614-125650,22926,1.0,1.0,0.4613901674747467,gaze_shuffle_time,0.0049889348447322845,0.005058276932686567,0.46142205595970154,3.1888484954833984e-05
82,P08,P08-20240614-125650,22926,1.0,1.0,0.4613901674747467,hand_swap,0.023491183295845985,0.016591407358646393,0.46088218688964844,-0.0005079805850982666
82,P08,P08-20240614-125650,22926,1.0,1.0,0.4613901674747467,hand_mask,0.01665903814136982,0.020900597795844078,0.4621463418006897,0.0007561743259429932
82,P08,P08-20240614-125650,22926,1.0,1.0,0.4613901674747467,hand_shuffle_time,0.0052599431946873665,0.008199495263397694,0.46122634410858154,-0.00016382336616516113
82,P08,P08-20240614-125650,22926,1.0,1.0,0.4613901674747467,both_mask,0.035196635872125626,0.030747786164283752,0.4613521099090576,-3.8057565689086914e-05
82,P08,P08-20240614-125650,22926,1.0,1.0,0.4613901674747467,gaze_yaw_1deg,0.0009308454464189708,0.001084127346985042,0.46137121319770813,-1.895427703857422e-05
82,P08,P08-20240614-125650,22926,1.0,1.0,0.4613901674747467,gaze_yaw_2deg,0.0016947403782978654,0.0018993123667314649,0.46136826276779175,-2.1904706954956055e-05
82,P08,P08-20240614-125650,22926,1.0,1.0,0.4613901674747467,gaze_yaw_5deg,0.003922544419765472,0.0042951675131917,0.46139034628868103,1.7881393432617188e-07
82,P08,P08-20240614-125650,22926,1.0,1.0,0.4613901674747467,gaze_yaw_10deg,0.007967834360897541,0.008802358992397785,0.4614567458629608,6.657838821411133e-05
82,P08,P08-20240614-125650,22926,1.0,1.0,0.4613901674747467,gaze_yaw_20deg,0.024358589202165604,0.021515173837542534,0.46199917793273926,0.0006090104579925537
82,P08,P08-20240614-125650,22926,1.0,1.0,0.4613901674747467,gaze_yaw_45deg,0.05772881209850311,0.06475980579853058,0.4635798931121826,0.002189725637435913
82,P08,P08-20240614-125650,22926,1.0,1.0,0.4613901674747467,video_swap,0.6828486919403076,0.6972199082374573,0.8091134428977966,0.3477232754230499
83,P08,P08-20240614-125650,6554,1.0,0.625,0.5325329899787903,real,0.0,0.0,0.5325329899787903,0.0
83,P08,P08-20240614-125650,6554,1.0,0.625,0.5325329899787903,identity,0.0,0.0,0.5325329899787903,0.0
83,P08,P08-20240614-125650,6554,1.0,0.625,0.5325329899787903,gaze_swap,0.01583092287182808,0.02484557405114174,0.5330090522766113,0.0004760622978210449
83,P08,P08-20240614-125650,6554,1.0,0.625,0.5325329899787903,gaze_mask,0.05382220447063446,0.037979189306497574,0.5349041223526001,0.0023711323738098145
83,P08,P08-20240614-125650,6554,1.0,0.625,0.5325329899787903,gaze_zero,0.02313045784831047,0.027221305295825005,0.5329874753952026,0.0004544854164123535
83,P08,P08-20240614-125650,6554,1.0,0.625,0.5325329899787903,gaze_shuffle_time,0.013197114691138268,0.020703384652733803,0.5323777794837952,-0.0001552104949951172
83,P08,P08-20240614-125650,6554,1.0,0.625,0.5325329899787903,hand_swap,0.013607942499220371,0.012650195509195328,0.5333345532417297,0.0008015632629394531
83,P08,P08-20240614-125650,6554,1.0,0.625,0.5325329899787903,hand_mask,0.015111065469682217,0.014150207862257957,0.5337617993354797,0.0012288093566894531
83,P08,P08-20240614-125650,6554,1.0,0.625,0.5325329899787903,hand_shuffle_time,0.011473185382783413,0.014299496077001095,0.5331023335456848,0.0005693435668945312
83,P08,P08-20240614-125650,6554,1.0,0.625,0.5325329899787903,both_mask,0.03891729563474655,0.03472096472978592,0.534177303314209,0.0016443133354187012
83,P08,P08-20240614-125650,6554,1.0,0.625,0.5325329899787903,gaze_yaw_1deg,0.0008926586015149951,0.0013295047683641315,0.5325234532356262,-9.5367431640625e-06
83,P08,P08-20240614-125650,6554,1.0,0.625,0.5325329899787903,gaze_yaw_2deg,0.0018544539343565702,0.002633491065353155,0.5325160026550293,-1.6987323760986328e-05
83,P08,P08-20240614-125650,6554,1.0,0.625,0.5325329899787903,gaze_yaw_5deg,0.0050325035117566586,0.0063494667410850525,0.5325199961662292,-1.2993812561035156e-05
83,P08,P08-20240614-125650,6554,1.0,0.625,0.5325329899787903,gaze_yaw_10deg,0.010601582005620003,0.011803396046161652,0.5326695442199707,0.00013655424118041992
83,P08,P08-20240614-125650,6554,1.0,0.625,0.5325329899787903,gaze_yaw_20deg,0.04776177555322647,0.029281429946422577,0.5338954329490662,0.001362442970275879
83,P08,P08-20240614-125650,6554,1.0,0.625,0.5325329899787903,gaze_yaw_45deg,0.0920385867357254,0.05628623813390732,0.5406468510627747,0.008113861083984375
83,P08,P08-20240614-125650,6554,1.0,0.625,0.5325329899787903,video_swap,0.7017382979393005,0.6194568872451782,0.9181472063064575,0.38561421632766724
84,P08,P08-20240614-125650,1707,1.0,1.0,0.5339866876602173,real,0.0,0.0,0.5339866876602173,0.0
84,P08,P08-20240614-125650,1707,1.0,1.0,0.5339866876602173,identity,0.0,0.0,0.5339866876602173,0.0
84,P08,P08-20240614-125650,1707,1.0,1.0,0.5339866876602173,gaze_swap,0.004803994204849005,0.005735080223530531,0.5329667329788208,-0.0010199546813964844
84,P08,P08-20240614-125650,1707,1.0,1.0,0.5339866876602173,gaze_mask,0.04766286164522171,0.038388147950172424,0.5363475680351257,0.0023608803749084473
84,P08,P08-20240614-125650,1707,1.0,1.0,0.5339866876602173,gaze_zero,0.020994484424591064,0.022516993805766106,0.5316117405891418,-0.0023749470710754395
84,P08,P08-20240614-125650,1707,1.0,1.0,0.5339866876602173,gaze_shuffle_time,0.003113435348495841,0.005527009256184101,0.5343309640884399,0.00034427642822265625
84,P08,P08-20240614-125650,1707,1.0,1.0,0.5339866876602173,hand_swap,0.009242722764611244,0.010257047601044178,0.5357025265693665,0.00171583890914917
84,P08,P08-20240614-125650,1707,1.0,1.0,0.5339866876602173,hand_mask,0.01610434241592884,0.0182979516685009,0.5333491563796997,-0.0006375312805175781
84,P08,P08-20240614-125650,1707,1.0,1.0,0.5339866876602173,hand_shuffle_time,0.0007477134931832552,0.001818908262066543,0.5340940356254578,0.00010734796524047852
84,P08,P08-20240614-125650,1707,1.0,1.0,0.5339866876602173,both_mask,0.04228213429450989,0.033576253801584244,0.5279477834701538,-0.0060389041900634766
84,P08,P08-20240614-125650,1707,1.0,1.0,0.5339866876602173,gaze_yaw_1deg,0.0010974580654874444,0.001193067873828113,0.533794105052948,-0.0001925826072692871
84,P08,P08-20240614-125650,1707,1.0,1.0,0.5339866876602173,gaze_yaw_2deg,0.0022130284924060106,0.002372194780036807,0.5335861444473267,-0.000400543212890625
84,P08,P08-20240614-125650,1707,1.0,1.0,0.5339866876602173,gaze_yaw_5deg,0.005599545314908028,0.005863475613296032,0.5329579710960388,-0.0010287165641784668
84,P08,P08-20240614-125650,1707,1.0,1.0,0.5339866876602173,gaze_yaw_10deg,0.011768932454288006,0.011901968158781528,0.5318616628646851,-0.0021250247955322266
84,P08,P08-20240614-125650,1707,1.0,1.0,0.5339866876602173,gaze_yaw_20deg,0.03604017198085785,0.02859940566122532,0.5315275192260742,-0.0024591684341430664
84,P08,P08-20240614-125650,1707,1.0,1.0,0.5339866876602173,gaze_yaw_45deg,0.06193920969963074,0.06398161500692368,0.5248750448226929,-0.009111642837524414
84,P08,P08-20240614-125650,1707,1.0,1.0,0.5339866876602173,video_swap,0.7341166138648987,0.6909992694854736,0.7961232662200928,0.2621365785598755
85,P08,P08-20240614-125650,10142,1.0,1.0,0.2985077500343323,real,0.0,0.0,0.2985077500343323,0.0
85,P08,P08-20240614-125650,10142,1.0,1.0,0.2985077500343323,identity,0.0,0.0,0.2985077500343323,0.0
85,P08,P08-20240614-125650,10142,1.0,1.0,0.2985077500343323,gaze_swap,0.01994055137038231,0.01824222132563591,0.3024703860282898,0.0039626359939575195
85,P08,P08-20240614-125650,10142,1.0,1.0,0.2985077500343323,gaze_mask,0.10354272276163101,0.05869768559932709,0.2948138117790222,-0.0036939382553100586
85,P08,P08-20240614-125650,10142,1.0,1.0,0.2985077500343323,gaze_zero,0.026041125878691673,0.02523821033537388,0.3023078441619873,0.0038000941276550293
85,P08,P08-20240614-125650,10142,1.0,1.0,0.2985077500343323,gaze_shuffle_time,0.003805410349741578,0.003645520657300949,0.29919156432151794,0.0006838142871856689
85,P08,P08-20240614-125650,10142,1.0,1.0,0.2985077500343323,hand_swap,0.009063644334673882,0.011572934687137604,0.2973525822162628,-0.001155167818069458
85,P08,P08-20240614-125650,10142,1.0,1.0,0.2985077500343323,hand_mask,0.01742819882929325,0.01898648962378502,0.298145055770874,-0.00036269426345825195
85,P08,P08-20240614-125650,10142,1.0,1.0,0.2985077500343323,hand_shuffle_time,0.00016510645218659192,0.0002910738985519856,0.29853248596191406,2.473592758178711e-05
85,P08,P08-20240614-125650,10142,1.0,1.0,0.2985077500343323,both_mask,0.03503764048218727,0.0324484147131443,0.29844504594802856,-6.270408630371094e-05
85,P08,P08-20240614-125650,10142,1.0,1.0,0.2985077500343323,gaze_yaw_1deg,0.0010558287613093853,0.0012697653146460652,0.2984694540500641,-3.8295984268188477e-05
85,P08,P08-20240614-125650,10142,1.0,1.0,0.2985077500343323,gaze_yaw_2deg,0.002187104430049658,0.0026055420748889446,0.2984011769294739,-0.00010657310485839844
85,P08,P08-20240614-125650,10142,1.0,1.0,0.2985077500343323,gaze_yaw_5deg,0.00629767682403326,0.007046733982861042,0.2979637682437897,-0.0005439817905426025
85,P08,P08-20240614-125650,10142,1.0,1.0,0.2985077500343323,gaze_yaw_10deg,0.01887747272849083,0.01588055118918419,0.2962488532066345,-0.002258896827697754
85,P08,P08-20240614-125650,10142,1.0,1.0,0.2985077500343323,gaze_yaw_20deg,0.09706278890371323,0.04833833873271942,0.2919199764728546,-0.006587773561477661
85,P08,P08-20240614-125650,10142,1.0,1.0,0.2985077500343323,gaze_yaw_45deg,0.0927407294511795,0.06467422097921371,0.29464805126190186,-0.00385969877243042
85,P08,P08-20240614-125650,10142,1.0,1.0,0.2985077500343323,video_swap,0.7501184940338135,0.7374213337898254,0.8385079503059387,0.5400002002716064
86,P08,P08-20240614-125650,27875,1.0,1.0,0.6035264730453491,real,0.0,0.0,0.6035264730453491,0.0
86,P08,P08-20240614-125650,27875,1.0,1.0,0.6035264730453491,identity,0.0,0.0,0.6035264730453491,0.0
86,P08,P08-20240614-125650,27875,1.0,1.0,0.6035264730453491,gaze_swap,0.007289656903594732,0.01682518795132637,0.6032618880271912,-0.000264585018157959
86,P08,P08-20240614-125650,27875,1.0,1.0,0.6035264730453491,gaze_mask,0.0617879182100296,0.0493595153093338,0.6120085120201111,0.008482038974761963
86,P08,P08-20240614-125650,27875,1.0,1.0,0.6035264730453491,gaze_zero,0.01981646567583084,0.021619709208607674,0.6051521301269531,0.001625657081604004
86,P08,P08-20240614-125650,27875,1.0,1.0,0.6035264730453491,gaze_shuffle_time,0.004495046101510525,0.013865293003618717,0.6034141182899475,-0.00011235475540161133
86,P08,P08-20240614-125650,27875,1.0,1.0,0.6035264730453491,hand_swap,0.006071846466511488,0.008287105709314346,0.602697491645813,-0.0008289813995361328
86,P08,P08-20240614-125650,27875,1.0,1.0,0.6035264730453491,hand_mask,0.017632631585001945,0.023714227601885796,0.6022742390632629,-0.0012522339820861816
86,P08,P08-20240614-125650,27875,1.0,1.0,0.6035264730453491,hand_shuffle_time,0.006773815955966711,0.00808555819094181,0.6028611063957214,-0.0006653666496276855
86,P08,P08-20240614-125650,27875,1.0,1.0,0.6035264730453491,both_mask,0.025873474776744843,0.0333758220076561,0.603938639163971,0.00041216611862182617
86,P08,P08-20240614-125650,27875,1.0,1.0,0.6035264730453491,gaze_yaw_1deg,0.0006717788055539131,0.0011824951507151127,0.6034975647926331,-2.8908252716064453e-05
86,P08,P08-20240614-125650,27875,1.0,1.0,0.6035264730453491,gaze_yaw_2deg,0.0013188683660700917,0.0024392346385866404,0.6034760475158691,-5.042552947998047e-05
86,P08,P08-20240614-125650,27875,1.0,1.0,0.6035264730453491,gaze_yaw_5deg,0.0032876550685614347,0.006756354123353958,0.6033872365951538,-0.0001392364501953125
86,P08,P08-20240614-125650,27875,1.0,1.0,0.6035264730453491,gaze_yaw_10deg,0.007897389121353626,0.01513186376541853,0.6041437387466431,0.0006172657012939453
86,P08,P08-20240614-125650,27875,1.0,1.0,0.6035264730453491,gaze_yaw_20deg,0.014967171475291252,0.030350705608725548,0.604803204536438,0.0012767314910888672
86,P08,P08-20240614-125650,27875,1.0,1.0,0.6035264730453491,gaze_yaw_45deg,0.06552989035844803,0.060627974569797516,0.6138283014297485,0.010301828384399414
86,P08,P08-20240614-125650,27875,1.0,1.0,0.6035264730453491,video_swap,0.6203292608261108,0.6755074262619019,0.8837750554084778,0.28024858236312866
87,P08,P08-20240614-125650,16902,1.0,1.0,0.5475338101387024,real,0.0,0.0,0.5475338101387024,0.0
87,P08,P08-20240614-125650,16902,1.0,1.0,0.5475338101387024,identity,0.0,0.0,0.5475338101387024,0.0
87,P08,P08-20240614-125650,16902,1.0,1.0,0.5475338101387024,gaze_swap,0.007785947993397713,0.018753113225102425,0.5475154519081116,-1.8358230590820312e-05
87,P08,P08-20240614-125650,16902,1.0,1.0,0.5475338101387024,gaze_mask,0.0372493751347065,0.046017102897167206,0.5491622090339661,0.0016283988952636719
87,P08,P08-20240614-125650,16902,1.0,1.0,0.5475338101387024,gaze_zero,0.03607816621661186,0.027522476390004158,0.5547456741333008,0.007211863994598389
87,P08,P08-20240614-125650,16902,1.0,1.0,0.5475338101387024,gaze_shuffle_time,0.007136396132409573,0.02116641215980053,0.5484609007835388,0.0009270906448364258
87,P08,P08-20240614-125650,16902,1.0,1.0,0.5475338101387024,hand_swap,0.018047446385025978,0.01067781075835228,0.5450824499130249,-0.0024513602256774902
87,P08,P08-20240614-125650,16902,1.0,1.0,0.5475338101387024,hand_mask,0.016248641535639763,0.017950361594557762,0.5469163060188293,-0.0006175041198730469
87,P08,P08-20240614-125650,16902,1.0,1.0,0.5475338101387024,hand_shuffle_time,0.008039726875722408,0.004725513979792595,0.5462262630462646,-0.0013075470924377441
87,P08,P08-20240614-125650,16902,1.0,1.0,0.5475338101387024,both_mask,0.03593230992555618,0.034427449107170105,0.5428160429000854,-0.004717767238616943
87,P08,P08-20240614-125650,16902,1.0,1.0,0.5475338101387024,gaze_yaw_1deg,0.0017542678397148848,0.0028130142018198967,0.5474944114685059,-3.93986701965332e-05
87,P08,P08-20240614-125650,16902,1.0,1.0,0.5475338101387024,gaze_yaw_2deg,0.0030486860778182745,0.0057067968882620335,0.5477015972137451,0.0001677870750427246
87,P08,P08-20240614-125650,16902,1.0,1.0,0.5475338101387024,gaze_yaw_5deg,0.007167738862335682,0.012867996469140053,0.548371434211731,0.0008376240730285645
87,P08,P08-20240614-125650,16902,1.0,1.0,0.5475338101387024,gaze_yaw_10deg,0.012376313097774982,0.01950043812394142,0.5481419563293457,0.0006081461906433105
87,P08,P08-20240614-125650,16902,1.0,1.0,0.5475338101387024,gaze_yaw_20deg,0.02078038826584816,0.02532237395644188,0.5483439564704895,0.0008101463317871094
87,P08,P08-20240614-125650,16902,1.0,1.0,0.5475338101387024,gaze_yaw_45deg,0.0462198331952095,0.04826967418193817,0.5474907755851746,-4.303455352783203e-05
87,P08,P08-20240614-125650,16902,1.0,1.0,0.5475338101387024,video_swap,0.4169863760471344,0.5761805772781372,0.5838354229927063,0.036301612854003906
88,P08,P08-20240614-125650,27899,1.0,1.0,0.5075576901435852,real,0.0,0.0,0.5075576901435852,0.0
88,P08,P08-20240614-125650,27899,1.0,1.0,0.5075576901435852,identity,0.0,0.0,0.5075576901435852,0.0
88,P08,P08-20240614-125650,27899,1.0,1.0,0.5075576901435852,gaze_swap,0.01943809725344181,0.01329472940415144,0.5085268616676331,0.0009691715240478516
88,P08,P08-20240614-125650,27899,1.0,1.0,0.5075576901435852,gaze_mask,0.1715402752161026,0.09380790591239929,0.5326207280158997,0.025063037872314453
88,P08,P08-20240614-125650,27899,1.0,1.0,0.5075576901435852,gaze_zero,0.02556675858795643,0.0210765041410923,0.5093582272529602,0.001800537109375
88,P08,P08-20240614-125650,27899,1.0,1.0,0.5075576901435852,gaze_shuffle_time,0.004664166364818811,0.011994569562375546,0.5079187154769897,0.000361025333404541
88,P08,P08-20240614-125650,27899,1.0,1.0,0.5075576901435852,hand_swap,0.008050383999943733,0.010373585857450962,0.5076718330383301,0.00011414289474487305
88,P08,P08-20240614-125650,27899,1.0,1.0,0.5075576901435852,hand_mask,0.0224809218198061,0.021980656310915947,0.5078772902488708,0.00031960010528564453
88,P08,P08-20240614-125650,27899,1.0,1.0,0.5075576901435852,hand_shuffle_time,0.014403831213712692,0.02460300922393799,0.5080955028533936,0.0005378127098083496
88,P08,P08-20240614-125650,27899,1.0,1.0,0.5075576901435852,both_mask,0.05129631981253624,0.034037996083498,0.5129438638687134,0.005386173725128174
88,P08,P08-20240614-125650,27899,1.0,1.0,0.5075576901435852,gaze_yaw_1deg,0.0017389508429914713,0.0015058740973472595,0.5074875950813293,-7.009506225585938e-05
88,P08,P08-20240614-125650,27899,1.0,1.0,0.5075576901435852,gaze_yaw_2deg,0.0031827918719500303,0.0029579419642686844,0.5074366331100464,-0.00012105703353881836
88,P08,P08-20240614-125650,27899,1.0,1.0,0.5075576901435852,gaze_yaw_5deg,0.007509514689445496,0.007340055424720049,0.5072031021118164,-0.00035458803176879883
88,P08,P08-20240614-125650,27899,1.0,1.0,0.5075576901435852,gaze_yaw_10deg,0.014804612845182419,0.014635889790952206,0.506644070148468,-0.0009136199951171875
88,P08,P08-20240614-125650,27899,1.0,1.0,0.5075576901435852,gaze_yaw_20deg,0.033236533403396606,0.02895284816622734,0.5063623785972595,-0.0011953115463256836
88,P08,P08-20240614-125650,27899,1.0,1.0,0.5075576901435852,gaze_yaw_45deg,0.21033307909965515,0.09426798671483994,0.5427007079124451,0.03514301776885986
88,P08,P08-20240614-125650,27899,1.0,1.0,0.5075576901435852,video_swap,0.6057290434837341,0.5566533803939819,0.7808464169502258,0.2732887268066406
89,P08,P08-20240614-125650,11500,1.0,1.0,0.5302215218544006,real,0.0,0.0,0.5302215218544006,0.0
89,P08,P08-20240614-125650,11500,1.0,1.0,0.5302215218544006,identity,0.0,0.0,0.5302215218544006,0.0
89,P08,P08-20240614-125650,11500,1.0,1.0,0.5302215218544006,gaze_swap,0.006352894939482212,0.006551581434905529,0.5295315980911255,-0.0006899237632751465
89,P08,P08-20240614-125650,11500,1.0,1.0,0.5302215218544006,gaze_mask,0.07852838933467865,0.04331201687455177,0.5487204790115356,0.01849895715713501
89,P08,P08-20240614-125650,11500,1.0,1.0,0.5302215218544006,gaze_zero,0.017636651173233986,0.018110347911715508,0.5308024287223816,0.000580906867980957
89,P08,P08-20240614-125650,11500,1.0,1.0,0.5302215218544006,gaze_shuffle_time,0.0028055664151906967,0.006544784177094698,0.5306423306465149,0.0004208087921142578
89,P08,P08-20240614-125650,11500,1.0,1.0,0.5302215218544006,hand_swap,0.005614594556391239,0.005918486509472132,0.5308451056480408,0.0006235837936401367
89,P08,P08-20240614-125650,11500,1.0,1.0,0.5302215218544006,hand_mask,0.016403263434767723,0.01637347973883152,0.5293132066726685,-0.0009083151817321777
89,P08,P08-20240614-125650,11500,1.0,1.0,0.5302215218544006,hand_shuffle_time,0.007028455846011639,0.004723862279206514,0.5303795337677002,0.00015801191329956055
89,P08,P08-20240614-125650,11500,1.0,1.0,0.5302215218544006,both_mask,0.03478800132870674,0.030854927375912666,0.5297240018844604,-0.0004975199699401855
89,P08,P08-20240614-125650,11500,1.0,1.0,0.5302215218544006,gaze_yaw_1deg,0.000979433418251574,0.0016273227520287037,0.5301397442817688,-8.177757263183594e-05
89,P08,P08-20240614-125650,11500,1.0,1.0,0.5302215218544006,gaze_yaw_2deg,0.0019478858448565006,0.0033477209508419037,0.5300801396369934,-0.00014138221740722656
89,P08,P08-20240614-125650,11500,1.0,1.0,0.5302215218544006,gaze_yaw_5deg,0.0049210768193006516,0.009053458459675312,0.5300223231315613,-0.00019919872283935547
89,P08,P08-20240614-125650,11500,1.0,1.0,0.5302215218544006,gaze_yaw_10deg,0.010634508915245533,0.019576799124479294,0.5299688577651978,-0.00025266408920288086
89,P08,P08-20240614-125650,11500,1.0,1.0,0.5302215218544006,gaze_yaw_20deg,0.029453402385115623,0.03907894715666771,0.5320451855659485,0.0018236637115478516
89,P08,P08-20240614-125650,11500,1.0,1.0,0.5302215218544006,gaze_yaw_45deg,0.06755763292312622,0.06915944814682007,0.5420422554016113,0.011820733547210693
89,P08,P08-20240614-125650,11500,1.0,1.0,0.5302215218544006,video_swap,0.6214188933372498,0.602598249912262,0.7739772200584412,0.24375569820404053
90,P08,P08-20240614-125650,29989,1.0,1.0,0.47900456190109253,real,0.0,0.0,0.47900456190109253,0.0
90,P08,P08-20240614-125650,29989,1.0,1.0,0.47900456190109253,identity,0.0,0.0,0.47900456190109253,0.0
90,P08,P08-20240614-125650,29989,1.0,1.0,0.47900456190109253,gaze_swap,0.00898698903620243,0.01832144893705845,0.47886529564857483,-0.0001392662525177002
90,P08,P08-20240614-125650,29989,1.0,1.0,0.47900456190109253,gaze_mask,0.06709868460893631,0.04373862221837044,0.48020243644714355,0.0011978745460510254
90,P08,P08-20240614-125650,29989,1.0,1.0,0.47900456190109253,gaze_zero,0.02185755968093872,0.01965467631816864,0.47836312651634216,-0.0006414353847503662
90,P08,P08-20240614-125650,29989,1.0,1.0,0.47900456190109253,gaze_shuffle_time,0.006518261041492224,0.006707506719976664,0.4786417782306671,-0.00036278367042541504
90,P08,P08-20240614-125650,29989,1.0,1.0,0.47900456190109253,hand_swap,0.017136093229055405,0.017016787081956863,0.4795386791229248,0.0005341172218322754
90,P08,P08-20240614-125650,29989,1.0,1.0,0.47900456190109253,hand_mask,0.017136093229055405,0.017016787081956863,0.4795386791229248,0.0005341172218322754
90,P08,P08-20240614-125650,29989,1.0,1.0,0.47900456190109253,hand_shuffle_time,0.001568844192661345,0.004163611214607954,0.47897011041641235,-3.445148468017578e-05
90,P08,P08-20240614-125650,29989,1.0,1.0,0.47900456190109253,both_mask,0.03093397617340088,0.02903110347688198,0.48007768392562866,0.0010731220245361328
90,P08,P08-20240614-125650,29989,1.0,1.0,0.47900456190109253,gaze_yaw_1deg,0.0009483418543823063,0.0013617220101878047,0.4790038466453552,-7.152557373046875e-07
90,P08,P08-20240614-125650,29989,1.0,1.0,0.47900456190109253,gaze_yaw_2deg,0.0019334894604980946,0.002824520692229271,0.47900643944740295,1.8775463104248047e-06
90,P08,P08-20240614-125650,29989,1.0,1.0,0.47900456190109253,gaze_yaw_5deg,0.005122059490531683,0.00773247517645359,0.47903743386268616,3.287196159362793e-05
90,P08,P08-20240614-125650,29989,1.0,1.0,0.47900456190109253,gaze_yaw_10deg,0.011875051073729992,0.016426188871264458,0.47903841733932495,3.3855438232421875e-05
90,P08,P08-20240614-125650,29989,1.0,1.0,0.47900456190109253,gaze_yaw_20deg,0.04067337512969971,0.0344938226044178,0.4792044162750244,0.00019985437393188477
90,P08,P08-20240614-125650,29989,1.0,1.0,0.47900456190109253,gaze_yaw_45deg,0.04879765212535858,0.05803985521197319,0.48052385449409485,0.0015192925930023193
90,P08,P08-20240614-125650,29989,1.0,1.0,0.47900456190109253,video_swap,0.6800469160079956,0.666705846786499,0.8555502891540527,0.3765457272529602
91,P08,P08-20240614-125650,6721,1.0,0.0,0.5429321527481079,real,0.0,0.0,0.5429321527481079,0.0
91,P08,P08-20240614-125650,6721,1.0,0.0,0.5429321527481079,identity,0.0,0.0,0.5429321527481079,0.0
91,P08,P08-20240614-125650,6721,1.0,0.0,0.5429321527481079,gaze_swap,0.015192043967545033,0.018640615046024323,0.5433949828147888,0.0004628300666809082
91,P08,P08-20240614-125650,6721,1.0,0.0,0.5429321527481079,gaze_mask,0.04693809524178505,0.032496821135282516,0.5475500226020813,0.004617869853973389
91,P08,P08-20240614-125650,6721,1.0,0.0,0.5429321527481079,gaze_zero,0.016478190198540688,0.01906060054898262,0.5432953834533691,0.00036323070526123047
91,P08,P08-20240614-125650,6721,1.0,0.0,0.5429321527481079,gaze_shuffle_time,0.009594482369720936,0.010469966568052769,0.5431162118911743,0.00018405914306640625
91,P08,P08-20240614-125650,6721,1.0,0.0,0.5429321527481079,hand_swap,0.011963704600930214,0.009838413447141647,0.5432506203651428,0.0003184676170349121
91,P08,P08-20240614-125650,6721,1.0,0.0,0.5429321527481079,hand_mask,0.0,0.0,0.5429321527481079,0.0
91,P08,P08-20240614-125650,6721,1.0,0.0,0.5429321527481079,hand_shuffle_time,0.0,0.0,0.5429321527481079,0.0
91,P08,P08-20240614-125650,6721,1.0,0.0,0.5429321527481079,both_mask,0.04693809524178505,0.032496821135282516,0.5475500226020813,0.004617869853973389
91,P08,P08-20240614-125650,6721,1.0,0.0,0.5429321527481079,gaze_yaw_1deg,0.0012894721003249288,0.0018071033991873264,0.5428583025932312,-7.385015487670898e-05
91,P08,P08-20240614-125650,6721,1.0,0.0,0.5429321527481079,gaze_yaw_2deg,0.002653040224686265,0.0036847791634500027,0.542779266834259,-0.00015288591384887695
91,P08,P08-20240614-125650,6721,1.0,0.0,0.5429321527481079,gaze_yaw_5deg,0.007415643893182278,0.009234578348696232,0.5424633622169495,-0.00046879053115844727
91,P08,P08-20240614-125650,6721,1.0,0.0,0.5429321527481079,gaze_yaw_10deg,0.012346104718744755,0.016766730695962906,0.5424709320068359,-0.00046122074127197266
91,P08,P08-20240614-125650,6721,1.0,0.0,0.5429321527481079,gaze_yaw_20deg,0.02777162939310074,0.03296218439936638,0.5428627133369446,-6.943941116333008e-05
91,P08,P08-20240614-125650,6721,1.0,0.0,0.5429321527481079,gaze_yaw_45deg,0.06573184579610825,0.05749901384115219,0.5456235408782959,0.0026913881301879883
91,P08,P08-20240614-125650,6721,1.0,0.0,0.5429321527481079,video_swap,0.6796059608459473,0.6757298707962036,0.8740605115890503,0.3311283588409424
92,P08,P08-20240614-125650,5893,1.0,0.375,0.5246691703796387,real,0.0,0.0,0.5246691703796387,0.0
92,P08,P08-20240614-125650,5893,1.0,0.375,0.5246691703796387,identity,0.0,0.0,0.5246691703796387,0.0
92,P08,P08-20240614-125650,5893,1.0,0.375,0.5246691703796387,gaze_swap,0.017003696411848068,0.014041616581380367,0.5260260701179504,0.0013568997383117676
92,P08,P08-20240614-125650,5893,1.0,0.375,0.5246691703796387,gaze_mask,0.09641353040933609,0.04415513947606087,0.5401372909545898,0.015468120574951172
92,P08,P08-20240614-125650,5893,1.0,0.375,0.5246691703796387,gaze_zero,0.026802724227309227,0.02353871986269951,0.527597963809967,0.002928793430328369
92,P08,P08-20240614-125650,5893,1.0,0.375,0.5246691703796387,gaze_shuffle_time,0.0048519400879740715,0.023774154484272003,0.524344801902771,-0.0003243684768676758
92,P08,P08-20240614-125650,5893,1.0,0.375,0.5246691703796387,hand_swap,0.008538338355720043,0.014670792035758495,0.5245800614356995,-8.910894393920898e-05
92,P08,P08-20240614-125650,5893,1.0,0.375,0.5246691703796387,hand_mask,0.010739196091890335,0.008358911611139774,0.524794340133667,0.0001251697540283203
92,P08,P08-20240614-125650,5893,1.0,0.375,0.5246691703796387,hand_shuffle_time,0.01191316731274128,0.010526500642299652,0.5260653495788574,0.00139617919921875
92,P08,P08-20240614-125650,5893,1.0,0.375,0.5246691703796387,both_mask,0.03810865432024002,0.03136322647333145,0.5270270705223083,0.0023579001426696777
92,P08,P08-20240614-125650,5893,1.0,0.375,0.5246691703796387,gaze_yaw_1deg,0.0012790325563400984,0.00133851810824126,0.5246687531471252,-4.172325134277344e-07
92,P08,P08-20240614-125650,5893,1.0,0.375,0.5246691703796387,gaze_yaw_2deg,0.0024423154536634684,0.002620305633172393,0.5246983170509338,2.9146671295166016e-05
92,P08,P08-20240614-125650,5893,1.0,0.375,0.5246691703796387,gaze_yaw_5deg,0.005999361630529165,0.007011030334979296,0.5249709486961365,0.00030177831649780273
92,P08,P08-20240614-125650,5893,1.0,0.375,0.5246691703796387,gaze_yaw_10deg,0.010718131437897682,0.014615596272051334,0.5255110859870911,0.0008419156074523926
92,P08,P08-20240614-125650,5893,1.0,0.375,0.5246691703796387,gaze_yaw_20deg,0.018311532214283943,0.02341962791979313,0.526411235332489,0.0017420649528503418
92,P08,P08-20240614-125650,5893,1.0,0.375,0.5246691703796387,gaze_yaw_45deg,0.10288336873054504,0.06468003988265991,0.5411611795425415,0.016492009162902832
92,P08,P08-20240614-125650,5893,1.0,0.375,0.5246691703796387,video_swap,0.6120924353599548,0.6050458550453186,0.7603257298469543,0.23565655946731567
93,P08,P08-20240614-125650,22267,1.0,1.0,0.6971132755279541,real,0.0,0.0,0.6971132755279541,0.0
93,P08,P08-20240614-125650,22267,1.0,1.0,0.6971132755279541,identity,0.0,0.0,0.6971132755279541,0.0
93,P08,P08-20240614-125650,22267,1.0,1.0,0.6971132755279541,gaze_swap,0.01856260560452938,0.013761254958808422,0.7000500559806824,0.0029367804527282715
93,P08,P08-20240614-125650,22267,1.0,1.0,0.6971132755279541,gaze_mask,0.10891754180192947,0.04781869798898697,0.7230393290519714,0.025926053524017334
93,P08,P08-20240614-125650,22267,1.0,1.0,0.6971132755279541,gaze_zero,0.023683393374085426,0.01991184800863266,0.7019199132919312,0.004806637763977051
93,P08,P08-20240614-125650,22267,1.0,1.0,0.6971132755279541,gaze_shuffle_time,0.005705410148948431,0.011296317912638187,0.6977037787437439,0.0005905032157897949
93,P08,P08-20240614-125650,22267,1.0,1.0,0.6971132755279541,hand_swap,0.012697233818471432,0.011712199077010155,0.6974477171897888,0.0003344416618347168
93,P08,P08-20240614-125650,22267,1.0,1.0,0.6971132755279541,hand_mask,0.014721278101205826,0.022110581398010254,0.696901261806488,-0.00021201372146606445
93,P08,P08-20240614-125650,22267,1.0,1.0,0.6971132755279541,hand_shuffle_time,0.0047356258146464825,0.007961236871778965,0.6973915100097656,0.00027823448181152344
93,P08,P08-20240614-125650,22267,1.0,1.0,0.6971132755279541,both_mask,0.05159074813127518,0.032210879027843475,0.706984281539917,0.00987100601196289
93,P08,P08-20240614-125650,22267,1.0,1.0,0.6971132755279541,gaze_yaw_1deg,0.001371662481687963,0.002221538219600916,0.6971539855003357,4.07099723815918e-05
93,P08,P08-20240614-125650,22267,1.0,1.0,0.6971132755279541,gaze_yaw_2deg,0.0032974155619740486,0.004627138841897249,0.6972976326942444,0.0001843571662902832
93,P08,P08-20240614-125650,22267,1.0,1.0,0.6971132755279541,gaze_yaw_5deg,0.008148360066115856,0.009132416918873787,0.6973544359207153,0.00024116039276123047
93,P08,P08-20240614-125650,22267,1.0,1.0,0.6971132755279541,gaze_yaw_10deg,0.012053288519382477,0.015793941915035248,0.6962394118309021,-0.000873863697052002
93,P08,P08-20240614-125650,22267,1.0,1.0,0.6971132755279541,gaze_yaw_20deg,0.02649659290909767,0.030597321689128876,0.6959558725357056,-0.0011574029922485352
93,P08,P08-20240614-125650,22267,1.0,1.0,0.6971132755279541,gaze_yaw_45deg,0.2542213201522827,0.10687386989593506,0.7706990838050842,0.07358580827713013
93,P08,P08-20240614-125650,22267,1.0,1.0,0.6971132755279541,video_swap,0.5933361649513245,0.5485556721687317,0.8593234419822693,0.16221016645431519
94,P08,P08-20240614-125650,18290,1.0,1.0,0.515662670135498,real,0.0,0.0,0.515662670135498,0.0
94,P08,P08-20240614-125650,18290,1.0,1.0,0.515662670135498,identity,0.0,0.0,0.515662670135498,0.0
94,P08,P08-20240614-125650,18290,1.0,1.0,0.515662670135498,gaze_swap,0.003896336769685149,0.0049667335115373135,0.5147890448570251,-0.0008736252784729004
94,P08,P08-20240614-125650,18290,1.0,1.0,0.515662670135498,gaze_mask,0.0802203118801117,0.04200456663966179,0.5331178307533264,0.01745516061782837
94,P08,P08-20240614-125650,18290,1.0,1.0,0.515662670135498,gaze_zero,0.018816551193594933,0.021974261850118637,0.5180292129516602,0.0023665428161621094
94,P08,P08-20240614-125650,18290,1.0,1.0,0.515662670135498,gaze_shuffle_time,0.0027475422248244286,0.002901108004152775,0.5150092840194702,-0.000653386116027832
94,P08,P08-20240614-125650,18290,1.0,1.0,0.515662670135498,hand_swap,0.009630011394619942,0.009533512406051159,0.5166187286376953,0.0009560585021972656
94,P08,P08-20240614-125650,18290,1.0,1.0,0.515662670135498,hand_mask,0.01705673709511757,0.01834200508892536,0.5148028135299683,-0.0008598566055297852
94,P08,P08-20240614-125650,18290,1.0,1.0,0.515662670135498,hand_shuffle_time,0.0005558329285122454,0.001127152587287128,0.5156111717224121,-5.14984130859375e-05
94,P08,P08-20240614-125650,18290,1.0,1.0,0.515662670135498,both_mask,0.0371038056910038,0.03392777591943741,0.5121960639953613,-0.0034666061401367188
94,P08,P08-20240614-125650,18290,1.0,1.0,0.515662670135498,gaze_yaw_1deg,0.0010789575753733516,0.0011361954966560006,0.5155794024467468,-8.32676887512207e-05
94,P08,P08-20240614-125650,18290,1.0,1.0,0.515662670135498,gaze_yaw_2deg,0.0021399541292339563,0.0023006305564194918,0.515494704246521,-0.00016796588897705078
94,P08,P08-20240614-125650,18290,1.0,1.0,0.515662670135498,gaze_yaw_5deg,0.005277186166495085,0.005967595614492893,0.5152407884597778,-0.00042188167572021484
94,P08,P08-20240614-125650,18290,1.0,1.0,0.515662670135498,gaze_yaw_10deg,0.011009789071977139,0.012579171918332577,0.5147255063056946,-0.0009371638298034668
94,P08,P08-20240614-125650,18290,1.0,1.0,0.515662670135498,gaze_yaw_20deg,0.03281548246741295,0.028047963976860046,0.5150032043457031,-0.0006594657897949219
94,P08,P08-20240614-125650,18290,1.0,1.0,0.515662670135498,gaze_yaw_45deg,0.05726221576333046,0.06204871088266373,0.5173028111457825,0.0016401410102844238
94,P08,P08-20240614-125650,18290,1.0,1.0,0.515662670135498,video_swap,0.662494957447052,0.6340630054473877,0.7626402974128723,0.24697762727737427
95,P08,P08-20240614-125650,9927,1.0,1.0,0.4743519723415375,real,0.0,0.0,0.4743519723415375,0.0
95,P08,P08-20240614-125650,9927,1.0,1.0,0.4743519723415375,identity,0.0,0.0,0.4743519723415375,0.0
95,P08,P08-20240614-125650,9927,1.0,1.0,0.4743519723415375,gaze_swap,0.009431452490389347,0.010253564454615116,0.4736230671405792,-0.000728905200958252
95,P08,P08-20240614-125650,9927,1.0,1.0,0.4743519723415375,gaze_mask,0.10500334203243256,0.05520312860608101,0.4947587549686432,0.020406782627105713
95,P08,P08-20240614-125650,9927,1.0,1.0,0.4743519723415375,gaze_zero,0.021392641589045525,0.024775397032499313,0.47456932067871094,0.00021734833717346191
95,P08,P08-20240614-125650,9927,1.0,1.0,0.4743519723415375,gaze_shuffle_time,0.003949123900383711,0.0043571460992097855,0.47446659207344055,0.00011461973190307617
95,P08,P08-20240614-125650,9927,1.0,1.0,0.4743519723415375,hand_swap,0.01060158759355545,0.010817009024322033,0.47441720962524414,6.523728370666504e-05
95,P08,P08-20240614-125650,9927,1.0,1.0,0.4743519723415375,hand_mask,0.01762480102479458,0.017377464100718498,0.4739411175251007,-0.0004108548164367676
95,P08,P08-20240614-125650,9927,1.0,1.0,0.4743519723415375,hand_shuffle_time,0.001966379815712571,0.0042578247375786304,0.47460731863975525,0.00025534629821777344
95,P08,P08-20240614-125650,9927,1.0,1.0,0.4743519723415375,both_mask,0.03891044482588768,0.03212367743253708,0.47723016142845154,0.0028781890869140625
95,P08,P08-20240614-125650,9927,1.0,1.0,0.4743519723415375,gaze_yaw_1deg,0.0012877508997917175,0.0015213075093925,0.47438329458236694,3.1322240829467773e-05
95,P08,P08-20240614-125650,9927,1.0,1.0,0.4743519723415375,gaze_yaw_2deg,0.002245220122858882,0.002568635391071439,0.474380761384964,2.8789043426513672e-05
95,P08,P08-20240614-125650,9927,1.0,1.0,0.4743519723415375,gaze_yaw_5deg,0.004835616331547499,0.005007102154195309,0.4743156433105469,-3.6329030990600586e-05
95,P08,P08-20240614-125650,9927,1.0,1.0,0.4743519723415375,gaze_yaw_10deg,0.009942060336470604,0.009743387810885906,0.4742956757545471,-5.6296586990356445e-05
95,P08,P08-20240614-125650,9927,1.0,1.0,0.4743519723415375,gaze_yaw_20deg,0.034185901284217834,0.023540141060948372,0.4766020178794861,0.0022500455379486084
95,P08,P08-20240614-125650,9927,1.0,1.0,0.4743519723415375,gaze_yaw_45deg,0.09704136848449707,0.0640065148472786,0.49148717522621155,0.017135202884674072
95,P08,P08-20240614-125650,9927,1.0,1.0,0.4743519723415375,video_swap,0.6527597904205322,0.617850124835968,0.7560564875602722,0.28170451521873474
