clip,participant,recording,start_frame,gaze_valid_frac,hand_valid_frac,mse_real,condition,rel_last,rel_full,mse,d_mse
0,P08,P08-20240613-122900,4578,1.0,1.0,0.6339361071586609,real,0.0,0.0,0.6339361071586609,0.0
0,P08,P08-20240613-122900,4578,1.0,1.0,0.6339361071586609,identity,0.0,0.0,0.6339361071586609,0.0
0,P08,P08-20240613-122900,4578,1.0,1.0,0.6339361071586609,gaze_swap,0.03632071241736412,0.053592927753925323,0.632916271686554,-0.0010198354721069336
0,P08,P08-20240613-122900,4578,1.0,1.0,0.6339361071586609,gaze_mask,0.1874428540468216,0.1248093768954277,0.6372787356376648,0.0033426284790039062
0,P08,P08-20240613-122900,4578,1.0,1.0,0.6339361071586609,gaze_zero,0.15515515208244324,0.12739655375480652,0.6314705014228821,-0.0024656057357788086
0,P08,P08-20240613-122900,4578,1.0,1.0,0.6339361071586609,gaze_shuffle_time,0.02906452864408493,0.02157246693968773,0.6317251324653625,-0.00221097469329834
0,P08,P08-20240613-122900,4578,1.0,1.0,0.6339361071586609,hand_swap,0.04600859433412552,0.043255794793367386,0.6364239454269409,0.0024878382682800293
0,P08,P08-20240613-122900,4578,1.0,1.0,0.6339361071586609,hand_mask,0.11221359670162201,0.09501130133867264,0.635413646697998,0.0014775395393371582
0,P08,P08-20240613-122900,4578,1.0,1.0,0.6339361071586609,hand_shuffle_time,0.03835612162947655,0.03402668610215187,0.6329345703125,-0.0010015368461608887
0,P08,P08-20240613-122900,4578,1.0,1.0,0.6339361071586609,both_mask,0.18913529813289642,0.1234467551112175,0.6416308283805847,0.007694721221923828
0,P08,P08-20240613-122900,4578,1.0,1.0,0.6339361071586609,gaze_yaw_1deg,0.0036054044030606747,0.003366808407008648,0.6344402432441711,0.0005041360855102539
0,P08,P08-20240613-122900,4578,1.0,1.0,0.6339361071586609,gaze_yaw_2deg,0.007158051710575819,0.006549019366502762,0.6349363923072815,0.0010002851486206055
0,P08,P08-20240613-122900,4578,1.0,1.0,0.6339361071586609,gaze_yaw_5deg,0.017769096419215202,0.016011931002140045,0.6362863779067993,0.0023502707481384277
0,P08,P08-20240613-122900,4578,1.0,1.0,0.6339361071586609,gaze_yaw_10deg,0.030589653179049492,0.028222981840372086,0.6376082897186279,0.003672182559967041
0,P08,P08-20240613-122900,4578,1.0,1.0,0.6339361071586609,gaze_yaw_20deg,0.04364567622542381,0.04206536337733269,0.6368157863616943,0.0028796792030334473
0,P08,P08-20240613-122900,4578,1.0,1.0,0.6339361071586609,gaze_yaw_45deg,0.08410647511482239,0.07379405945539474,0.6337222456932068,-0.00021386146545410156
1,P08,P08-20240613-122900,3557,1.0,1.0,0.7176128029823303,real,0.0,0.0,0.7176128029823303,0.0
1,P08,P08-20240613-122900,3557,1.0,1.0,0.7176128029823303,identity,0.0,0.0,0.7176128029823303,0.0
1,P08,P08-20240613-122900,3557,1.0,1.0,0.7176128029823303,gaze_swap,0.1221252828836441,0.10266448557376862,0.7056841850280762,-0.01192861795425415
1,P08,P08-20240613-122900,3557,1.0,1.0,0.7176128029823303,gaze_mask,0.13095051050186157,0.11797313392162323,0.704660952091217,-0.012951850891113281
1,P08,P08-20240613-122900,3557,1.0,1.0,0.7176128029823303,gaze_zero,0.15127885341644287,0.12239939719438553,0.7039286494255066,-0.01368415355682373
1,P08,P08-20240613-122900,3557,1.0,1.0,0.7176128029823303,gaze_shuffle_time,0.1273178607225418,0.0734541267156601,0.7051981687545776,-0.012414634227752686
1,P08,P08-20240613-122900,3557,1.0,1.0,0.7176128029823303,hand_swap,0.03260931745171547,0.0587509386241436,0.7182669043540955,0.0006541013717651367
1,P08,P08-20240613-122900,3557,1.0,1.0,0.7176128029823303,hand_mask,0.09877722710371017,0.10804862529039383,0.7159167528152466,-0.0016960501670837402
1,P08,P08-20240613-122900,3557,1.0,1.0,0.7176128029823303,hand_shuffle_time,0.03085162304341793,0.024936171248555183,0.7167443633079529,-0.0008684396743774414
1,P08,P08-20240613-122900,3557,1.0,1.0,0.7176128029823303,both_mask,0.1342189908027649,0.1342858076095581,0.7119855880737305,-0.0056272149085998535
1,P08,P08-20240613-122900,3557,1.0,1.0,0.7176128029823303,gaze_yaw_1deg,0.007286937907338142,0.004543615505099297,0.718009352684021,0.00039654970169067383
1,P08,P08-20240613-122900,3557,1.0,1.0,0.7176128029823303,gaze_yaw_2deg,0.0148869464173913,0.010668029077351093,0.7185060381889343,0.0008932352066040039
1,P08,P08-20240613-122900,3557,1.0,1.0,0.7176128029823303,gaze_yaw_5deg,0.030251270160079002,0.03127674758434296,0.7191571593284607,0.001544356346130371
1,P08,P08-20240613-122900,3557,1.0,1.0,0.7176128029823303,gaze_yaw_10deg,0.046672992408275604,0.048521988093853,0.719550609588623,0.0019378066062927246
1,P08,P08-20240613-122900,3557,1.0,1.0,0.7176128029823303,gaze_yaw_20deg,0.05890670046210289,0.05311962589621544,0.7182552218437195,0.0006424188613891602
1,P08,P08-20240613-122900,3557,1.0,1.0,0.7176128029823303,gaze_yaw_45deg,0.07241083681583405,0.066470667719841,0.7097468972206116,-0.00786590576171875
1,P08,P08-20240613-122900,3557,1.0,1.0,0.7176128029823303,video_swap,0.6695696711540222,0.699514627456665,0.7753579020500183,0.05774509906768799
2,P08,P08-20240613-122900,2177,1.0,1.0,0.6246300935745239,real,0.0,0.0,0.6246300935745239,0.0
2,P08,P08-20240613-122900,2177,1.0,1.0,0.6246300935745239,identity,0.0,0.0,0.6246300935745239,0.0
2,P08,P08-20240613-122900,2177,1.0,1.0,0.6246300935745239,gaze_swap,0.062294915318489075,0.05852508917450905,0.6261852383613586,0.0015551447868347168
2,P08,P08-20240613-122900,2177,1.0,1.0,0.6246300935745239,gaze_mask,0.18560992181301117,0.15122152864933014,0.6266841292381287,0.0020540356636047363
2,P08,P08-20240613-122900,2177,1.0,1.0,0.6246300935745239,gaze_zero,0.12427223473787308,0.14995409548282623,0.6207349896430969,-0.003895103931427002
2,P08,P08-20240613-122900,2177,1.0,1.0,0.6246300935745239,gaze_shuffle_time,0.13739332556724548,0.08656478673219681,0.6284434795379639,0.0038133859634399414
2,P08,P08-20240613-122900,2177,1.0,1.0,0.6246300935745239,hand_swap,0.03447277471423149,0.041590601205825806,0.6223859786987305,-0.002244114875793457
2,P08,P08-20240613-122900,2177,1.0,1.0,0.6246300935745239,hand_mask,0.15996037423610687,0.14148248732089996,0.6219854354858398,-0.002644658088684082
2,P08,P08-20240613-122900,2177,1.0,1.0,0.6246300935745239,hand_shuffle_time,0.08503729850053787,0.06325668096542358,0.6218815445899963,-0.002748548984527588
2,P08,P08-20240613-122900,2177,1.0,1.0,0.6246300935745239,both_mask,0.13273118436336517,0.17459626495838165,0.6211556792259216,-0.003474414348602295
2,P08,P08-20240613-122900,2177,1.0,1.0,0.6246300935745239,gaze_yaw_1deg,0.0031166968401521444,0.0069547682069242,0.624758780002594,0.00012868642807006836
2,P08,P08-20240613-122900,2177,1.0,1.0,0.6246300935745239,gaze_yaw_2deg,0.006189623847603798,0.011732230894267559,0.6248729228973389,0.0002428293228149414
2,P08,P08-20240613-122900,2177,1.0,1.0,0.6246300935745239,gaze_yaw_5deg,0.01917431131005287,0.02657299116253853,0.6254352331161499,0.0008051395416259766
2,P08,P08-20240613-122900,2177,1.0,1.0,0.6246300935745239,gaze_yaw_10deg,0.03777798265218735,0.043887779116630554,0.6261354684829712,0.0015053749084472656
2,P08,P08-20240613-122900,2177,1.0,1.0,0.6246300935745239,gaze_yaw_20deg,0.06868497282266617,0.06752115488052368,0.6257859468460083,0.001155853271484375
2,P08,P08-20240613-122900,2177,1.0,1.0,0.6246300935745239,gaze_yaw_45deg,0.10356394946575165,0.10571310669183731,0.6228761672973633,-0.0017539262771606445
2,P08,P08-20240613-122900,2177,1.0,1.0,0.6246300935745239,video_swap,0.6424406170845032,0.6215282082557678,0.7453601360321045,0.12073004245758057
3,P08,P08-20240613-122900,3492,1.0,1.0,0.6149265170097351,real,0.0,0.0,0.6149265170097351,0.0
3,P08,P08-20240613-122900,3492,1.0,1.0,0.6149265170097351,identity,0.0,0.0,0.6149265170097351,0.0
3,P08,P08-20240613-122900,3492,1.0,1.0,0.6149265170097351,gaze_swap,0.01838623732328415,0.010838386602699757,0.6145910024642944,-0.00033551454544067383
3,P08,P08-20240613-122900,3492,1.0,1.0,0.6149265170097351,gaze_mask,0.09645043313503265,0.11114878207445145,0.6156070828437805,0.0006805658340454102
3,P08,P08-20240613-122900,3492,1.0,1.0,0.6149265170097351,gaze_zero,0.07980989664793015,0.1137494221329689,0.6132979393005371,-0.001628577709197998
3,P08,P08-20240613-122900,3492,1.0,1.0,0.6149265170097351,gaze_shuffle_time,0.047781769186258316,0.057421986013650894,0.6177768111228943,0.0028502941131591797
3,P08,P08-20240613-122900,3492,1.0,1.0,0.6149265170097351,hand_swap,0.009152581915259361,0.00942369643598795,0.6151415109634399,0.00021499395370483398
3,P08,P08-20240613-122900,3492,1.0,1.0,0.6149265170097351,hand_mask,0.09276694804430008,0.07904002815485,0.6191691756248474,0.004242658615112305
3,P08,P08-20240613-122900,3492,1.0,1.0,0.6149265170097351,hand_shuffle_time,0.026619652286171913,0.03641138970851898,0.6148614883422852,-6.502866744995117e-05
3,P08,P08-20240613-122900,3492,1.0,1.0,0.6149265170097351,both_mask,0.09946732968091965,0.11286595463752747,0.6168434023857117,0.0019168853759765625
3,P08,P08-20240613-122900,3492,1.0,1.0,0.6149265170097351,gaze_yaw_1deg,0.0024292608723044395,0.0022998524364084005,0.6149755120277405,4.8995018005371094e-05
3,P08,P08-20240613-122900,3492,1.0,1.0,0.6149265170097351,gaze_yaw_2deg,0.00493151368573308,0.0048170010559260845,0.6150175333023071,9.101629257202148e-05
3,P08,P08-20240613-122900,3492,1.0,1.0,0.6149265170097351,gaze_yaw_5deg,0.01223053503781557,0.012355659157037735,0.6152153611183167,0.00028884410858154297
3,P08,P08-20240613-122900,3492,1.0,1.0,0.6149265170097351,gaze_yaw_10deg,0.021130234003067017,0.022546812891960144,0.6153054237365723,0.0003789067268371582
3,P08,P08-20240613-122900,3492,1.0,1.0,0.6149265170097351,gaze_yaw_20deg,0.033460721373558044,0.0523228719830513,0.615283191204071,0.0003566741943359375
3,P08,P08-20240613-122900,3492,1.0,1.0,0.6149265170097351,gaze_yaw_45deg,0.04762422665953636,0.08937204629182816,0.6148235201835632,-0.000102996826171875
3,P08,P08-20240613-122900,3492,1.0,1.0,0.6149265170097351,video_swap,0.6525918841362,0.6572641134262085,0.7519077062606812,0.13698118925094604
4,P08,P08-20240613-122900,3497,1.0,1.0,0.6992563009262085,real,0.0,0.0,0.6992563009262085,0.0
4,P08,P08-20240613-122900,3497,1.0,1.0,0.6992563009262085,identity,0.0,0.0,0.6992563009262085,0.0
4,P08,P08-20240613-122900,3497,1.0,1.0,0.6992563009262085,gaze_swap,0.05369388312101364,0.030054794624447823,0.7021162509918213,0.002859950065612793
4,P08,P08-20240613-122900,3497,1.0,1.0,0.6992563009262085,gaze_mask,0.16245780885219574,0.12393791228532791,0.6992731690406799,1.6868114471435547e-05
4,P08,P08-20240613-122900,3497,1.0,1.0,0.6992563009262085,gaze_zero,0.14035522937774658,0.13158364593982697,0.6948118209838867,-0.004444479942321777
4,P08,P08-20240613-122900,3497,1.0,1.0,0.6992563009262085,gaze_shuffle_time,0.03325628861784935,0.05646461993455887,0.7005469799041748,0.0012906789779663086
4,P08,P08-20240613-122900,3497,1.0,1.0,0.6992563009262085,hand_swap,0.04017946869134903,0.05973639339208603,0.7021536827087402,0.0028973817825317383
4,P08,P08-20240613-122900,3497,1.0,1.0,0.6992563009262085,hand_mask,0.10895956307649612,0.0819607600569725,0.6991996169090271,-5.6684017181396484e-05
4,P08,P08-20240613-122900,3497,1.0,1.0,0.6992563009262085,hand_shuffle_time,0.034783631563186646,0.04047311842441559,0.698431134223938,-0.0008251667022705078
4,P08,P08-20240613-122900,3497,1.0,1.0,0.6992563009262085,both_mask,0.11018119007349014,0.12064095586538315,0.6965187191963196,-0.002737581729888916
4,P08,P08-20240613-122900,3497,1.0,1.0,0.6992563009262085,gaze_yaw_1deg,0.0023151361383497715,0.002451854757964611,0.6993952989578247,0.00013899803161621094
4,P08,P08-20240613-122900,3497,1.0,1.0,0.6992563009262085,gaze_yaw_2deg,0.004598783794790506,0.004540436901152134,0.6995316743850708,0.0002753734588623047
4,P08,P08-20240613-122900,3497,1.0,1.0,0.6992563009262085,gaze_yaw_5deg,0.011816156096756458,0.00978849083185196,0.6998977661132812,0.0006414651870727539
4,P08,P08-20240613-122900,3497,1.0,1.0,0.6992563009262085,gaze_yaw_10deg,0.02822055108845234,0.019174015149474144,0.6997804641723633,0.0005241632461547852
4,P08,P08-20240613-122900,3497,1.0,1.0,0.6992563009262085,gaze_yaw_20deg,0.06179122254252434,0.04954811930656433,0.6987355947494507,-0.0005207061767578125
4,P08,P08-20240613-122900,3497,1.0,1.0,0.6992563009262085,gaze_yaw_45deg,0.09349009394645691,0.11021900922060013,0.6953924894332886,-0.003863811492919922
4,P08,P08-20240613-122900,3497,1.0,1.0,0.6992563009262085,video_swap,0.43366584181785583,0.46686089038848877,0.7146525382995605,0.01539623737335205
5,P08,P08-20240613-122900,4094,1.0,1.0,0.6725518107414246,real,0.0,0.0,0.6725518107414246,0.0
5,P08,P08-20240613-122900,4094,1.0,1.0,0.6725518107414246,identity,0.0,0.0,0.6725518107414246,0.0
5,P08,P08-20240613-122900,4094,1.0,1.0,0.6725518107414246,gaze_swap,0.05933419242501259,0.06917709112167358,0.6754247546195984,0.002872943878173828
5,P08,P08-20240613-122900,4094,1.0,1.0,0.6725518107414246,gaze_mask,0.15100368857383728,0.07975538820028305,0.6675498485565186,-0.005001962184906006
5,P08,P08-20240613-122900,4094,1.0,1.0,0.6725518107414246,gaze_zero,0.16840551793575287,0.1167401522397995,0.6669154167175293,-0.005636394023895264
5,P08,P08-20240613-122900,4094,1.0,1.0,0.6725518107414246,gaze_shuffle_time,0.04281162470579147,0.031722333282232285,0.6715582609176636,-0.0009935498237609863
5,P08,P08-20240613-122900,4094,1.0,1.0,0.6725518107414246,hand_swap,0.06033788621425629,0.10582495480775833,0.6711906790733337,-0.0013611316680908203
5,P08,P08-20240613-122900,4094,1.0,1.0,0.6725518107414246,hand_mask,0.0929422676563263,0.11068069189786911,0.6815414428710938,0.00898963212966919
5,P08,P08-20240613-122900,4094,1.0,1.0,0.6725518107414246,hand_shuffle_time,0.0395408570766449,0.06730365008115768,0.6736152768135071,0.0010634660720825195
5,P08,P08-20240613-122900,4094,1.0,1.0,0.6725518107414246,both_mask,0.13350482285022736,0.12969587743282318,0.6728221774101257,0.0002703666687011719
5,P08,P08-20240613-122900,4094,1.0,1.0,0.6725518107414246,gaze_yaw_1deg,0.003451491706073284,0.0021777243819087744,0.6725980639457703,4.6253204345703125e-05
5,P08,P08-20240613-122900,4094,1.0,1.0,0.6725518107414246,gaze_yaw_2deg,0.00734280701726675,0.004489833489060402,0.6726150512695312,6.324052810668945e-05
5,P08,P08-20240613-122900,4094,1.0,1.0,0.6725518107414246,gaze_yaw_5deg,0.020429275929927826,0.010853962041437626,0.6726266741752625,7.486343383789062e-05
5,P08,P08-20240613-122900,4094,1.0,1.0,0.6725518107414246,gaze_yaw_10deg,0.040244296193122864,0.019244492053985596,0.6726753115653992,0.00012350082397460938
5,P08,P08-20240613-122900,4094,1.0,1.0,0.6725518107414246,gaze_yaw_20deg,0.05996670946478844,0.033065974712371826,0.6724651455879211,-8.666515350341797e-05
5,P08,P08-20240613-122900,4094,1.0,1.0,0.6725518107414246,gaze_yaw_45deg,0.10507845878601074,0.06840989738702774,0.669925332069397,-0.002626478672027588
5,P08,P08-20240613-122900,4094,1.0,1.0,0.6725518107414246,video_swap,0.6951790452003479,0.6670749187469482,0.8554972410202026,0.18294543027877808
6,P08,P08-20240613-122900,4478,1.0,1.0,0.5989053845405579,real,0.0,0.0,0.5989053845405579,0.0
6,P08,P08-20240613-122900,4478,1.0,1.0,0.5989053845405579,identity,0.0,0.0,0.5989053845405579,0.0
6,P08,P08-20240613-122900,4478,1.0,1.0,0.5989053845405579,gaze_swap,0.09792342036962509,0.06102626025676727,0.5988929867744446,-1.239776611328125e-05
6,P08,P08-20240613-122900,4478,1.0,1.0,0.5989053845405579,gaze_mask,0.19079077243804932,0.11206363886594772,0.6012771129608154,0.0023717284202575684
6,P08,P08-20240613-122900,4478,1.0,1.0,0.5989053845405579,gaze_zero,0.24775376915931702,0.13443796336650848,0.6025971174240112,0.003691732883453369
6,P08,P08-20240613-122900,4478,1.0,1.0,0.5989053845405579,gaze_shuffle_time,0.08894999325275421,0.06023144721984863,0.6005914807319641,0.00168609619140625
6,P08,P08-20240613-122900,4478,1.0,1.0,0.5989053845405579,hand_swap,0.060277000069618225,0.07930458337068558,0.5968343019485474,-0.002071082592010498
6,P08,P08-20240613-122900,4478,1.0,1.0,0.5989053845405579,hand_mask,0.10046987980604172,0.09975592792034149,0.59946608543396,0.0005607008934020996
6,P08,P08-20240613-122900,4478,1.0,1.0,0.5989053845405579,hand_shuffle_time,0.039767786860466,0.06301890313625336,0.5974346399307251,-0.0014707446098327637
6,P08,P08-20240613-122900,4478,1.0,1.0,0.5989053845405579,both_mask,0.15260861814022064,0.1184525191783905,0.603181779384613,0.004276394844055176
6,P08,P08-20240613-122900,4478,1.0,1.0,0.5989053845405579,gaze_yaw_1deg,0.006962151266634464,0.01279231533408165,0.5988016128540039,-0.00010377168655395508
6,P08,P08-20240613-122900,4478,1.0,1.0,0.5989053845405579,gaze_yaw_2deg,0.015591597184538841,0.026669731363654137,0.5984591245651245,-0.0004462599754333496
6,P08,P08-20240613-122900,4478,1.0,1.0,0.5989053845405579,gaze_yaw_5deg,0.0324050635099411,0.06358323246240616,0.5982133150100708,-0.0006920695304870605
6,P08,P08-20240613-122900,4478,1.0,1.0,0.5989053845405579,gaze_yaw_10deg,0.046283185482025146,0.08609260618686676,0.5979974269866943,-0.0009079575538635254
6,P08,P08-20240613-122900,4478,1.0,1.0,0.5989053845405579,gaze_yaw_20deg,0.06718809902667999,0.06385672092437744,0.5987256169319153,-0.00017976760864257812
6,P08,P08-20240613-122900,4478,1.0,1.0,0.5989053845405579,gaze_yaw_45deg,0.1310577690601349,0.10570193827152252,0.6017236113548279,0.0028182268142700195
6,P08,P08-20240613-122900,4478,1.0,1.0,0.5989053845405579,video_swap,0.6600840091705322,0.670308530330658,0.8581328392028809,0.259227454662323
7,P08,P08-20240613-122900,3429,1.0,1.0,0.4050978422164917,real,0.0,0.0,0.4050978422164917,0.0
7,P08,P08-20240613-122900,3429,1.0,1.0,0.4050978422164917,identity,0.0,0.0,0.4050978422164917,0.0
7,P08,P08-20240613-122900,3429,1.0,1.0,0.4050978422164917,gaze_swap,0.07305703312158585,0.08361760526895523,0.40333765745162964,-0.0017601847648620605
7,P08,P08-20240613-122900,3429,1.0,1.0,0.4050978422164917,gaze_mask,0.1088252142071724,0.10807468742132187,0.40511080622673035,1.2964010238647461e-05
7,P08,P08-20240613-122900,3429,1.0,1.0,0.4050978422164917,gaze_zero,0.12820059061050415,0.10361070185899734,0.4055817425251007,0.0004839003086090088
7,P08,P08-20240613-122900,3429,1.0,1.0,0.4050978422164917,gaze_shuffle_time,0.05585523322224617,0.08053473383188248,0.4077346622943878,0.002636820077896118
7,P08,P08-20240613-122900,3429,1.0,1.0,0.4050978422164917,hand_swap,0.0549062043428421,0.06299035996198654,0.40440624952316284,-0.0006915926933288574
7,P08,P08-20240613-122900,3429,1.0,1.0,0.4050978422164917,hand_mask,0.09515780955553055,0.10235545784235,0.4093876779079437,0.004289835691452026
7,P08,P08-20240613-122900,3429,1.0,1.0,0.4050978422164917,hand_shuffle_time,0.05267444998025894,0.03762253001332283,0.40853309631347656,0.0034352540969848633
7,P08,P08-20240613-122900,3429,1.0,1.0,0.4050978422164917,both_mask,0.11570324748754501,0.11095128208398819,0.4094293415546417,0.004331499338150024
7,P08,P08-20240613-122900,3429,1.0,1.0,0.4050978422164917,gaze_yaw_1deg,0.004452509339898825,0.007141944486647844,0.404793918132782,-0.0003039240837097168
7,P08,P08-20240613-122900,3429,1.0,1.0,0.4050978422164917,gaze_yaw_2deg,0.008162003941833973,0.0141643350943923,0.40446412563323975,-0.0006337165832519531
7,P08,P08-20240613-122900,3429,1.0,1.0,0.4050978422164917,gaze_yaw_5deg,0.016895797103643417,0.032185956835746765,0.4030158817768097,-0.002081960439682007
7,P08,P08-20240613-122900,3429,1.0,1.0,0.4050978422164917,gaze_yaw_10deg,0.030264783650636673,0.054344527423381805,0.4005187749862671,-0.004579067230224609
7,P08,P08-20240613-122900,3429,1.0,1.0,0.4050978422164917,gaze_yaw_20deg,0.05927196145057678,0.05644382908940315,0.3994247317314148,-0.005673110485076904
7,P08,P08-20240613-122900,3429,1.0,1.0,0.4050978422164917,gaze_yaw_45deg,0.12302052229642868,0.07734331488609314,0.4027043879032135,-0.0023934543132781982
7,P08,P08-20240613-122900,3429,1.0,1.0,0.4050978422164917,video_swap,0.6851483583450317,0.6387061476707458,0.7769933342933655,0.3718954920768738
8,P08,P08-20240613-122900,546,1.0,1.0,0.3803347051143646,real,0.0,0.0,0.3803347051143646,0.0
8,P08,P08-20240613-122900,546,1.0,1.0,0.3803347051143646,identity,0.0,0.0,0.3803347051143646,0.0
8,P08,P08-20240613-122900,546,1.0,1.0,0.3803347051143646,gaze_swap,0.0833946019411087,0.0821833536028862,0.3752254247665405,-0.005109280347824097
8,P08,P08-20240613-122900,546,1.0,1.0,0.3803347051143646,gaze_mask,0.15844960510730743,0.10833580791950226,0.3856496810913086,0.00531497597694397
8,P08,P08-20240613-122900,546,1.0,1.0,0.3803347051143646,gaze_zero,0.1235584020614624,0.09300859272480011,0.3805932104587555,0.00025850534439086914
8,P08,P08-20240613-122900,546,1.0,1.0,0.3803347051143646,gaze_shuffle_time,0.005364813841879368,0.0034368219785392284,0.3801001012325287,-0.0002346038818359375
8,P08,P08-20240613-122900,546,1.0,1.0,0.3803347051143646,hand_swap,0.09846053272485733,0.08712653815746307,0.37474775314331055,-0.005586951971054077
8,P08,P08-20240613-122900,546,1.0,1.0,0.3803347051143646,hand_mask,0.09620610624551773,0.09998299181461334,0.37423446774482727,-0.0061002373695373535
8,P08,P08-20240613-122900,546,1.0,1.0,0.3803347051143646,hand_shuffle_time,0.00448268698528409,0.004669393412768841,0.38042885065078735,9.414553642272949e-05
8,P08,P08-20240613-122900,546,1.0,1.0,0.3803347051143646,both_mask,0.14666546881198883,0.14577308297157288,0.3750210404396057,-0.005313664674758911
8,P08,P08-20240613-122900,546,1.0,1.0,0.3803347051143646,gaze_yaw_1deg,0.0019887045491486788,0.001979619963094592,0.3805476129055023,0.0002129077911376953
8,P08,P08-20240613-122900,546,1.0,1.0,0.3803347051143646,gaze_yaw_2deg,0.0037868041545152664,0.0038735519628971815,0.3807528018951416,0.00041809678077697754
8,P08,P08-20240613-122900,546,1.0,1.0,0.3803347051143646,gaze_yaw_5deg,0.008410009555518627,0.008799178525805473,0.38126426935195923,0.0009295642375946045
8,P08,P08-20240613-122900,546,1.0,1.0,0.3803347051143646,gaze_yaw_10deg,0.014916188083589077,0.01715071126818657,0.38192954659461975,0.001594841480255127
8,P08,P08-20240613-122900,546,1.0,1.0,0.3803347051143646,gaze_yaw_20deg,0.03347364440560341,0.03400365635752678,0.3823283612728119,0.0019936561584472656
8,P08,P08-20240613-122900,546,1.0,1.0,0.3803347051143646,gaze_yaw_45deg,0.06750506162643433,0.05681701749563217,0.3823334276676178,0.001998722553253174
8,P08,P08-20240613-122900,546,1.0,1.0,0.3803347051143646,video_swap,0.7495270371437073,0.7211029529571533,0.8008473515510559,0.4205126464366913
9,P08,P08-20240613-122900,3190,1.0,0.75,0.7347846031188965,real,0.0,0.0,0.7347846031188965,0.0
9,P08,P08-20240613-122900,3190,1.0,0.75,0.7347846031188965,identity,0.0,0.0,0.7347846031188965,0.0
9,P08,P08-20240613-122900,3190,1.0,0.75,0.7347846031188965,gaze_swap,0.04071669280529022,0.04515765234827995,0.7348508238792419,6.622076034545898e-05
9,P08,P08-20240613-122900,3190,1.0,0.75,0.7347846031188965,gaze_mask,0.16908711194992065,0.08934329450130463,0.7432683110237122,0.008483707904815674
9,P08,P08-20240613-122900,3190,1.0,0.75,0.7347846031188965,gaze_zero,0.2301199585199356,0.09423758089542389,0.7514443397521973,0.01665973663330078
9,P08,P08-20240613-122900,3190,1.0,0.75,0.7347846031188965,gaze_shuffle_time,0.04523526132106781,0.06286374479532242,0.7346063256263733,-0.00017827749252319336
9,P08,P08-20240613-122900,3190,1.0,0.75,0.7347846031188965,hand_swap,0.09702540934085846,0.0760270208120346,0.7385554313659668,0.0037708282470703125
9,P08,P08-20240613-122900,3190,1.0,0.75,0.7347846031188965,hand_mask,0.17898499965667725,0.11476112902164459,0.7475228309631348,0.012738227844238281
9,P08,P08-20240613-122900,3190,1.0,0.75,0.7347846031188965,hand_shuffle_time,0.0886463075876236,0.07501524686813354,0.7419068217277527,0.007122218608856201
9,P08,P08-20240613-122900,3190,1.0,0.75,0.7347846031188965,both_mask,0.2288036048412323,0.1185564324259758,0.7541177272796631,0.0193331241607666
9,P08,P08-20240613-122900,3190,1.0,0.75,0.7347846031188965,gaze_yaw_1deg,0.009011665359139442,0.00780711742118001,0.7347478270530701,-3.6776065826416016e-05
9,P08,P08-20240613-122900,3190,1.0,0.75,0.7347846031188965,gaze_yaw_2deg,0.011092772707343102,0.013897690922021866,0.7347346544265747,-4.9948692321777344e-05
9,P08,P08-20240613-122900,3190,1.0,0.75,0.7347846031188965,gaze_yaw_5deg,0.028282921761274338,0.02571919374167919,0.7349372506141663,0.0001526474952697754
9,P08,P08-20240613-122900,3190,1.0,0.75,0.7347846031188965,gaze_yaw_10deg,0.061093319207429886,0.04517177864909172,0.735663890838623,0.0008792877197265625
9,P08,P08-20240613-122900,3190,1.0,0.75,0.7347846031188965,gaze_yaw_20deg,0.11422532051801682,0.059642307460308075,0.7388900518417358,0.0041054487228393555
9,P08,P08-20240613-122900,3190,1.0,0.75,0.7347846031188965,gaze_yaw_45deg,0.19814956188201904,0.08609160780906677,0.7490260004997253,0.014241397380828857
9,P08,P08-20240613-122900,3190,1.0,0.75,0.7347846031188965,video_swap,0.7816799283027649,0.7700598835945129,0.9020977020263672,0.1673130989074707
10,P08,P08-20240613-122900,3441,1.0,1.0,0.5188772082328796,real,0.0,0.0,0.5188772082328796,0.0
10,P08,P08-20240613-122900,3441,1.0,1.0,0.5188772082328796,identity,0.0,0.0,0.5188772082328796,0.0
10,P08,P08-20240613-122900,3441,1.0,1.0,0.5188772082328796,gaze_swap,0.0956905260682106,0.07713981717824936,0.5204799175262451,0.0016027092933654785
10,P08,P08-20240613-122900,3441,1.0,1.0,0.5188772082328796,gaze_mask,0.17154578864574432,0.09133179485797882,0.5319622159004211,0.013085007667541504
10,P08,P08-20240613-122900,3441,1.0,1.0,0.5188772082328796,gaze_zero,0.2030925452709198,0.11852449923753738,0.5377165079116821,0.01883929967880249
10,P08,P08-20240613-122900,3441,1.0,1.0,0.5188772082328796,gaze_shuffle_time,0.055057939141988754,0.04721831530332565,0.5193494558334351,0.0004722476005554199
10,P08,P08-20240613-122900,3441,1.0,1.0,0.5188772082328796,hand_swap,0.14199838042259216,0.10899703949689865,0.5191750526428223,0.00029784440994262695
10,P08,P08-20240613-122900,3441,1.0,1.0,0.5188772082328796,hand_mask,0.10616328567266464,0.10196077078580856,0.5223608016967773,0.003483593463897705
10,P08,P08-20240613-122900,3441,1.0,1.0,0.5188772082328796,hand_shuffle_time,0.05108479782938957,0.06132224574685097,0.5203326940536499,0.0014554858207702637
10,P08,P08-20240613-122900,3441,1.0,1.0,0.5188772082328796,both_mask,0.11274529993534088,0.10665480047464371,0.5220494866371155,0.00317227840423584
10,P08,P08-20240613-122900,3441,1.0,1.0,0.5188772082328796,gaze_yaw_1deg,0.004234022460877895,0.0031833213288336992,0.5190861225128174,0.00020891427993774414
10,P08,P08-20240613-122900,3441,1.0,1.0,0.5188772082328796,gaze_yaw_2deg,0.015655718743801117,0.010248793289065361,0.5192523002624512,0.0003750920295715332
10,P08,P08-20240613-122900,3441,1.0,1.0,0.5188772082328796,gaze_yaw_5deg,0.02851286716759205,0.01968313381075859,0.520494282245636,0.0016170740127563477
10,P08,P08-20240613-122900,3441,1.0,1.0,0.5188772082328796,gaze_yaw_10deg,0.05045010894536972,0.03404922038316727,0.5221537947654724,0.0032765865325927734
10,P08,P08-20240613-122900,3441,1.0,1.0,0.5188772082328796,gaze_yaw_20deg,0.11729440838098526,0.06156809628009796,0.527285635471344,0.008408427238464355
10,P08,P08-20240613-122900,3441,1.0,1.0,0.5188772082328796,gaze_yaw_45deg,0.19305437803268433,0.10110078006982803,0.5378102660179138,0.01893305778503418
10,P08,P08-20240613-122900,3441,1.0,1.0,0.5188772082328796,video_swap,0.7333360910415649,0.7120211720466614,0.7880372405052185,0.26916003227233887
11,P08,P08-20240613-122900,3163,1.0,0.75,0.7567258477210999,real,0.0,0.0,0.7567258477210999,0.0
11,P08,P08-20240613-122900,3163,1.0,0.75,0.7567258477210999,identity,0.0,0.0,0.7567258477210999,0.0
11,P08,P08-20240613-122900,3163,1.0,0.75,0.7567258477210999,gaze_swap,0.027207298204302788,0.04357149451971054,0.7592499852180481,0.002524137496948242
11,P08,P08-20240613-122900,3163,1.0,0.75,0.7567258477210999,gaze_mask,0.11835604906082153,0.0714288055896759,0.7629221081733704,0.006196260452270508
11,P08,P08-20240613-122900,3163,1.0,0.75,0.7567258477210999,gaze_zero,0.13876661658287048,0.06959908455610275,0.7612112164497375,0.004485368728637695
11,P08,P08-20240613-122900,3163,1.0,0.75,0.7567258477210999,gaze_shuffle_time,0.061221253126859665,0.051991116255521774,0.7621304988861084,0.005404651165008545
11,P08,P08-20240613-122900,3163,1.0,0.75,0.7567258477210999,hand_swap,0.08285512775182724,0.05599498748779297,0.7599025368690491,0.0031766891479492188
11,P08,P08-20240613-122900,3163,1.0,0.75,0.7567258477210999,hand_mask,0.15615788102149963,0.08900082111358643,0.7614161968231201,0.004690349102020264
11,P08,P08-20240613-122900,3163,1.0,0.75,0.7567258477210999,hand_shuffle_time,0.10675932466983795,0.07484941929578781,0.7630540728569031,0.006328225135803223
11,P08,P08-20240613-122900,3163,1.0,0.75,0.7567258477210999,both_mask,0.23961804807186127,0.11448270082473755,0.769449770450592,0.012723922729492188
11,P08,P08-20240613-122900,3163,1.0,0.75,0.7567258477210999,gaze_yaw_1deg,0.002955992240458727,0.00197192607447505,0.7565919756889343,-0.00013387203216552734
11,P08,P08-20240613-122900,3163,1.0,0.75,0.7567258477210999,gaze_yaw_2deg,0.005312454886734486,0.0035168672911822796,0.7565252184867859,-0.00020062923431396484
11,P08,P08-20240613-122900,3163,1.0,0.75,0.7567258477210999,gaze_yaw_5deg,0.010799922980368137,0.007734212093055248,0.7565913200378418,-0.00013452768325805664
11,P08,P08-20240613-122900,3163,1.0,0.75,0.7567258477210999,gaze_yaw_10deg,0.01707799732685089,0.014768855646252632,0.7570828795433044,0.00035703182220458984
11,P08,P08-20240613-122900,3163,1.0,0.75,0.7567258477210999,gaze_yaw_20deg,0.0469164103269577,0.028231171891093254,0.7578499913215637,0.0011241436004638672
11,P08,P08-20240613-122900,3163,1.0,0.75,0.7567258477210999,gaze_yaw_45deg,0.07308703660964966,0.041029732674360275,0.7574557662010193,0.0007299184799194336
11,P08,P08-20240613-122900,3163,1.0,0.75,0.7567258477210999,video_swap,0.7481823563575745,0.7238966822624207,0.9409766793251038,0.1842508316040039
12,P08,P08-20240613-122900,5494,1.0,1.0,0.6591178774833679,real,0.0,0.0,0.6591178774833679,0.0
12,P08,P08-20240613-122900,5494,1.0,1.0,0.6591178774833679,identity,0.0,0.0,0.6591178774833679,0.0
12,P08,P08-20240613-122900,5494,1.0,1.0,0.6591178774833679,gaze_swap,0.1142752394080162,0.062365442514419556,0.6621773838996887,0.0030595064163208008
12,P08,P08-20240613-122900,5494,1.0,1.0,0.6591178774833679,gaze_mask,0.21150454878807068,0.13316109776496887,0.6680986285209656,0.008980751037597656
12,P08,P08-20240613-122900,5494,1.0,1.0,0.6591178774833679,gaze_zero,0.2567874491214752,0.14803719520568848,0.6678158640861511,0.008697986602783203
12,P08,P08-20240613-122900,5494,1.0,1.0,0.6591178774833679,gaze_shuffle_time,0.029908746480941772,0.015047014690935612,0.660936713218689,0.001818835735321045
12,P08,P08-20240613-122900,5494,1.0,1.0,0.6591178774833679,hand_swap,0.035147525370121,0.02484370768070221,0.6622989773750305,0.0031810998916625977
12,P08,P08-20240613-122900,5494,1.0,1.0,0.6591178774833679,hand_mask,0.1346236616373062,0.10450086742639542,0.6613655090332031,0.002247631549835205
12,P08,P08-20240613-122900,5494,1.0,1.0,0.6591178774833679,hand_shuffle_time,0.03793543577194214,0.01942593790590763,0.6612979173660278,0.002180039882659912
12,P08,P08-20240613-122900,5494,1.0,1.0,0.6591178774833679,both_mask,0.21900567412376404,0.14903473854064941,0.6693418622016907,0.010223984718322754
12,P08,P08-20240613-122900,5494,1.0,1.0,0.6591178774833679,gaze_yaw_1deg,0.003984833601862192,0.0032907361164689064,0.6593762636184692,0.00025838613510131836
12,P08,P08-20240613-122900,5494,1.0,1.0,0.6591178774833679,gaze_yaw_2deg,0.00816099252551794,0.006521384697407484,0.6595975756645203,0.00047969818115234375
12,P08,P08-20240613-122900,5494,1.0,1.0,0.6591178774833679,gaze_yaw_5deg,0.021651502698659897,0.015659069642424583,0.6601452827453613,0.0010274052619934082
12,P08,P08-20240613-122900,5494,1.0,1.0,0.6591178774833679,gaze_yaw_10deg,0.044040996581315994,0.029155798256397247,0.6605421900749207,0.0014243125915527344
12,P08,P08-20240613-122900,5494,1.0,1.0,0.6591178774833679,gaze_yaw_20deg,0.09337911754846573,0.06052471697330475,0.6598730087280273,0.0007551312446594238
12,P08,P08-20240613-122900,5494,1.0,1.0,0.6591178774833679,gaze_yaw_45deg,0.17891308665275574,0.11043411493301392,0.6645888090133667,0.005470931529998779
12,P08,P08-20240613-122900,5494,1.0,1.0,0.6591178774833679,video_swap,0.6738680005073547,0.6836791634559631,0.793525218963623,0.13440734148025513
13,P08,P08-20240613-122900,882,1.0,1.0,0.3821164071559906,real,0.0,0.0,0.3821164071559906,0.0
13,P08,P08-20240613-122900,882,1.0,1.0,0.3821164071559906,identity,0.0,0.0,0.3821164071559906,0.0
13,P08,P08-20240613-122900,882,1.0,1.0,0.3821164071559906,gaze_swap,0.08988198637962341,0.04714100807905197,0.378979355096817,-0.003137052059173584
13,P08,P08-20240613-122900,882,1.0,1.0,0.3821164071559906,gaze_mask,0.18128572404384613,0.12811990082263947,0.39852386713027954,0.01640745997428894
13,P08,P08-20240613-122900,882,1.0,1.0,0.3821164071559906,gaze_zero,0.14553169906139374,0.12146327644586563,0.38907963037490845,0.006963223218917847
13,P08,P08-20240613-122900,882,1.0,1.0,0.3821164071559906,gaze_shuffle_time,0.01196672860532999,0.006889093201607466,0.3832366466522217,0.001120239496231079
13,P08,P08-20240613-122900,882,1.0,1.0,0.3821164071559906,hand_swap,0.10821018368005753,0.10236615687608719,0.37401455640792847,-0.008101850748062134
13,P08,P08-20240613-122900,882,1.0,1.0,0.3821164071559906,hand_mask,0.10946515202522278,0.10612183064222336,0.3747784495353699,-0.0073379576206207275
13,P08,P08-20240613-122900,882,1.0,1.0,0.3821164071559906,hand_shuffle_time,0.006894760765135288,0.004871649201959372,0.3818630874156952,-0.00025331974029541016
13,P08,P08-20240613-122900,882,1.0,1.0,0.3821164071559906,both_mask,0.13587631285190582,0.1420249193906784,0.37902286648750305,-0.003093540668487549
13,P08,P08-20240613-122900,882,1.0,1.0,0.3821164071559906,gaze_yaw_1deg,0.0022119437344372272,0.0014771815622225404,0.38233375549316406,0.00021734833717346191
13,P08,P08-20240613-122900,882,1.0,1.0,0.3821164071559906,gaze_yaw_2deg,0.004217822104692459,0.002893068129196763,0.3825337290763855,0.00041732192039489746
13,P08,P08-20240613-122900,882,1.0,1.0,0.3821164071559906,gaze_yaw_5deg,0.009157261811196804,0.00802882295101881,0.3829607665538788,0.0008443593978881836
13,P08,P08-20240613-122900,882,1.0,1.0,0.3821164071559906,gaze_yaw_10deg,0.020099518820643425,0.024200865998864174,0.3832968771457672,0.0011804699897766113
13,P08,P08-20240613-122900,882,1.0,1.0,0.3821164071559906,gaze_yaw_20deg,0.044116612523794174,0.04398084059357643,0.3847213387489319,0.002604931592941284
13,P08,P08-20240613-122900,882,1.0,1.0,0.3821164071559906,gaze_yaw_45deg,0.08568546921014786,0.07951206713914871,0.386648029088974,0.0045316219329833984
13,P08,P08-20240613-122900,882,1.0,1.0,0.3821164071559906,video_swap,0.8179986476898193,0.7861322164535522,0.9052667617797852,0.5231503546237946
14,P08,P08-20240613-122900,4809,1.0,1.0,0.5161226987838745,real,0.0,0.0,0.5161226987838745,0.0
14,P08,P08-20240613-122900,4809,1.0,1.0,0.5161226987838745,identity,0.0,0.0,0.5161226987838745,0.0
14,P08,P08-20240613-122900,4809,1.0,1.0,0.5161226987838745,gaze_swap,0.097017802298069,0.0753258466720581,0.514565646648407,-0.0015570521354675293
14,P08,P08-20240613-122900,4809,1.0,1.0,0.5161226987838745,gaze_mask,0.2009250968694687,0.11034753173589706,0.5181958675384521,0.0020731687545776367
14,P08,P08-20240613-122900,4809,1.0,1.0,0.5161226987838745,gaze_zero,0.2311023771762848,0.1192048117518425,0.5194714665412903,0.0033487677574157715
14,P08,P08-20240613-122900,4809,1.0,1.0,0.5161226987838745,gaze_shuffle_time,0.19083160161972046,0.0945654883980751,0.5199815034866333,0.003858804702758789
14,P08,P08-20240613-122900,4809,1.0,1.0,0.5161226987838745,hand_swap,0.06721281260251999,0.04726877808570862,0.5199059247970581,0.0037832260131835938
14,P08,P08-20240613-122900,4809,1.0,1.0,0.5161226987838745,hand_mask,0.1170743927359581,0.09033313393592834,0.5174441933631897,0.0013214945793151855
14,P08,P08-20240613-122900,4809,1.0,1.0,0.5161226987838745,hand_shuffle_time,0.08768313378095627,0.10065268725156784,0.510261058807373,-0.005861639976501465
14,P08,P08-20240613-122900,4809,1.0,1.0,0.5161226987838745,both_mask,0.1714748591184616,0.10616472363471985,0.5181793570518494,0.0020566582679748535
14,P08,P08-20240613-122900,4809,1.0,1.0,0.5161226987838745,gaze_yaw_1deg,0.006780972238630056,0.007997744716703892,0.5160351395606995,-8.755922317504883e-05
14,P08,P08-20240613-122900,4809,1.0,1.0,0.5161226987838745,gaze_yaw_2deg,0.011760693974792957,0.015350415371358395,0.5159431099891663,-0.00017958879470825195
14,P08,P08-20240613-122900,4809,1.0,1.0,0.5161226987838745,gaze_yaw_5deg,0.024600163102149963,0.031815920025110245,0.5149752497673035,-0.001147449016571045
14,P08,P08-20240613-122900,4809,1.0,1.0,0.5161226987838745,gaze_yaw_10deg,0.03608553484082222,0.04757370799779892,0.5133175849914551,-0.0028051137924194336
14,P08,P08-20240613-122900,4809,1.0,1.0,0.5161226987838745,gaze_yaw_20deg,0.06307043135166168,0.06617095321416855,0.5122701525688171,-0.003852546215057373
14,P08,P08-20240613-122900,4809,1.0,1.0,0.5161226987838745,gaze_yaw_45deg,0.16810965538024902,0.09442131966352463,0.5186339616775513,0.002511262893676758
14,P08,P08-20240613-122900,4809,1.0,1.0,0.5161226987838745,video_swap,0.753427267074585,0.7353552579879761,0.8911417722702026,0.3750190734863281
15,P08,P08-20240613-122900,4363,1.0,1.0,0.6020053625106812,real,0.0,0.0,0.6020053625106812,0.0
15,P08,P08-20240613-122900,4363,1.0,1.0,0.6020053625106812,identity,0.0,0.0,0.6020053625106812,0.0
15,P08,P08-20240613-122900,4363,1.0,1.0,0.6020053625106812,gaze_swap,0.04680031165480614,0.0668799951672554,0.6020849347114563,7.957220077514648e-05
15,P08,P08-20240613-122900,4363,1.0,1.0,0.6020053625106812,gaze_mask,0.14846856892108917,0.1293616145849228,0.6086798906326294,0.006674528121948242
15,P08,P08-20240613-122900,4363,1.0,1.0,0.6020053625106812,gaze_zero,0.18226519227027893,0.14553916454315186,0.6092153787612915,0.0072100162506103516
15,P08,P08-20240613-122900,4363,1.0,1.0,0.6020053625106812,gaze_shuffle_time,0.00692097470164299,0.022868210449814796,0.6022208333015442,0.0002154707908630371
15,P08,P08-20240613-122900,4363,1.0,1.0,0.6020053625106812,hand_swap,0.11020423471927643,0.11941259354352951,0.6148443222045898,0.012838959693908691
15,P08,P08-20240613-122900,4363,1.0,1.0,0.6020053625106812,hand_mask,0.09749317169189453,0.08909359574317932,0.605340301990509,0.003334939479827881
15,P08,P08-20240613-122900,4363,1.0,1.0,0.6020053625106812,hand_shuffle_time,0.009226130321621895,0.014944451861083508,0.6021208167076111,0.00011545419692993164
15,P08,P08-20240613-122900,4363,1.0,1.0,0.6020053625106812,both_mask,0.10968802869319916,0.10822996497154236,0.6044424176216125,0.0024370551109313965
15,P08,P08-20240613-122900,4363,1.0,1.0,0.6020053625106812,gaze_yaw_1deg,0.002852982608601451,0.002801033901050687,0.6021797060966492,0.00017434358596801758
15,P08,P08-20240613-122900,4363,1.0,1.0,0.6020053625106812,gaze_yaw_2deg,0.004964814987033606,0.0051370481960475445,0.6022820472717285,0.0002766847610473633
15,P08,P08-20240613-122900,4363,1.0,1.0,0.6020053625106812,gaze_yaw_5deg,0.01133646909147501,0.011052011512219906,0.6027426719665527,0.000737309455871582
15,P08,P08-20240613-122900,4363,1.0,1.0,0.6020053625106812,gaze_yaw_10deg,0.023691656067967415,0.031495340168476105,0.6037183403968811,0.0017129778861999512
15,P08,P08-20240613-122900,4363,1.0,1.0,0.6020053625106812,gaze_yaw_20deg,0.060430288314819336,0.08138810843229294,0.6054205298423767,0.0034151673316955566
15,P08,P08-20240613-122900,4363,1.0,1.0,0.6020053625106812,gaze_yaw_45deg,0.12707169353961945,0.12011075764894485,0.609407901763916,0.007402539253234863
15,P08,P08-20240613-122900,4363,1.0,1.0,0.6020053625106812,video_swap,0.6123629808425903,0.6571890115737915,0.6913989782333374,0.08939361572265625
16,P08,P08-20240613-122900,1674,1.0,1.0,0.36185529828071594,real,0.0,0.0,0.36185529828071594,0.0
16,P08,P08-20240613-122900,1674,1.0,1.0,0.36185529828071594,identity,0.0,0.0,0.36185529828071594,0.0
16,P08,P08-20240613-122900,1674,1.0,1.0,0.36185529828071594,gaze_swap,0.03762517496943474,0.0440339669585228,0.36301013827323914,0.0011548399925231934
16,P08,P08-20240613-122900,1674,1.0,1.0,0.36185529828071594,gaze_mask,0.0683196410536766,0.06374729424715042,0.36200451850891113,0.00014922022819519043
16,P08,P08-20240613-122900,1674,1.0,1.0,0.36185529828071594,gaze_zero,0.07203824073076248,0.08660057932138443,0.3606114685535431,-0.0012438297271728516
16,P08,P08-20240613-122900,1674,1.0,1.0,0.36185529828071594,gaze_shuffle_time,0.003039056435227394,0.003992837388068438,0.36222487688064575,0.00036957859992980957
16,P08,P08-20240613-122900,1674,1.0,1.0,0.36185529828071594,hand_swap,0.0276198610663414,0.02519225887954235,0.3604469299316406,-0.0014083683490753174
16,P08,P08-20240613-122900,1674,1.0,1.0,0.36185529828071594,hand_mask,0.09704022854566574,0.09842832386493683,0.36105045676231384,-0.0008048415184020996
16,P08,P08-20240613-122900,1674,1.0,1.0,0.36185529828071594,hand_shuffle_time,0.006500964518636465,0.006689653731882572,0.3618175983428955,-3.769993782043457e-05
16,P08,P08-20240613-122900,1674,1.0,1.0,0.36185529828071594,both_mask,0.11190710216760635,0.12507745623588562,0.3592812716960907,-0.002574026584625244
16,P08,P08-20240613-122900,1674,1.0,1.0,0.36185529828071594,gaze_yaw_1deg,0.003291449509561062,0.0030077300034463406,0.36205044388771057,0.0001951456069946289
16,P08,P08-20240613-122900,1674,1.0,1.0,0.36185529828071594,gaze_yaw_2deg,0.006445498205721378,0.0058702826499938965,0.3622340261936188,0.00037872791290283203
16,P08,P08-20240613-122900,1674,1.0,1.0,0.36185529828071594,gaze_yaw_5deg,0.015182928182184696,0.013754356652498245,0.36259564757347107,0.000740349292755127
16,P08,P08-20240613-122900,1674,1.0,1.0,0.36185529828071594,gaze_yaw_10deg,0.025624524801969528,0.022915033623576164,0.36319980025291443,0.0013445019721984863
16,P08,P08-20240613-122900,1674,1.0,1.0,0.36185529828071594,gaze_yaw_20deg,0.035832881927490234,0.03265641629695892,0.3627760410308838,0.0009207427501678467
16,P08,P08-20240613-122900,1674,1.0,1.0,0.36185529828071594,gaze_yaw_45deg,0.051489587873220444,0.05183330178260803,0.36142203211784363,-0.00043326616287231445
16,P08,P08-20240613-122900,1674,1.0,1.0,0.36185529828071594,video_swap,0.7231647968292236,0.6898279786109924,0.789072573184967,0.4272172749042511
17,P08,P08-20240613-122900,4177,1.0,1.0,0.42158859968185425,real,0.0,0.0,0.42158859968185425,0.0
17,P08,P08-20240613-122900,4177,1.0,1.0,0.42158859968185425,identity,0.0,0.0,0.42158859968185425,0.0
17,P08,P08-20240613-122900,4177,1.0,1.0,0.42158859968185425,gaze_swap,0.05922763794660568,0.06832611560821533,0.41831058263778687,-0.003278017044067383
17,P08,P08-20240613-122900,4177,1.0,1.0,0.42158859968185425,gaze_mask,0.16708485782146454,0.11215128004550934,0.4046671688556671,-0.016921430826187134
17,P08,P08-20240613-122900,4177,1.0,1.0,0.42158859968185425,gaze_zero,0.1451868861913681,0.11117257922887802,0.40605807304382324,-0.015530526638031006
17,P08,P08-20240613-122900,4177,1.0,1.0,0.42158859968185425,gaze_shuffle_time,0.04558418318629265,0.039472583681344986,0.42153728008270264,-5.131959915161133e-05
17,P08,P08-20240613-122900,4177,1.0,1.0,0.42158859968185425,hand_swap,0.13491031527519226,0.09931930899620056,0.44594869017601013,0.024360090494155884
17,P08,P08-20240613-122900,4177,1.0,1.0,0.42158859968185425,hand_mask,0.10123992711305618,0.1027267798781395,0.4271160066127777,0.005527406930923462
17,P08,P08-20240613-122900,4177,1.0,1.0,0.42158859968185425,hand_shuffle_time,0.031149420887231827,0.05874937027692795,0.42435795068740845,0.0027693510055541992
17,P08,P08-20240613-122900,4177,1.0,1.0,0.42158859968185425,both_mask,0.11605680733919144,0.11170367896556854,0.4240892827510834,0.002500683069229126
17,P08,P08-20240613-122900,4177,1.0,1.0,0.42158859968185425,gaze_yaw_1deg,0.005155294202268124,0.003393749939277768,0.4222075939178467,0.0006189942359924316
17,P08,P08-20240613-122900,4177,1.0,1.0,0.42158859968185425,gaze_yaw_2deg,0.012354910373687744,0.008244247175753117,0.42310360074043274,0.0015150010585784912
17,P08,P08-20240613-122900,4177,1.0,1.0,0.42158859968185425,gaze_yaw_5deg,0.022809239104390144,0.01771179586648941,0.4240133762359619,0.002424776554107666
17,P08,P08-20240613-122900,4177,1.0,1.0,0.42158859968185425,gaze_yaw_10deg,0.033652640879154205,0.025880910456180573,0.4243747591972351,0.0027861595153808594
17,P08,P08-20240613-122900,4177,1.0,1.0,0.42158859968185425,gaze_yaw_20deg,0.04452398791909218,0.04240291938185692,0.42452389001846313,0.0029352903366088867
17,P08,P08-20240613-122900,4177,1.0,1.0,0.42158859968185425,gaze_yaw_45deg,0.07907871156930923,0.09104832261800766,0.41551482677459717,-0.00607377290725708
17,P08,P08-20240613-122900,4177,1.0,1.0,0.42158859968185425,video_swap,0.7121304273605347,0.7013042569160461,0.8358573913574219,0.4142687916755676
18,P08,P08-20240613-122900,5842,1.0,0.25,0.5097317695617676,real,0.0,0.0,0.5097317695617676,0.0
18,P08,P08-20240613-122900,5842,1.0,0.25,0.5097317695617676,identity,0.0,0.0,0.5097317695617676,0.0
18,P08,P08-20240613-122900,5842,1.0,0.25,0.5097317695617676,gaze_swap,0.041803620755672455,0.04071823135018349,0.5108664631843567,0.0011346936225891113
18,P08,P08-20240613-122900,5842,1.0,0.25,0.5097317695617676,gaze_mask,0.10027827322483063,0.0630287155508995,0.504077672958374,-0.005654096603393555
18,P08,P08-20240613-122900,5842,1.0,0.25,0.5097317695617676,gaze_zero,0.16230639815330505,0.09113205969333649,0.49927452206611633,-0.010457247495651245
18,P08,P08-20240613-122900,5842,1.0,0.25,0.5097317695617676,gaze_shuffle_time,0.049320023506879807,0.021024437621235847,0.5070934295654297,-0.0026383399963378906
18,P08,P08-20240613-122900,5842,1.0,0.25,0.5097317695617676,hand_swap,0.17982067167758942,0.12582316994667053,0.503471314907074,-0.0062604546546936035
18,P08,P08-20240613-122900,5842,1.0,0.25,0.5097317695617676,hand_mask,0.1894191950559616,0.0962449312210083,0.5000367760658264,-0.009694993495941162
18,P08,P08-20240613-122900,5842,1.0,0.25,0.5097317695617676,hand_shuffle_time,0.167589008808136,0.0935988500714302,0.49839454889297485,-0.011337220668792725
18,P08,P08-20240613-122900,5842,1.0,0.25,0.5097317695617676,both_mask,0.2980729341506958,0.15218420326709747,0.5043559670448303,-0.005375802516937256
18,P08,P08-20240613-122900,5842,1.0,0.25,0.5097317695617676,gaze_yaw_1deg,0.002035432029515505,0.0019348615314811468,0.5097405910491943,8.821487426757812e-06
18,P08,P08-20240613-122900,5842,1.0,0.25,0.5097317695617676,gaze_yaw_2deg,0.003885475220158696,0.003570996690541506,0.5097244381904602,-7.331371307373047e-06
18,P08,P08-20240613-122900,5842,1.0,0.25,0.5097317695617676,gaze_yaw_5deg,0.008641162887215614,0.0072830128483474255,0.5095131993293762,-0.00021857023239135742
18,P08,P08-20240613-122900,5842,1.0,0.25,0.5097317695617676,gaze_yaw_10deg,0.018916210159659386,0.013611002825200558,0.5086743235588074,-0.001057446002960205
18,P08,P08-20240613-122900,5842,1.0,0.25,0.5097317695617676,gaze_yaw_20deg,0.05184401199221611,0.031504202634096146,0.5068521499633789,-0.002879619598388672
18,P08,P08-20240613-122900,5842,1.0,0.25,0.5097317695617676,gaze_yaw_45deg,0.1061888113617897,0.05970711633563042,0.5041147470474243,-0.005617022514343262
18,P08,P08-20240613-122900,5842,1.0,0.25,0.5097317695617676,video_swap,0.6874580979347229,0.7056849598884583,0.820780873298645,0.31104910373687744
19,P08,P08-20240613-122900,4139,1.0,1.0,0.789808988571167,real,0.0,0.0,0.789808988571167,0.0
19,P08,P08-20240613-122900,4139,1.0,1.0,0.789808988571167,identity,0.0,0.0,0.789808988571167,0.0
19,P08,P08-20240613-122900,4139,1.0,1.0,0.789808988571167,gaze_swap,0.1004847064614296,0.06318700313568115,0.7833349108695984,-0.0064740777015686035
19,P08,P08-20240613-122900,4139,1.0,1.0,0.789808988571167,gaze_mask,0.20199871063232422,0.12859082221984863,0.791231632232666,0.0014226436614990234
19,P08,P08-20240613-122900,4139,1.0,1.0,0.789808988571167,gaze_zero,0.2136310189962387,0.13848863542079926,0.7925068736076355,0.002697885036468506
19,P08,P08-20240613-122900,4139,1.0,1.0,0.789808988571167,gaze_shuffle_time,0.1301613599061966,0.10942517966032028,0.7790090441703796,-0.010799944400787354
19,P08,P08-20240613-122900,4139,1.0,1.0,0.789808988571167,hand_swap,0.06508748233318329,0.04157545045018196,0.7954975962638855,0.005688607692718506
19,P08,P08-20240613-122900,4139,1.0,1.0,0.789808988571167,hand_mask,0.11649899929761887,0.10199183225631714,0.7968328595161438,0.007023870944976807
19,P08,P08-20240613-122900,4139,1.0,1.0,0.789808988571167,hand_shuffle_time,0.04778135567903519,0.042399365454912186,0.7965044975280762,0.00669550895690918
19,P08,P08-20240613-122900,4139,1.0,1.0,0.789808988571167,both_mask,0.16715826094150543,0.14309293031692505,0.799328625202179,0.009519636631011963
19,P08,P08-20240613-122900,4139,1.0,1.0,0.789808988571167,gaze_yaw_1deg,0.0050635566003620625,0.0027006135787814856,0.7895277142524719,-0.00028127431869506836
19,P08,P08-20240613-122900,4139,1.0,1.0,0.789808988571167,gaze_yaw_2deg,0.01089501567184925,0.0055624316446483135,0.789269745349884,-0.000539243221282959
19,P08,P08-20240613-122900,4139,1.0,1.0,0.789808988571167,gaze_yaw_5deg,0.02527758851647377,0.013368120416998863,0.7886216044425964,-0.0011873841285705566
19,P08,P08-20240613-122900,4139,1.0,1.0,0.789808988571167,gaze_yaw_10deg,0.042086925357580185,0.028646597638726234,0.7869958281517029,-0.0028131604194641113
19,P08,P08-20240613-122900,4139,1.0,1.0,0.789808988571167,gaze_yaw_20deg,0.06660067290067673,0.07506309449672699,0.7834625244140625,-0.006346464157104492
19,P08,P08-20240613-122900,4139,1.0,1.0,0.789808988571167,gaze_yaw_45deg,0.13623835146427155,0.11317721009254456,0.7868257164955139,-0.002983272075653076
19,P08,P08-20240613-122900,4139,1.0,1.0,0.789808988571167,video_swap,0.7307292819023132,0.7242678999900818,0.7888887524604797,-0.0009202361106872559
20,P08,P08-20240613-122900,231,1.0,1.0,0.7266771197319031,real,0.0,0.0,0.7266771197319031,0.0
20,P08,P08-20240613-122900,231,1.0,1.0,0.7266771197319031,identity,0.0,0.0,0.7266771197319031,0.0
20,P08,P08-20240613-122900,231,1.0,1.0,0.7266771197319031,gaze_swap,0.04312114417552948,0.06799818575382233,0.723825216293335,-0.0028519034385681152
20,P08,P08-20240613-122900,231,1.0,1.0,0.7266771197319031,gaze_mask,0.25170987844467163,0.1297326683998108,0.7673312425613403,0.040654122829437256
20,P08,P08-20240613-122900,231,1.0,1.0,0.7266771197319031,gaze_zero,0.2235328108072281,0.1195833683013916,0.7564931511878967,0.029816031455993652
20,P08,P08-20240613-122900,231,1.0,1.0,0.7266771197319031,gaze_shuffle_time,0.09120690822601318,0.07395073771476746,0.7217016220092773,-0.004975497722625732
20,P08,P08-20240613-122900,231,1.0,1.0,0.7266771197319031,hand_swap,0.11359839886426926,0.08900286257266998,0.731759786605835,0.005082666873931885
20,P08,P08-20240613-122900,231,1.0,1.0,0.7266771197319031,hand_mask,0.11359839886426926,0.08900286257266998,0.731759786605835,0.005082666873931885
20,P08,P08-20240613-122900,231,1.0,1.0,0.7266771197319031,hand_shuffle_time,0.050445739179849625,0.0352022759616375,0.724200427532196,-0.0024766921997070312
20,P08,P08-20240613-122900,231,1.0,1.0,0.7266771197319031,both_mask,0.12483116239309311,0.10443980991840363,0.7385478615760803,0.011870741844177246
20,P08,P08-20240613-122900,231,1.0,1.0,0.7266771197319031,gaze_yaw_1deg,0.007072203326970339,0.016025405377149582,0.7270458340644836,0.0003687143325805664
20,P08,P08-20240613-122900,231,1.0,1.0,0.7266771197319031,gaze_yaw_2deg,0.013610582798719406,0.03160204738378525,0.7275437712669373,0.0008666515350341797
20,P08,P08-20240613-122900,231,1.0,1.0,0.7266771197319031,gaze_yaw_5deg,0.029173003509640694,0.05439019203186035,0.7292510271072388,0.0025739073753356934
20,P08,P08-20240613-122900,231,1.0,1.0,0.7266771197319031,gaze_yaw_10deg,0.048731621354818344,0.07171236723661423,0.7324681282043457,0.005791008472442627
20,P08,P08-20240613-122900,231,1.0,1.0,0.7266771197319031,gaze_yaw_20deg,0.1061529889702797,0.061039604246616364,0.739297091960907,0.012619972229003906
20,P08,P08-20240613-122900,231,1.0,1.0,0.7266771197319031,gaze_yaw_45deg,0.19062228500843048,0.1057400107383728,0.7511157393455505,0.02443861961364746
20,P08,P08-20240613-122900,231,1.0,1.0,0.7266771197319031,video_swap,0.7571848630905151,0.71510249376297,0.8403595685958862,0.11368244886398315
21,P08,P08-20240613-122900,23,1.0,0.0,0.7214909791946411,real,0.0,0.0,0.7214909791946411,0.0
21,P08,P08-20240613-122900,23,1.0,0.0,0.7214909791946411,identity,0.0,0.0,0.7214909791946411,0.0
21,P08,P08-20240613-122900,23,1.0,0.0,0.7214909791946411,gaze_swap,0.07640452682971954,0.05848681181669235,0.7262697219848633,0.004778742790222168
21,P08,P08-20240613-122900,23,1.0,0.0,0.7214909791946411,gaze_mask,0.07259421795606613,0.08058437705039978,0.7240930795669556,0.002602100372314453
21,P08,P08-20240613-122900,23,1.0,0.0,0.7214909791946411,gaze_zero,0.08833735436201096,0.08036281913518906,0.7244905233383179,0.002999544143676758
21,P08,P08-20240613-122900,23,1.0,0.0,0.7214909791946411,gaze_shuffle_time,0.05512030050158501,0.03873087838292122,0.7229189276695251,0.0014279484748840332
21,P08,P08-20240613-122900,23,1.0,0.0,0.7214909791946411,hand_swap,0.10024478286504745,0.08621464669704437,0.7152592539787292,-0.006231725215911865
21,P08,P08-20240613-122900,23,1.0,0.0,0.7214909791946411,hand_mask,0.0,0.0,0.7214909791946411,0.0
21,P08,P08-20240613-122900,23,1.0,0.0,0.7214909791946411,hand_shuffle_time,0.0,0.0,0.7214909791946411,0.0
21,P08,P08-20240613-122900,23,1.0,0.0,0.7214909791946411,both_mask,0.07259421795606613,0.08058437705039978,0.7240930795669556,0.002602100372314453
21,P08,P08-20240613-122900,23,1.0,0.0,0.7214909791946411,gaze_yaw_1deg,0.004140583332628012,0.004707255866378546,0.7215529680252075,6.198883056640625e-05
21,P08,P08-20240613-122900,23,1.0,0.0,0.7214909791946411,gaze_yaw_2deg,0.008063687942922115,0.009672654792666435,0.7216618657112122,0.00017088651657104492
21,P08,P08-20240613-122900,23,1.0,0.0,0.7214909791946411,gaze_yaw_5deg,0.018677275627851486,0.020651113241910934,0.7218139171600342,0.0003229379653930664
21,P08,P08-20240613-122900,23,1.0,0.0,0.7214909791946411,gaze_yaw_10deg,0.034423209726810455,0.03507323935627937,0.721937894821167,0.0004469156265258789
21,P08,P08-20240613-122900,23,1.0,0.0,0.7214909791946411,gaze_yaw_20deg,0.0489751435816288,0.04801609367132187,0.7224462032318115,0.0009552240371704102
21,P08,P08-20240613-122900,23,1.0,0.0,0.7214909791946411,gaze_yaw_45deg,0.061819903552532196,0.06306500732898712,0.7232010960578918,0.0017101168632507324
21,P08,P08-20240613-122900,23,1.0,0.0,0.7214909791946411,video_swap,0.765471339225769,0.7528701424598694,0.9078673124313354,0.18637633323669434
22,P08,P08-20240613-122900,1053,1.0,1.0,0.6013909578323364,real,0.0,0.0,0.6013909578323364,0.0
22,P08,P08-20240613-122900,1053,1.0,1.0,0.6013909578323364,identity,0.0,0.0,0.6013909578323364,0.0
22,P08,P08-20240613-122900,1053,1.0,1.0,0.6013909578323364,gaze_swap,0.1038026213645935,0.0854887142777443,0.6012955904006958,-9.5367431640625e-05
22,P08,P08-20240613-122900,1053,1.0,1.0,0.6013909578323364,gaze_mask,0.16281455755233765,0.07619578391313553,0.5948493480682373,-0.006541609764099121
22,P08,P08-20240613-122900,1053,1.0,1.0,0.6013909578323364,gaze_zero,0.12182187288999557,0.07106571644544601,0.594743549823761,-0.0066474080085754395
22,P08,P08-20240613-122900,1053,1.0,1.0,0.6013909578323364,gaze_shuffle_time,0.053673963993787766,0.065137580037117,0.6005666851997375,-0.000824272632598877
22,P08,P08-20240613-122900,1053,1.0,1.0,0.6013909578323364,hand_swap,0.08445777744054794,0.050363797694444656,0.6058529019355774,0.004461944103240967
22,P08,P08-20240613-122900,1053,1.0,1.0,0.6013909578323364,hand_mask,0.09638521075248718,0.1018795445561409,0.6102460026741028,0.008855044841766357
22,P08,P08-20240613-122900,1053,1.0,1.0,0.6013909578323364,hand_shuffle_time,0.03653915598988533,0.026251081377267838,0.6005274057388306,-0.0008635520935058594
22,P08,P08-20240613-122900,1053,1.0,1.0,0.6013909578323364,both_mask,0.13773642480373383,0.10433382540941238,0.602456271648407,0.0010653138160705566
22,P08,P08-20240613-122900,1053,1.0,1.0,0.6013909578323364,gaze_yaw_1deg,0.00335132353939116,0.0022460846230387688,0.6013286709785461,-6.22868537902832e-05
22,P08,P08-20240613-122900,1053,1.0,1.0,0.6013909578323364,gaze_yaw_2deg,0.0068275099620223045,0.004482453688979149,0.6012459397315979,-0.0001450181007385254
22,P08,P08-20240613-122900,1053,1.0,1.0,0.6013909578323364,gaze_yaw_5deg,0.01753101497888565,0.01124069094657898,0.6008768081665039,-0.0005141496658325195
22,P08,P08-20240613-122900,1053,1.0,1.0,0.6013909578323364,gaze_yaw_10deg,0.03160391002893448,0.022011106833815575,0.6002500653266907,-0.001140892505645752
22,P08,P08-20240613-122900,1053,1.0,1.0,0.6013909578323364,gaze_yaw_20deg,0.05274781957268715,0.03694663569331169,0.599091649055481,-0.0022993087768554688
22,P08,P08-20240613-122900,1053,1.0,1.0,0.6013909578323364,gaze_yaw_45deg,0.09121634066104889,0.053783006966114044,0.5971253514289856,-0.00426560640335083
22,P08,P08-20240613-122900,1053,1.0,1.0,0.6013909578323364,video_swap,0.673121988773346,0.7126650810241699,0.788313627243042,0.18692266941070557
23,P08,P08-20240613-122900,3000,1.0,0.875,0.8150451183319092,real,0.0,0.0,0.8150451183319092,0.0
23,P08,P08-20240613-122900,3000,1.0,0.875,0.8150451183319092,identity,0.0,0.0,0.8150451183319092,0.0
23,P08,P08-20240613-122900,3000,1.0,0.875,0.8150451183319092,gaze_swap,0.11152774095535278,0.08140646666288376,0.8117384910583496,-0.0033066272735595703
23,P08,P08-20240613-122900,3000,1.0,0.875,0.8150451183319092,gaze_mask,0.1150495782494545,0.11609635502099991,0.8103398680686951,-0.004705250263214111
23,P08,P08-20240613-122900,3000,1.0,0.875,0.8150451183319092,gaze_zero,0.11025842279195786,0.1052384153008461,0.8157294988632202,0.0006843805313110352
23,P08,P08-20240613-122900,3000,1.0,0.875,0.8150451183319092,gaze_shuffle_time,0.136647030711174,0.06908134371042252,0.8083683848381042,-0.006676733493804932
23,P08,P08-20240613-122900,3000,1.0,0.875,0.8150451183319092,hand_swap,0.11812851577997208,0.04701307415962219,0.8117077946662903,-0.0033373236656188965
23,P08,P08-20240613-122900,3000,1.0,0.875,0.8150451183319092,hand_mask,0.09907928854227066,0.08096662163734436,0.8191617131233215,0.0041165947914123535
23,P08,P08-20240613-122900,3000,1.0,0.875,0.8150451183319092,hand_shuffle_time,0.12693093717098236,0.09540414810180664,0.804836630821228,-0.010208487510681152
23,P08,P08-20240613-122900,3000,1.0,0.875,0.8150451183319092,both_mask,0.13199685513973236,0.10717660188674927,0.8193909525871277,0.004345834255218506
23,P08,P08-20240613-122900,3000,1.0,0.875,0.8150451183319092,gaze_yaw_1deg,0.009213143028318882,0.005976158659905195,0.8148760795593262,-0.0001690387725830078
23,P08,P08-20240613-122900,3000,1.0,0.875,0.8150451183319092,gaze_yaw_2deg,0.018067147582769394,0.012421923689544201,0.8148801922798157,-0.00016492605209350586
23,P08,P08-20240613-122900,3000,1.0,0.875,0.8150451183319092,gaze_yaw_5deg,0.055597465485334396,0.03405991941690445,0.8141517639160156,-0.0008933544158935547
23,P08,P08-20240613-122900,3000,1.0,0.875,0.8150451183319092,gaze_yaw_10deg,0.0743645578622818,0.047252632677555084,0.8149710893630981,-7.402896881103516e-05
23,P08,P08-20240613-122900,3000,1.0,0.875,0.8150451183319092,gaze_yaw_20deg,0.08414877206087112,0.06837324053049088,0.8158937096595764,0.0008485913276672363
23,P08,P08-20240613-122900,3000,1.0,0.875,0.8150451183319092,gaze_yaw_45deg,0.0934455469250679,0.09726746380329132,0.8158708214759827,0.0008257031440734863
23,P08,P08-20240613-122900,3000,1.0,0.875,0.8150451183319092,video_swap,0.7385207414627075,0.7407797574996948,0.9256793260574341,0.1106342077255249
24,P08,P08-20240613-123547,3511,1.0,1.0,0.5337979793548584,real,0.0,0.0,0.5337979793548584,0.0
24,P08,P08-20240613-123547,3511,1.0,1.0,0.5337979793548584,identity,0.0,0.0,0.5337979793548584,0.0
24,P08,P08-20240613-123547,3511,1.0,1.0,0.5337979793548584,gaze_swap,0.03739254176616669,0.02270672097802162,0.5333967208862305,-0.0004012584686279297
24,P08,P08-20240613-123547,3511,1.0,1.0,0.5337979793548584,gaze_mask,0.19210976362228394,0.10899204015731812,0.551435112953186,0.017637133598327637
24,P08,P08-20240613-123547,3511,1.0,1.0,0.5337979793548584,gaze_zero,0.16506034135818481,0.10813651978969574,0.5434784889221191,0.009680509567260742
24,P08,P08-20240613-123547,3511,1.0,1.0,0.5337979793548584,gaze_shuffle_time,0.010514306835830212,0.008920306339859962,0.5342514514923096,0.0004534721374511719
24,P08,P08-20240613-123547,3511,1.0,1.0,0.5337979793548584,hand_swap,0.020485177636146545,0.015149950981140137,0.5336689949035645,-0.0001289844512939453
24,P08,P08-20240613-123547,3511,1.0,1.0,0.5337979793548584,hand_mask,0.14588524401187897,0.08928601443767548,0.5370500683784485,0.003252089023590088
24,P08,P08-20240613-123547,3511,1.0,1.0,0.5337979793548584,hand_shuffle_time,0.031857509166002274,0.01424031425267458,0.5327313542366028,-0.0010666251182556152
24,P08,P08-20240613-123547,3511,1.0,1.0,0.5337979793548584,both_mask,0.13017918169498444,0.10380097478628159,0.5359141826629639,0.0021162033081054688
24,P08,P08-20240613-123547,3511,1.0,1.0,0.5337979793548584,gaze_yaw_1deg,0.0017309915274381638,0.0015279939398169518,0.5338044166564941,6.4373016357421875e-06
24,P08,P08-20240613-123547,3511,1.0,1.0,0.5337979793548584,gaze_yaw_2deg,0.0032109459862113,0.0027041174471378326,0.5338223576545715,2.4378299713134766e-05
24,P08,P08-20240613-123547,3511,1.0,1.0,0.5337979793548584,gaze_yaw_5deg,0.006819183938205242,0.005472838878631592,0.5339496731758118,0.00015169382095336914
24,P08,P08-20240613-123547,3511,1.0,1.0,0.5337979793548584,gaze_yaw_10deg,0.01436521764844656,0.014893852174282074,0.5343757271766663,0.0005777478218078613
24,P08,P08-20240613-123547,3511,1.0,1.0,0.5337979793548584,gaze_yaw_20deg,0.04754332825541496,0.04268304631114006,0.5358182787895203,0.0020202994346618652
24,P08,P08-20240613-123547,3511,1.0,1.0,0.5337979793548584,gaze_yaw_45deg,0.10515226423740387,0.07554252445697784,0.5386357307434082,0.004837751388549805
24,P08,P08-20240613-123547,3511,1.0,1.0,0.5337979793548584,video_swap,0.7633230090141296,0.7336587309837341,0.8676570653915405,0.33385908603668213
25,P08,P08-20240613-123547,9503,1.0,1.0,0.43009084463119507,real,0.0,0.0,0.43009084463119507,0.0
25,P08,P08-20240613-123547,9503,1.0,1.0,0.43009084463119507,identity,0.0,0.0,0.43009084463119507,0.0
25,P08,P08-20240613-123547,9503,1.0,1.0,0.43009084463119507,gaze_swap,0.08684772253036499,0.07813799381256104,0.4359585642814636,0.005867719650268555
25,P08,P08-20240613-123547,9503,1.0,1.0,0.43009084463119507,gaze_mask,0.1338958591222763,0.12068188935518265,0.4288449287414551,-0.0012459158897399902
25,P08,P08-20240613-123547,9503,1.0,1.0,0.43009084463119507,gaze_zero,0.1423926055431366,0.1379527747631073,0.4267267882823944,-0.003364056348800659
25,P08,P08-20240613-123547,9503,1.0,1.0,0.43009084463119507,gaze_shuffle_time,0.015021951869130135,0.013878883793950081,0.4286969006061554,-0.0013939440250396729
25,P08,P08-20240613-123547,9503,1.0,1.0,0.43009084463119507,hand_swap,0.09217248857021332,0.07720017433166504,0.43831974267959595,0.008228898048400879
25,P08,P08-20240613-123547,9503,1.0,1.0,0.43009084463119507,hand_mask,0.09824894368648529,0.08106778562068939,0.43877846002578735,0.008687615394592285
25,P08,P08-20240613-123547,9503,1.0,1.0,0.43009084463119507,hand_shuffle_time,0.020623143762350082,0.015568351373076439,0.4323595464229584,0.0022687017917633057
25,P08,P08-20240613-123547,9503,1.0,1.0,0.43009084463119507,both_mask,0.10602650791406631,0.11605540663003922,0.437081515789032,0.006990671157836914
25,P08,P08-20240613-123547,9503,1.0,1.0,0.43009084463119507,gaze_yaw_1deg,0.0026363804936408997,0.0022065367083996534,0.42998644709587097,-0.00010439753532409668
25,P08,P08-20240613-123547,9503,1.0,1.0,0.43009084463119507,gaze_yaw_2deg,0.005032273009419441,0.004270130768418312,0.429921418428421,-0.00016942620277404785
25,P08,P08-20240613-123547,9503,1.0,1.0,0.43009084463119507,gaze_yaw_5deg,0.011406701058149338,0.010621295310556889,0.4296591579914093,-0.0004316866397857666
25,P08,P08-20240613-123547,9503,1.0,1.0,0.43009084463119507,gaze_yaw_10deg,0.02112218178808689,0.024004170671105385,0.428957462310791,-0.0011333823204040527
25,P08,P08-20240613-123547,9503,1.0,1.0,0.43009084463119507,gaze_yaw_20deg,0.05056387931108475,0.05524151772260666,0.42654359340667725,-0.0035472512245178223
25,P08,P08-20240613-123547,9503,1.0,1.0,0.43009084463119507,gaze_yaw_45deg,0.09122274816036224,0.09564155340194702,0.42540308833122253,-0.004687756299972534
25,P08,P08-20240613-123547,9503,1.0,1.0,0.43009084463119507,video_swap,0.6551613807678223,0.6249319911003113,0.7543611526489258,0.3242703080177307
26,P08,P08-20240613-123547,29373,1.0,0.875,0.6567534804344177,real,0.0,0.0,0.6567534804344177,0.0
26,P08,P08-20240613-123547,29373,1.0,0.875,0.6567534804344177,identity,0.0,0.0,0.6567534804344177,0.0
26,P08,P08-20240613-123547,29373,1.0,0.875,0.6567534804344177,gaze_swap,0.06171228364109993,0.04732557013630867,0.6538153886795044,-0.00293809175491333
26,P08,P08-20240613-123547,29373,1.0,0.875,0.6567534804344177,gaze_mask,0.07781004160642624,0.06767672300338745,0.652792751789093,-0.003960728645324707
26,P08,P08-20240613-123547,29373,1.0,0.875,0.6567534804344177,gaze_zero,0.07462038844823837,0.07641690969467163,0.6512587070465088,-0.0054947733879089355
26,P08,P08-20240613-123547,29373,1.0,0.875,0.6567534804344177,gaze_shuffle_time,0.018905801698565483,0.021071603521704674,0.6578148007392883,0.0010613203048706055
26,P08,P08-20240613-123547,29373,1.0,0.875,0.6567534804344177,hand_swap,0.060450781136751175,0.06505543738603592,0.6591327786445618,0.002379298210144043
26,P08,P08-20240613-123547,29373,1.0,0.875,0.6567534804344177,hand_mask,0.07536198198795319,0.07428950816392899,0.662476122379303,0.005722641944885254
26,P08,P08-20240613-123547,29373,1.0,0.875,0.6567534804344177,hand_shuffle_time,0.05130460485816002,0.06635746359825134,0.6582546234130859,0.0015011429786682129
26,P08,P08-20240613-123547,29373,1.0,0.875,0.6567534804344177,both_mask,0.11291398853063583,0.09909415990114212,0.6586770415306091,0.0019235610961914062
26,P08,P08-20240613-123547,29373,1.0,0.875,0.6567534804344177,gaze_yaw_1deg,0.00448651472106576,0.004607805982232094,0.656829833984375,7.635354995727539e-05
26,P08,P08-20240613-123547,29373,1.0,0.875,0.6567534804344177,gaze_yaw_2deg,0.008891046978533268,0.00912404339760542,0.656840443611145,8.696317672729492e-05
26,P08,P08-20240613-123547,29373,1.0,0.875,0.6567534804344177,gaze_yaw_5deg,0.021068906411528587,0.019699597731232643,0.6568944454193115,0.00014096498489379883
26,P08,P08-20240613-123547,29373,1.0,0.875,0.6567534804344177,gaze_yaw_10deg,0.03606749325990677,0.03296229988336563,0.6558061838150024,-0.0009472966194152832
26,P08,P08-20240613-123547,29373,1.0,0.875,0.6567534804344177,gaze_yaw_20deg,0.05090270936489105,0.04229454696178436,0.6550788879394531,-0.0016745924949645996
26,P08,P08-20240613-123547,29373,1.0,0.875,0.6567534804344177,gaze_yaw_45deg,0.06233284994959831,0.05889883637428284,0.6537524461746216,-0.0030010342597961426
26,P08,P08-20240613-123547,29373,1.0,0.875,0.6567534804344177,video_swap,0.751956045627594,0.7332397103309631,1.0027408599853516,0.34598737955093384
27,P08,P08-20240613-123547,29025,1.0,1.0,0.7024610638618469,real,0.0,0.0,0.7024610638618469,0.0
27,P08,P08-20240613-123547,29025,1.0,1.0,0.7024610638618469,identity,0.0,0.0,0.7024610638618469,0.0
27,P08,P08-20240613-123547,29025,1.0,1.0,0.7024610638618469,gaze_swap,0.019984792917966843,0.02848724275827408,0.7024775743484497,1.6510486602783203e-05
27,P08,P08-20240613-123547,29025,1.0,1.0,0.7024610638618469,gaze_mask,0.05530160292983055,0.08660468459129333,0.6955701112747192,-0.0068909525871276855
27,P08,P08-20240613-123547,29025,1.0,1.0,0.7024610638618469,gaze_zero,0.10440640896558762,0.09753569215536118,0.6863163113594055,-0.016144752502441406
27,P08,P08-20240613-123547,29025,1.0,1.0,0.7024610638618469,gaze_shuffle_time,0.03958415240049362,0.028832057490944862,0.7016618847846985,-0.0007991790771484375
27,P08,P08-20240613-123547,29025,1.0,1.0,0.7024610638618469,hand_swap,0.03821786493062973,0.03524007648229599,0.7010337114334106,-0.0014273524284362793
27,P08,P08-20240613-123547,29025,1.0,1.0,0.7024610638618469,hand_mask,0.10909756273031235,0.09674083441495895,0.7005729675292969,-0.0018880963325500488
27,P08,P08-20240613-123547,29025,1.0,1.0,0.7024610638618469,hand_shuffle_time,0.04395437240600586,0.044845469295978546,0.70219886302948,-0.00026220083236694336
27,P08,P08-20240613-123547,29025,1.0,1.0,0.7024610638618469,both_mask,0.12614023685455322,0.12267091870307922,0.6950135827064514,-0.007447481155395508
27,P08,P08-20240613-123547,29025,1.0,1.0,0.7024610638618469,gaze_yaw_1deg,0.0029446836560964584,0.002005595015361905,0.7028347253799438,0.00037366151809692383
27,P08,P08-20240613-123547,29025,1.0,1.0,0.7024610638618469,gaze_yaw_2deg,0.006241836119443178,0.004390144255012274,0.7032222747802734,0.0007612109184265137
27,P08,P08-20240613-123547,29025,1.0,1.0,0.7024610638618469,gaze_yaw_5deg,0.01406240463256836,0.009759253822267056,0.7042633891105652,0.0018023252487182617
27,P08,P08-20240613-123547,29025,1.0,1.0,0.7024610638618469,gaze_yaw_10deg,0.024306926876306534,0.01711811125278473,0.7051678895950317,0.0027068257331848145
27,P08,P08-20240613-123547,29025,1.0,1.0,0.7024610638618469,gaze_yaw_20deg,0.0413287952542305,0.03564755618572235,0.7035645842552185,0.001103520393371582
27,P08,P08-20240613-123547,29025,1.0,1.0,0.7024610638618469,gaze_yaw_45deg,0.06505180150270462,0.07074371725320816,0.6961612701416016,-0.006299793720245361
27,P08,P08-20240613-123547,29025,1.0,1.0,0.7024610638618469,video_swap,0.7560587525367737,0.7446590065956116,0.9367722272872925,0.23431116342544556
28,P08,P08-20240613-123547,18267,1.0,1.0,0.45989513397216797,real,0.0,0.0,0.45989513397216797,0.0
28,P08,P08-20240613-123547,18267,1.0,1.0,0.45989513397216797,identity,0.0,0.0,0.45989513397216797,0.0
28,P08,P08-20240613-123547,18267,1.0,1.0,0.45989513397216797,gaze_swap,0.029068943113088608,0.036201272159814835,0.46430596709251404,0.004410833120346069
28,P08,P08-20240613-123547,18267,1.0,1.0,0.45989513397216797,gaze_mask,0.09556257724761963,0.08417102694511414,0.4576517641544342,-0.0022433698177337646
28,P08,P08-20240613-123547,18267,1.0,1.0,0.45989513397216797,gaze_zero,0.0977805107831955,0.10107113420963287,0.4579011797904968,-0.0019939541816711426
28,P08,P08-20240613-123547,18267,1.0,1.0,0.45989513397216797,gaze_shuffle_time,0.03139737248420715,0.04183138161897659,0.4649192690849304,0.005024135112762451
28,P08,P08-20240613-123547,18267,1.0,1.0,0.45989513397216797,hand_swap,0.03985375538468361,0.05160791054368019,0.45791810750961304,-0.0019770264625549316
28,P08,P08-20240613-123547,18267,1.0,1.0,0.45989513397216797,hand_mask,0.0882343202829361,0.10052600502967834,0.46098893880844116,0.0010938048362731934
28,P08,P08-20240613-123547,18267,1.0,1.0,0.45989513397216797,hand_shuffle_time,0.04642210155725479,0.06156051903963089,0.4586903154850006,-0.0012048184871673584
28,P08,P08-20240613-123547,18267,1.0,1.0,0.45989513397216797,both_mask,0.11549448221921921,0.11927305907011032,0.4609667658805847,0.001071631908416748
28,P08,P08-20240613-123547,18267,1.0,1.0,0.45989513397216797,gaze_yaw_1deg,0.002242139307782054,0.005057374946773052,0.4597468376159668,-0.00014829635620117188
28,P08,P08-20240613-123547,18267,1.0,1.0,0.45989513397216797,gaze_yaw_2deg,0.0038247243501245975,0.006763039156794548,0.4595544636249542,-0.0003406703472137451
28,P08,P08-20240613-123547,18267,1.0,1.0,0.45989513397216797,gaze_yaw_5deg,0.008559617213904858,0.010467210784554482,0.45895084738731384,-0.000944286584854126
28,P08,P08-20240613-123547,18267,1.0,1.0,0.45989513397216797,gaze_yaw_10deg,0.017034372314810753,0.01703646220266819,0.4579851031303406,-0.0019100308418273926
28,P08,P08-20240613-123547,18267,1.0,1.0,0.45989513397216797,gaze_yaw_20deg,0.0323491245508194,0.024483337998390198,0.4565773904323578,-0.0033177435398101807
28,P08,P08-20240613-123547,18267,1.0,1.0,0.45989513397216797,gaze_yaw_45deg,0.06770410388708115,0.05194150283932686,0.4560633599758148,-0.0038317739963531494
28,P08,P08-20240613-123547,18267,1.0,1.0,0.45989513397216797,video_swap,0.6324365735054016,0.6370208263397217,0.7346795201301575,0.2747843861579895
29,P08,P08-20240613-123547,17239,1.0,1.0,0.5828622579574585,real,0.0,0.0,0.5828622579574585,0.0
29,P08,P08-20240613-123547,17239,1.0,1.0,0.5828622579574585,identity,0.0,0.0,0.5828622579574585,0.0
29,P08,P08-20240613-123547,17239,1.0,1.0,0.5828622579574585,gaze_swap,0.030548548325896263,0.0370018295943737,0.5822100639343262,-0.0006521940231323242
29,P08,P08-20240613-123547,17239,1.0,1.0,0.5828622579574585,gaze_mask,0.06327959895133972,0.07627891004085541,0.5809942483901978,-0.0018680095672607422
29,P08,P08-20240613-123547,17239,1.0,1.0,0.5828622579574585,gaze_zero,0.06666881591081619,0.10496559739112854,0.5795105695724487,-0.0033516883850097656
29,P08,P08-20240613-123547,17239,1.0,1.0,0.5828622579574585,gaze_shuffle_time,0.010859229601919651,0.0072131771594285965,0.5822833776473999,-0.0005788803100585938
29,P08,P08-20240613-123547,17239,1.0,1.0,0.5828622579574585,hand_swap,0.07368990033864975,0.06141073629260063,0.582722008228302,-0.00014024972915649414
29,P08,P08-20240613-123547,17239,1.0,1.0,0.5828622579574585,hand_mask,0.09976173937320709,0.09386496990919113,0.583315372467041,0.00045311450958251953
29,P08,P08-20240613-123547,17239,1.0,1.0,0.5828622579574585,hand_shuffle_time,0.00673053739592433,0.00467465678229928,0.5829068422317505,4.458427429199219e-05
29,P08,P08-20240613-123547,17239,1.0,1.0,0.5828622579574585,both_mask,0.1093551516532898,0.13233543932437897,0.5845201015472412,0.0016578435897827148
29,P08,P08-20240613-123547,17239,1.0,1.0,0.5828622579574585,gaze_yaw_1deg,0.004004911053925753,0.0031796086113899946,0.5828549861907959,-7.271766662597656e-06
29,P08,P08-20240613-123547,17239,1.0,1.0,0.5828622579574585,gaze_yaw_2deg,0.007927163504064083,0.006317065097391605,0.5828821063041687,1.9848346710205078e-05
29,P08,P08-20240613-123547,17239,1.0,1.0,0.5828622579574585,gaze_yaw_5deg,0.01864486187696457,0.014940641820430756,0.5829936265945435,0.00013136863708496094
29,P08,P08-20240613-123547,17239,1.0,1.0,0.5828622579574585,gaze_yaw_10deg,0.030120903626084328,0.026380259543657303,0.5829293131828308,6.705522537231445e-05
29,P08,P08-20240613-123547,17239,1.0,1.0,0.5828622579574585,gaze_yaw_20deg,0.03933954983949661,0.044737521559000015,0.5822186470031738,-0.000643610954284668
29,P08,P08-20240613-123547,17239,1.0,1.0,0.5828622579574585,gaze_yaw_45deg,0.056682635098695755,0.08064968138933182,0.5805940628051758,-0.002268195152282715
29,P08,P08-20240613-123547,17239,1.0,1.0,0.5828622579574585,video_swap,0.5557703375816345,0.6264239549636841,0.6648797988891602,0.08201754093170166
30,P08,P08-20240613-123547,26660,1.0,1.0,0.6861413717269897,real,0.0,0.0,0.6861413717269897,0.0
30,P08,P08-20240613-123547,26660,1.0,1.0,0.6861413717269897,identity,0.0,0.0,0.6861413717269897,0.0
30,P08,P08-20240613-123547,26660,1.0,1.0,0.6861413717269897,gaze_swap,0.1183670163154602,0.05503249540925026,0.6970045566558838,0.010863184928894043
30,P08,P08-20240613-123547,26660,1.0,1.0,0.6861413717269897,gaze_mask,0.2040288746356964,0.1138431578874588,0.7054171562194824,0.019275784492492676
30,P08,P08-20240613-123547,26660,1.0,1.0,0.6861413717269897,gaze_zero,0.26919445395469666,0.14841754734516144,0.7171088457107544,0.03096747398376465
30,P08,P08-20240613-123547,26660,1.0,1.0,0.6861413717269897,gaze_shuffle_time,0.02978251315653324,0.03584236651659012,0.6886569857597351,0.0025156140327453613
30,P08,P08-20240613-123547,26660,1.0,1.0,0.6861413717269897,hand_swap,0.11012843996286392,0.10681118816137314,0.6960112452507019,0.009869873523712158
30,P08,P08-20240613-123547,26660,1.0,1.0,0.6861413717269897,hand_mask,0.16984783113002777,0.09854196012020111,0.7009403109550476,0.014798939228057861
30,P08,P08-20240613-123547,26660,1.0,1.0,0.6861413717269897,hand_shuffle_time,0.04054517671465874,0.03515256196260452,0.6826500296592712,-0.003491342067718506
30,P08,P08-20240613-123547,26660,1.0,1.0,0.6861413717269897,both_mask,0.25902849435806274,0.14894115924835205,0.7185720801353455,0.03243070840835571
30,P08,P08-20240613-123547,26660,1.0,1.0,0.6861413717269897,gaze_yaw_1deg,0.004403024911880493,0.003934822976589203,0.686137318611145,-4.0531158447265625e-06
30,P08,P08-20240613-123547,26660,1.0,1.0,0.6861413717269897,gaze_yaw_2deg,0.008725508116185665,0.007805244531482458,0.6861055493354797,-3.5822391510009766e-05
30,P08,P08-20240613-123547,26660,1.0,1.0,0.6861413717269897,gaze_yaw_5deg,0.02418779581785202,0.01932489313185215,0.6861588358879089,1.7464160919189453e-05
30,P08,P08-20240613-123547,26660,1.0,1.0,0.6861413717269897,gaze_yaw_10deg,0.05201757326722145,0.03696899861097336,0.686622142791748,0.0004807710647583008
30,P08,P08-20240613-123547,26660,1.0,1.0,0.6861413717269897,gaze_yaw_20deg,0.10169409960508347,0.06331837922334671,0.6892538070678711,0.0031124353408813477
30,P08,P08-20240613-123547,26660,1.0,1.0,0.6861413717269897,gaze_yaw_45deg,0.16093812882900238,0.09253572672605515,0.6948849558830261,0.008743584156036377
30,P08,P08-20240613-123547,26660,1.0,1.0,0.6861413717269897,video_swap,0.7864829897880554,0.7648048400878906,0.9700250029563904,0.28388363122940063
31,P08,P08-20240613-123547,2624,1.0,1.0,0.5831287503242493,real,0.0,0.0,0.5831287503242493,0.0
31,P08,P08-20240613-123547,2624,1.0,1.0,0.5831287503242493,identity,0.0,0.0,0.5831287503242493,0.0
31,P08,P08-20240613-123547,2624,1.0,1.0,0.5831287503242493,gaze_swap,0.04627305641770363,0.03420501574873924,0.5805134773254395,-0.0026152729988098145
31,P08,P08-20240613-123547,2624,1.0,1.0,0.5831287503242493,gaze_mask,0.13243317604064941,0.07443014532327652,0.5903323292732239,0.007203578948974609
31,P08,P08-20240613-123547,2624,1.0,1.0,0.5831287503242493,gaze_zero,0.18832457065582275,0.10145128518342972,0.5970165729522705,0.01388782262802124
31,P08,P08-20240613-123547,2624,1.0,1.0,0.5831287503242493,gaze_shuffle_time,0.022465601563453674,0.020303986966609955,0.5814298987388611,-0.0016988515853881836
31,P08,P08-20240613-123547,2624,1.0,1.0,0.5831287503242493,hand_swap,0.2403014898300171,0.13938596844673157,0.6126397252082825,0.029510974884033203
31,P08,P08-20240613-123547,2624,1.0,1.0,0.5831287503242493,hand_mask,0.2451404631137848,0.1377343088388443,0.6081957221031189,0.02506697177886963
31,P08,P08-20240613-123547,2624,1.0,1.0,0.5831287503242493,hand_shuffle_time,0.04799140617251396,0.038786549121141434,0.5762664079666138,-0.006862342357635498
31,P08,P08-20240613-123547,2624,1.0,1.0,0.5831287503242493,both_mask,0.2652885615825653,0.15076668560504913,0.6096906065940857,0.026561856269836426
31,P08,P08-20240613-123547,2624,1.0,1.0,0.5831287503242493,gaze_yaw_1deg,0.003256769385188818,0.0027988473884761333,0.5835477709770203,0.0004190206527709961
31,P08,P08-20240613-123547,2624,1.0,1.0,0.5831287503242493,gaze_yaw_2deg,0.006764852441847324,0.005543507169932127,0.5839756727218628,0.0008469223976135254
31,P08,P08-20240613-123547,2624,1.0,1.0,0.5831287503242493,gaze_yaw_5deg,0.017906930297613144,0.012645173817873001,0.5852403044700623,0.0021115541458129883
31,P08,P08-20240613-123547,2624,1.0,1.0,0.5831287503242493,gaze_yaw_10deg,0.03433932363986969,0.021507566794753075,0.5869779586791992,0.003849208354949951
31,P08,P08-20240613-123547,2624,1.0,1.0,0.5831287503242493,gaze_yaw_20deg,0.06417709589004517,0.03719652444124222,0.5892688632011414,0.00614011287689209
31,P08,P08-20240613-123547,2624,1.0,1.0,0.5831287503242493,gaze_yaw_45deg,0.11923274397850037,0.06637024134397507,0.5905011892318726,0.007372438907623291
31,P08,P08-20240613-123547,2624,1.0,1.0,0.5831287503242493,video_swap,0.8012610673904419,0.7284427285194397,0.8831537961959839,0.3000250458717346
32,P08,P08-20240613-123547,28655,1.0,0.625,0.6668385863304138,real,0.0,0.0,0.6668385863304138,0.0
32,P08,P08-20240613-123547,28655,1.0,0.625,0.6668385863304138,identity,0.0,0.0,0.6668385863304138,0.0
32,P08,P08-20240613-123547,28655,1.0,0.625,0.6668385863304138,gaze_swap,0.07225710153579712,0.030509451404213905,0.6684929728507996,0.0016543865203857422
32,P08,P08-20240613-123547,28655,1.0,0.625,0.6668385863304138,gaze_mask,0.07753368467092514,0.04573977366089821,0.6655303239822388,-0.0013082623481750488
32,P08,P08-20240613-123547,28655,1.0,0.625,0.6668385863304138,gaze_zero,0.05976564809679985,0.053692527115345,0.6652106046676636,-0.0016279816627502441
32,P08,P08-20240613-123547,28655,1.0,0.625,0.6668385863304138,gaze_shuffle_time,0.028918994590640068,0.026929307729005814,0.6637717485427856,-0.003066837787628174
32,P08,P08-20240613-123547,28655,1.0,0.625,0.6668385863304138,hand_swap,0.12607713043689728,0.08420070260763168,0.6646193861961365,-0.0022192001342773438
32,P08,P08-20240613-123547,28655,1.0,0.625,0.6668385863304138,hand_mask,0.10593436658382416,0.09008835256099701,0.672265887260437,0.005427300930023193
32,P08,P08-20240613-123547,28655,1.0,0.625,0.6668385863304138,hand_shuffle_time,0.17325305938720703,0.07735210657119751,0.665885865688324,-0.0009527206420898438
32,P08,P08-20240613-123547,28655,1.0,0.625,0.6668385863304138,both_mask,0.09044177085161209,0.09290693700313568,0.6664324998855591,-0.00040608644485473633
32,P08,P08-20240613-123547,28655,1.0,0.625,0.6668385863304138,gaze_yaw_1deg,0.004435703624039888,0.00240450631827116,0.6668570637702942,1.8477439880371094e-05
32,P08,P08-20240613-123547,28655,1.0,0.625,0.6668385863304138,gaze_yaw_2deg,0.008432035334408283,0.004709429107606411,0.6668649315834045,2.6345252990722656e-05
32,P08,P08-20240613-123547,28655,1.0,0.625,0.6668385863304138,gaze_yaw_5deg,0.026481691747903824,0.012937110848724842,0.6669556498527527,0.00011706352233886719
32,P08,P08-20240613-123547,28655,1.0,0.625,0.6668385863304138,gaze_yaw_10deg,0.05761472135782242,0.02621021308004856,0.6671883463859558,0.0003497600555419922
32,P08,P08-20240613-123547,28655,1.0,0.625,0.6668385863304138,gaze_yaw_20deg,0.09335174411535263,0.042564596980810165,0.6683796048164368,0.0015410184860229492
32,P08,P08-20240613-123547,28655,1.0,0.625,0.6668385863304138,gaze_yaw_45deg,0.08157479017972946,0.0467245876789093,0.6669288277626038,9.02414321899414e-05
32,P08,P08-20240613-123547,28655,1.0,0.625,0.6668385863304138,video_swap,0.8366279006004333,0.7602239847183228,0.9355359077453613,0.2686973214149475
33,P08,P08-20240613-123547,4483,1.0,1.0,0.7705237865447998,real,0.0,0.0,0.7705237865447998,0.0
33,P08,P08-20240613-123547,4483,1.0,1.0,0.7705237865447998,identity,0.0,0.0,0.7705237865447998,0.0
33,P08,P08-20240613-123547,4483,1.0,1.0,0.7705237865447998,gaze_swap,0.02599363960325718,0.03952609375119209,0.7694451808929443,-0.0010786056518554688
33,P08,P08-20240613-123547,4483,1.0,1.0,0.7705237865447998,gaze_mask,0.19231843948364258,0.11208034306764603,0.7900983691215515,0.01957458257675171
33,P08,P08-20240613-123547,4483,1.0,1.0,0.7705237865447998,gaze_zero,0.1743794083595276,0.10258370637893677,0.786777675151825,0.016253888607025146
33,P08,P08-20240613-123547,4483,1.0,1.0,0.7705237865447998,gaze_shuffle_time,0.024556424468755722,0.009991802275180817,0.7721425294876099,0.0016187429428100586
33,P08,P08-20240613-123547,4483,1.0,1.0,0.7705237865447998,hand_swap,0.10456353425979614,0.0838070958852768,0.766140341758728,-0.004383444786071777
33,P08,P08-20240613-123547,4483,1.0,1.0,0.7705237865447998,hand_mask,0.12143654376268387,0.09809691458940506,0.7671632170677185,-0.003360569477081299
33,P08,P08-20240613-123547,4483,1.0,1.0,0.7705237865447998,hand_shuffle_time,0.026789849624037743,0.0313677079975605,0.7709529995918274,0.0004292130470275879
33,P08,P08-20240613-123547,4483,1.0,1.0,0.7705237865447998,both_mask,0.13493746519088745,0.12164339423179626,0.7741641402244568,0.0036403536796569824
33,P08,P08-20240613-123547,4483,1.0,1.0,0.7705237865447998,gaze_yaw_1deg,0.002733607543632388,0.0018260247306898236,0.7707276940345764,0.00020390748977661133
33,P08,P08-20240613-123547,4483,1.0,1.0,0.7705237865447998,gaze_yaw_2deg,0.0058824606239795685,0.003763645887374878,0.7709603905677795,0.00043660402297973633
33,P08,P08-20240613-123547,4483,1.0,1.0,0.7705237865447998,gaze_yaw_5deg,0.017467591911554337,0.010369866155087948,0.7717989087104797,0.0012751221656799316
33,P08,P08-20240613-123547,4483,1.0,1.0,0.7705237865447998,gaze_yaw_10deg,0.042175594717264175,0.0238201841711998,0.7735715508460999,0.003047764301300049
33,P08,P08-20240613-123547,4483,1.0,1.0,0.7705237865447998,gaze_yaw_20deg,0.09100167453289032,0.04705183207988739,0.7774292826652527,0.006905496120452881
33,P08,P08-20240613-123547,4483,1.0,1.0,0.7705237865447998,gaze_yaw_45deg,0.14503946900367737,0.07364359498023987,0.784094512462616,0.013570725917816162
33,P08,P08-20240613-123547,4483,1.0,1.0,0.7705237865447998,video_swap,0.7371518015861511,0.7222229838371277,0.7873889207839966,0.016865134239196777
34,P08,P08-20240613-123547,2812,1.0,1.0,0.7085533142089844,real,0.0,0.0,0.7085533142089844,0.0
34,P08,P08-20240613-123547,2812,1.0,1.0,0.7085533142089844,identity,0.0,0.0,0.7085533142089844,0.0
34,P08,P08-20240613-123547,2812,1.0,1.0,0.7085533142089844,gaze_swap,0.11189241707324982,0.08190097659826279,0.705994725227356,-0.002558588981628418
34,P08,P08-20240613-123547,2812,1.0,1.0,0.7085533142089844,gaze_mask,0.10156919062137604,0.06413435190916061,0.7185210585594177,0.00996774435043335
34,P08,P08-20240613-123547,2812,1.0,1.0,0.7085533142089844,gaze_zero,0.17205670475959778,0.08697199821472168,0.7280257344245911,0.01947242021560669
34,P08,P08-20240613-123547,2812,1.0,1.0,0.7085533142089844,gaze_shuffle_time,0.08204160630702972,0.053519975394010544,0.7100253701210022,0.0014720559120178223
34,P08,P08-20240613-123547,2812,1.0,1.0,0.7085533142089844,hand_swap,0.13087935745716095,0.1236841157078743,0.7053818702697754,-0.0031714439392089844
34,P08,P08-20240613-123547,2812,1.0,1.0,0.7085533142089844,hand_mask,0.13087935745716095,0.1236841157078743,0.7053818702697754,-0.0031714439392089844
34,P08,P08-20240613-123547,2812,1.0,1.0,0.7085533142089844,hand_shuffle_time,0.04085602983832359,0.038254763931035995,0.7087615132331848,0.00020819902420043945
34,P08,P08-20240613-123547,2812,1.0,1.0,0.7085533142089844,both_mask,0.1592710167169571,0.1342436522245407,0.7111796736717224,0.002626359462738037
34,P08,P08-20240613-123547,2812,1.0,1.0,0.7085533142089844,gaze_yaw_1deg,0.0038482483942061663,0.003391886129975319,0.7089217305183411,0.00036841630935668945
34,P08,P08-20240613-123547,2812,1.0,1.0,0.7085533142089844,gaze_yaw_2deg,0.007733372505754232,0.006886845920234919,0.7093567848205566,0.0008034706115722656
34,P08,P08-20240613-123547,2812,1.0,1.0,0.7085533142089844,gaze_yaw_5deg,0.018974320963025093,0.017320113256573677,0.7103943824768066,0.0018410682678222656
34,P08,P08-20240613-123547,2812,1.0,1.0,0.7085533142089844,gaze_yaw_10deg,0.032568641006946564,0.029679032042622566,0.7114208340644836,0.0028675198554992676
34,P08,P08-20240613-123547,2812,1.0,1.0,0.7085533142089844,gaze_yaw_20deg,0.056781649589538574,0.045377302914857864,0.7131679058074951,0.004614591598510742
34,P08,P08-20240613-123547,2812,1.0,1.0,0.7085533142089844,gaze_yaw_45deg,0.10595622658729553,0.06545940786600113,0.7181879281997681,0.009634613990783691
34,P08,P08-20240613-123547,2812,1.0,1.0,0.7085533142089844,video_swap,0.7111081480979919,0.7175008058547974,0.7526271343231201,0.04407382011413574
35,P08,P08-20240613-123547,1148,1.0,0.0,0.7301484942436218,real,0.0,0.0,0.7301484942436218,0.0
35,P08,P08-20240613-123547,1148,1.0,0.0,0.7301484942436218,identity,0.0,0.0,0.7301484942436218,0.0
35,P08,P08-20240613-123547,1148,1.0,0.0,0.7301484942436218,gaze_swap,0.05971779301762581,0.05022274702787399,0.7335715293884277,0.003423035144805908
35,P08,P08-20240613-123547,1148,1.0,0.0,0.7301484942436218,gaze_mask,0.1573992818593979,0.0874100774526596,0.7358433604240417,0.005694866180419922
35,P08,P08-20240613-123547,1148,1.0,0.0,0.7301484942436218,gaze_zero,0.13879266381263733,0.07203133404254913,0.7349411845207214,0.004792690277099609
35,P08,P08-20240613-123547,1148,1.0,0.0,0.7301484942436218,gaze_shuffle_time,0.04084353521466255,0.041867874562740326,0.7307328581809998,0.0005843639373779297
35,P08,P08-20240613-123547,1148,1.0,0.0,0.7301484942436218,hand_swap,0.12467242777347565,0.08448906987905502,0.7355391383171082,0.005390644073486328
35,P08,P08-20240613-123547,1148,1.0,0.0,0.7301484942436218,hand_mask,0.0,0.0,0.7301484942436218,0.0
35,P08,P08-20240613-123547,1148,1.0,0.0,0.7301484942436218,hand_shuffle_time,0.0,0.0,0.7301484942436218,0.0
35,P08,P08-20240613-123547,1148,1.0,0.0,0.7301484942436218,both_mask,0.1573992818593979,0.0874100774526596,0.7358433604240417,0.005694866180419922
35,P08,P08-20240613-123547,1148,1.0,0.0,0.7301484942436218,gaze_yaw_1deg,0.0023189273197203875,0.0014235182898119092,0.730186402797699,3.790855407714844e-05
35,P08,P08-20240613-123547,1148,1.0,0.0,0.7301484942436218,gaze_yaw_2deg,0.0056819794699549675,0.003030978376045823,0.7302405834197998,9.208917617797852e-05
35,P08,P08-20240613-123547,1148,1.0,0.0,0.7301484942436218,gaze_yaw_5deg,0.01722198911011219,0.008326332084834576,0.7307454943656921,0.0005970001220703125
35,P08,P08-20240613-123547,1148,1.0,0.0,0.7301484942436218,gaze_yaw_10deg,0.032629869878292084,0.015683526173233986,0.7314732670783997,0.001324772834777832
35,P08,P08-20240613-123547,1148,1.0,0.0,0.7301484942436218,gaze_yaw_20deg,0.05501184239983559,0.02882590889930725,0.733147919178009,0.002999424934387207
35,P08,P08-20240613-123547,1148,1.0,0.0,0.7301484942436218,gaze_yaw_45deg,0.08184513449668884,0.04483765363693237,0.7348983287811279,0.0047498345375061035
35,P08,P08-20240613-123547,1148,1.0,0.0,0.7301484942436218,video_swap,0.7868326306343079,0.8009346127510071,1.0310064554214478,0.3008579611778259
36,P08,P08-20240613-123547,3215,1.0,1.0,0.38654980063438416,real,0.0,0.0,0.38654980063438416,0.0
36,P08,P08-20240613-123547,3215,1.0,1.0,0.38654980063438416,identity,0.0,0.0,0.38654980063438416,0.0
36,P08,P08-20240613-123547,3215,1.0,1.0,0.38654980063438416,gaze_swap,0.028579773381352425,0.04428887367248535,0.38448119163513184,-0.0020686089992523193
36,P08,P08-20240613-123547,3215,1.0,1.0,0.38654980063438416,gaze_mask,0.12449933588504791,0.08488650619983673,0.38074812293052673,-0.005801677703857422
36,P08,P08-20240613-123547,3215,1.0,1.0,0.38654980063438416,gaze_zero,0.10684053599834442,0.09954241663217545,0.38237491250038147,-0.0041748881340026855
36,P08,P08-20240613-123547,3215,1.0,1.0,0.38654980063438416,gaze_shuffle_time,0.03332185372710228,0.06936295330524445,0.385109007358551,-0.0014407932758331299
36,P08,P08-20240613-123547,3215,1.0,1.0,0.38654980063438416,hand_swap,0.03464030474424362,0.05098982900381088,0.3839668035507202,-0.0025829970836639404
36,P08,P08-20240613-123547,3215,1.0,1.0,0.38654980063438416,hand_mask,0.10498280823230743,0.09293201565742493,0.3926132917404175,0.006063491106033325
36,P08,P08-20240613-123547,3215,1.0,1.0,0.38654980063438416,hand_shuffle_time,0.05062653124332428,0.05369868129491806,0.38295838236808777,-0.0035914182662963867
36,P08,P08-20240613-123547,3215,1.0,1.0,0.38654980063438416,both_mask,0.12466804683208466,0.1104883998632431,0.39022716879844666,0.0036773681640625
36,P08,P08-20240613-123547,3215,1.0,1.0,0.38654980063438416,gaze_yaw_1deg,0.0025425548665225506,0.0021704433020204306,0.3863551616668701,-0.00019463896751403809
36,P08,P08-20240613-123547,3215,1.0,1.0,0.38654980063438416,gaze_yaw_2deg,0.0050514773465693,0.004290862008929253,0.3861618936061859,-0.0003879070281982422
36,P08,P08-20240613-123547,3215,1.0,1.0,0.38654980063438416,gaze_yaw_5deg,0.01274222694337368,0.010242462158203125,0.38551416993141174,-0.0010356307029724121
36,P08,P08-20240613-123547,3215,1.0,1.0,0.38654980063438416,gaze_yaw_10deg,0.022581325843930244,0.01851547695696354,0.3845013678073883,-0.0020484328269958496
36,P08,P08-20240613-123547,3215,1.0,1.0,0.38654980063438416,gaze_yaw_20deg,0.04720134660601616,0.034551482647657394,0.3831201195716858,-0.0034296810626983643
36,P08,P08-20240613-123547,3215,1.0,1.0,0.38654980063438416,gaze_yaw_45deg,0.08333246409893036,0.069268137216568,0.3820734918117523,-0.004476308822631836
36,P08,P08-20240613-123547,3215,1.0,1.0,0.38654980063438416,video_swap,0.7885740399360657,0.76268470287323,0.8992095589637756,0.5126597583293915
37,P08,P08-20240613-123547,17015,1.0,1.0,0.35829392075538635,real,0.0,0.0,0.35829392075538635,0.0
37,P08,P08-20240613-123547,17015,1.0,1.0,0.35829392075538635,identity,0.0,0.0,0.35829392075538635,0.0
37,P08,P08-20240613-123547,17015,1.0,1.0,0.35829392075538635,gaze_swap,0.0565805658698082,0.05167179927229881,0.3605967164039612,0.002302795648574829
37,P08,P08-20240613-123547,17015,1.0,1.0,0.35829392075538635,gaze_mask,0.09732809662818909,0.08603614568710327,0.3471015691757202,-0.011192351579666138
37,P08,P08-20240613-123547,17015,1.0,1.0,0.35829392075538635,gaze_zero,0.1449361890554428,0.12724179029464722,0.3473115861415863,-0.010982334613800049
37,P08,P08-20240613-123547,17015,1.0,1.0,0.35829392075538635,gaze_shuffle_time,0.005487943533807993,0.004169777035713196,0.35768184065818787,-0.0006120800971984863
37,P08,P08-20240613-123547,17015,1.0,1.0,0.35829392075538635,hand_swap,0.0511719174683094,0.04783003032207489,0.36602941155433655,0.007735490798950195
37,P08,P08-20240613-123547,17015,1.0,1.0,0.35829392075538635,hand_mask,0.11106850206851959,0.09434844553470612,0.3679003417491913,0.009606420993804932
37,P08,P08-20240613-123547,17015,1.0,1.0,0.35829392075538635,hand_shuffle_time,0.003503232728689909,0.003251861548051238,0.35843101143836975,0.00013709068298339844
37,P08,P08-20240613-123547,17015,1.0,1.0,0.35829392075538635,both_mask,0.11717858165502548,0.1312718391418457,0.3572345972061157,-0.0010593235492706299
37,P08,P08-20240613-123547,17015,1.0,1.0,0.35829392075538635,gaze_yaw_1deg,0.003338186303153634,0.0026343087665736675,0.35774800181388855,-0.0005459189414978027
37,P08,P08-20240613-123547,17015,1.0,1.0,0.35829392075538635,gaze_yaw_2deg,0.006217074114829302,0.005208952818065882,0.35742664337158203,-0.0008672773838043213
37,P08,P08-20240613-123547,17015,1.0,1.0,0.35829392075538635,gaze_yaw_5deg,0.013797258026897907,0.011517650447785854,0.35627540946006775,-0.0020185112953186035
37,P08,P08-20240613-123547,17015,1.0,1.0,0.35829392075538635,gaze_yaw_10deg,0.02457760088145733,0.02104482799768448,0.3545859754085541,-0.0037079453468322754
37,P08,P08-20240613-123547,17015,1.0,1.0,0.35829392075538635,gaze_yaw_20deg,0.04782377555966377,0.044231947511434555,0.3521598279476166,-0.006134092807769775
37,P08,P08-20240613-123547,17015,1.0,1.0,0.35829392075538635,gaze_yaw_45deg,0.08439335227012634,0.08145751059055328,0.34989655017852783,-0.00839737057685852
37,P08,P08-20240613-123547,17015,1.0,1.0,0.35829392075538635,video_swap,0.7174974083900452,0.6992355585098267,0.8110902905464172,0.4527963697910309
38,P08,P08-20240613-123547,26443,1.0,1.0,0.8356944918632507,real,0.0,0.0,0.8356944918632507,0.0
38,P08,P08-20240613-123547,26443,1.0,1.0,0.8356944918632507,identity,0.0,0.0,0.8356944918632507,0.0
38,P08,P08-20240613-123547,26443,1.0,1.0,0.8356944918632507,gaze_swap,0.15819181501865387,0.08799576759338379,0.8597344756126404,0.02403998374938965
38,P08,P08-20240613-123547,26443,1.0,1.0,0.8356944918632507,gaze_mask,0.3070700466632843,0.1557547152042389,0.9040085673332214,0.0683140754699707
38,P08,P08-20240613-123547,26443,1.0,1.0,0.8356944918632507,gaze_zero,0.27959465980529785,0.1270735114812851,0.8941766619682312,0.05848217010498047
38,P08,P08-20240613-123547,26443,1.0,1.0,0.8356944918632507,gaze_shuffle_time,0.10819321125745773,0.055945154279470444,0.8284209370613098,-0.007273554801940918
38,P08,P08-20240613-123547,26443,1.0,1.0,0.8356944918632507,hand_swap,0.09032820165157318,0.0818154588341713,0.8481417894363403,0.0124472975730896
38,P08,P08-20240613-123547,26443,1.0,1.0,0.8356944918632507,hand_mask,0.15276625752449036,0.11461786925792694,0.8529416918754578,0.01724720001220703
38,P08,P08-20240613-123547,26443,1.0,1.0,0.8356944918632507,hand_shuffle_time,0.11352372914552689,0.06026124209165573,0.830305814743042,-0.00538867712020874
38,P08,P08-20240613-123547,26443,1.0,1.0,0.8356944918632507,both_mask,0.25130611658096313,0.1743166148662567,0.8765031695365906,0.040808677673339844
38,P08,P08-20240613-123547,26443,1.0,1.0,0.8356944918632507,gaze_yaw_1deg,0.012844664976000786,0.007292110472917557,0.8349841833114624,-0.0007103085517883301
38,P08,P08-20240613-123547,26443,1.0,1.0,0.8356944918632507,gaze_yaw_2deg,0.02385122701525688,0.015884600579738617,0.8345971703529358,-0.0010973215103149414
38,P08,P08-20240613-123547,26443,1.0,1.0,0.8356944918632507,gaze_yaw_5deg,0.05556715279817581,0.03549356386065483,0.8343772292137146,-0.0013172626495361328
38,P08,P08-20240613-123547,26443,1.0,1.0,0.8356944918632507,gaze_yaw_10deg,0.08427441120147705,0.05792327970266342,0.8440045118331909,0.008310019969940186
38,P08,P08-20240613-123547,26443,1.0,1.0,0.8356944918632507,gaze_yaw_20deg,0.14564843475818634,0.08647002279758453,0.8581336736679077,0.022439181804656982
38,P08,P08-20240613-123547,26443,1.0,1.0,0.8356944918632507,gaze_yaw_45deg,0.2505764365196228,0.12351682037115097,0.8871371150016785,0.051442623138427734
38,P08,P08-20240613-123547,26443,1.0,1.0,0.8356944918632507,video_swap,0.8243873715400696,0.7890044450759888,0.9069172739982605,0.07122278213500977
39,P08,P08-20240613-123547,28558,1.0,1.0,0.773071825504303,real,0.0,0.0,0.773071825504303,0.0
39,P08,P08-20240613-123547,28558,1.0,1.0,0.773071825504303,identity,0.0,0.0,0.773071825504303,0.0
39,P08,P08-20240613-123547,28558,1.0,1.0,0.773071825504303,gaze_swap,0.015466775745153427,0.014201449230313301,0.7727710008621216,-0.0003008246421813965
39,P08,P08-20240613-123547,28558,1.0,1.0,0.773071825504303,gaze_mask,0.05768352001905441,0.04071841388940811,0.7692159414291382,-0.003855884075164795
39,P08,P08-20240613-123547,28558,1.0,1.0,0.773071825504303,gaze_zero,0.041433561593294144,0.04697322100400925,0.769223153591156,-0.0038486719131469727
39,P08,P08-20240613-123547,28558,1.0,1.0,0.773071825504303,gaze_shuffle_time,0.014895974658429623,0.015087026171386242,0.7713460326194763,-0.0017257928848266602
39,P08,P08-20240613-123547,28558,1.0,1.0,0.773071825504303,hand_swap,0.016688477247953415,0.018271546810865402,0.7743961215019226,0.001324295997619629
39,P08,P08-20240613-123547,28558,1.0,1.0,0.773071825504303,hand_mask,0.10789045691490173,0.08672266453504562,0.7738878130912781,0.0008159875869750977
39,P08,P08-20240613-123547,28558,1.0,1.0,0.773071825504303,hand_shuffle_time,0.029096560552716255,0.038837581872940063,0.7762532830238342,0.00318145751953125
39,P08,P08-20240613-123547,28558,1.0,1.0,0.773071825504303,both_mask,0.11373879015445709,0.10029502213001251,0.7732712626457214,0.00019943714141845703
39,P08,P08-20240613-123547,28558,1.0,1.0,0.773071825504303,gaze_yaw_1deg,0.0012039393186569214,0.0016949211712926626,0.7730722427368164,4.172325134277344e-07
39,P08,P08-20240613-123547,28558,1.0,1.0,0.773071825504303,gaze_yaw_2deg,0.002410813234746456,0.0033804315607994795,0.7730704545974731,-1.3709068298339844e-06
39,P08,P08-20240613-123547,28558,1.0,1.0,0.773071825504303,gaze_yaw_5deg,0.006368114147335291,0.008664237335324287,0.7731782793998718,0.00010645389556884766
39,P08,P08-20240613-123547,28558,1.0,1.0,0.773071825504303,gaze_yaw_10deg,0.012063599191606045,0.017394013702869415,0.772902250289917,-0.00016957521438598633
39,P08,P08-20240613-123547,28558,1.0,1.0,0.773071825504303,gaze_yaw_20deg,0.02193223312497139,0.027897711843252182,0.7718768119812012,-0.0011950135231018066
39,P08,P08-20240613-123547,28558,1.0,1.0,0.773071825504303,gaze_yaw_45deg,0.03971336781978607,0.037557538598775864,0.7704597115516663,-0.0026121139526367188
39,P08,P08-20240613-123547,28558,1.0,1.0,0.773071825504303,video_swap,0.7940086126327515,0.7211005091667175,0.9208971858024597,0.14782536029815674
40,P08,P08-20240613-123547,15731,1.0,1.0,0.37738242745399475,real,0.0,0.0,0.37738242745399475,0.0
40,P08,P08-20240613-123547,15731,1.0,1.0,0.37738242745399475,identity,0.0,0.0,0.37738242745399475,0.0
40,P08,P08-20240613-123547,15731,1.0,1.0,0.37738242745399475,gaze_swap,0.054792921990156174,0.023655002936720848,0.3774384558200836,5.602836608886719e-05
40,P08,P08-20240613-123547,15731,1.0,1.0,0.37738242745399475,gaze_mask,0.1194019615650177,0.060563214123249054,0.3793419897556305,0.001959562301635742
40,P08,P08-20240613-123547,15731,1.0,1.0,0.37738242745399475,gaze_zero,0.1605176031589508,0.08761313557624817,0.3806837499141693,0.0033013224601745605
40,P08,P08-20240613-123547,15731,1.0,1.0,0.37738242745399475,gaze_shuffle_time,0.003985370974987745,0.0027739934157580137,0.3773023188114166,-8.0108642578125e-05
40,P08,P08-20240613-123547,15731,1.0,1.0,0.37738242745399475,hand_swap,0.06535065174102783,0.05363699421286583,0.38208332657814026,0.004700899124145508
40,P08,P08-20240613-123547,15731,1.0,1.0,0.37738242745399475,hand_mask,0.10363805294036865,0.07690110057592392,0.3747321665287018,-0.0026502609252929688
40,P08,P08-20240613-123547,15731,1.0,1.0,0.37738242745399475,hand_shuffle_time,0.004289184231311083,0.0038210321217775345,0.37735119462013245,-3.123283386230469e-05
40,P08,P08-20240613-123547,15731,1.0,1.0,0.37738242745399475,both_mask,0.10650553554296494,0.09078007936477661,0.3721613883972168,-0.005221039056777954
40,P08,P08-20240613-123547,15731,1.0,1.0,0.37738242745399475,gaze_yaw_1deg,0.0040126037783920765,0.00214441679418087,0.3774620592594147,7.963180541992188e-05
40,P08,P08-20240613-123547,15731,1.0,1.0,0.37738242745399475,gaze_yaw_2deg,0.0074126929976046085,0.0041357651352882385,0.3775283694267273,0.00014594197273254395
40,P08,P08-20240613-123547,15731,1.0,1.0,0.37738242745399475,gaze_yaw_5deg,0.017040690407156944,0.009645052254199982,0.3776438534259796,0.0002614259719848633
40,P08,P08-20240613-123547,15731,1.0,1.0,0.37738242745399475,gaze_yaw_10deg,0.03774859011173248,0.019329290837049484,0.3776637017726898,0.00028127431869506836
40,P08,P08-20240613-123547,15731,1.0,1.0,0.37738242745399475,gaze_yaw_20deg,0.08945444971323013,0.040702950209379196,0.3779723048210144,0.0005898773670196533
40,P08,P08-20240613-123547,15731,1.0,1.0,0.37738242745399475,gaze_yaw_45deg,0.12991617619991302,0.0616522878408432,0.3796829879283905,0.002300560474395752
40,P08,P08-20240613-123547,15731,1.0,1.0,0.37738242745399475,video_swap,0.7578709721565247,0.6582596898078918,0.781816303730011,0.40443387627601624
41,P08,P08-20240613-123547,8529,1.0,1.0,0.7708053588867188,real,0.0,0.0,0.7708053588867188,0.0
41,P08,P08-20240613-123547,8529,1.0,1.0,0.7708053588867188,identity,0.0,0.0,0.7708053588867188,0.0
41,P08,P08-20240613-123547,8529,1.0,1.0,0.7708053588867188,gaze_swap,0.024522390216588974,0.033810243010520935,0.7699291110038757,-0.0008762478828430176
41,P08,P08-20240613-123547,8529,1.0,1.0,0.7708053588867188,gaze_mask,0.10211087018251419,0.09083554148674011,0.7652376294136047,-0.005567729473114014
41,P08,P08-20240613-123547,8529,1.0,1.0,0.7708053588867188,gaze_zero,0.12837348878383636,0.11495044827461243,0.7622802257537842,-0.00852513313293457
41,P08,P08-20240613-123547,8529,1.0,1.0,0.7708053588867188,gaze_shuffle_time,0.07152774930000305,0.042479757219552994,0.7724978923797607,0.0016925334930419922
41,P08,P08-20240613-123547,8529,1.0,1.0,0.7708053588867188,hand_swap,0.08080636709928513,0.10974001884460449,0.7605164647102356,-0.010288894176483154
41,P08,P08-20240613-123547,8529,1.0,1.0,0.7708053588867188,hand_mask,0.15697696805000305,0.13421234488487244,0.7627196311950684,-0.00808572769165039
41,P08,P08-20240613-123547,8529,1.0,1.0,0.7708053588867188,hand_shuffle_time,0.027532707899808884,0.01861630193889141,0.7695996165275574,-0.001205742359161377
41,P08,P08-20240613-123547,8529,1.0,1.0,0.7708053588867188,both_mask,0.15086624026298523,0.16211861371994019,0.7638158202171326,-0.006989538669586182
41,P08,P08-20240613-123547,8529,1.0,1.0,0.7708053588867188,gaze_yaw_1deg,0.0024524126201868057,0.0020996208768337965,0.771005392074585,0.00020003318786621094
41,P08,P08-20240613-123547,8529,1.0,1.0,0.7708053588867188,gaze_yaw_2deg,0.004831499885767698,0.004121406003832817,0.7711864113807678,0.00038105249404907227
41,P08,P08-20240613-123547,8529,1.0,1.0,0.7708053588867188,gaze_yaw_5deg,0.011102968826889992,0.009624982252717018,0.7716784477233887,0.0008730888366699219
41,P08,P08-20240613-123547,8529,1.0,1.0,0.7708053588867188,gaze_yaw_10deg,0.02099292166531086,0.019650137051939964,0.7722577452659607,0.0014523863792419434
41,P08,P08-20240613-123547,8529,1.0,1.0,0.7708053588867188,gaze_yaw_20deg,0.03444357588887215,0.04383973404765129,0.7711925506591797,0.0003871917724609375
41,P08,P08-20240613-123547,8529,1.0,1.0,0.7708053588867188,gaze_yaw_45deg,0.05995221436023712,0.06961166113615036,0.767221987247467,-0.003583371639251709
41,P08,P08-20240613-123547,8529,1.0,1.0,0.7708053588867188,video_swap,0.7253947257995605,0.7389621138572693,0.8590894341468811,0.08828407526016235
42,P08,P08-20240613-123547,6251,1.0,1.0,0.4889136254787445,real,0.0,0.0,0.4889136254787445,0.0
42,P08,P08-20240613-123547,6251,1.0,1.0,0.4889136254787445,identity,0.0,0.0,0.4889136254787445,0.0
42,P08,P08-20240613-123547,6251,1.0,1.0,0.4889136254787445,gaze_swap,0.0324544832110405,0.015682067722082138,0.4900082051753998,0.0010945796966552734
42,P08,P08-20240613-123547,6251,1.0,1.0,0.4889136254787445,gaze_mask,0.17516908049583435,0.11415916681289673,0.49863916635513306,0.00972554087638855
42,P08,P08-20240613-123547,6251,1.0,1.0,0.4889136254787445,gaze_zero,0.17708899080753326,0.11541000008583069,0.49731308221817017,0.00839945673942566
42,P08,P08-20240613-123547,6251,1.0,1.0,0.4889136254787445,gaze_shuffle_time,0.022621942684054375,0.011748581193387508,0.48936811089515686,0.0004544854164123535
42,P08,P08-20240613-123547,6251,1.0,1.0,0.4889136254787445,hand_swap,0.04887870326638222,0.049728404730558395,0.49096083641052246,0.002047210931777954
42,P08,P08-20240613-123547,6251,1.0,1.0,0.4889136254787445,hand_mask,0.10453584045171738,0.08171896636486053,0.4850326478481293,-0.0038809776306152344
42,P08,P08-20240613-123547,6251,1.0,1.0,0.4889136254787445,hand_shuffle_time,0.004556597676128149,0.003719114465638995,0.4888519048690796,-6.172060966491699e-05
42,P08,P08-20240613-123547,6251,1.0,1.0,0.4889136254787445,both_mask,0.10656284540891647,0.09827827662229538,0.48597580194473267,-0.002937823534011841
42,P08,P08-20240613-123547,6251,1.0,1.0,0.4889136254787445,gaze_yaw_1deg,0.00394944753497839,0.00234822160564363,0.48908451199531555,0.00017088651657104492
42,P08,P08-20240613-123547,6251,1.0,1.0,0.4889136254787445,gaze_yaw_2deg,0.007800478488206863,0.004577353596687317,0.48928990960121155,0.000376284122467041
42,P08,P08-20240613-123547,6251,1.0,1.0,0.4889136254787445,gaze_yaw_5deg,0.018553927540779114,0.01103883981704712,0.4898824691772461,0.0009688436985015869
42,P08,P08-20240613-123547,6251,1.0,1.0,0.4889136254787445,gaze_yaw_10deg,0.03540629893541336,0.02032550796866417,0.490816593170166,0.0019029676914215088
42,P08,P08-20240613-123547,6251,1.0,1.0,0.4889136254787445,gaze_yaw_20deg,0.07317609339952469,0.04226803779602051,0.4929777681827545,0.00406414270401001
42,P08,P08-20240613-123547,6251,1.0,1.0,0.4889136254787445,gaze_yaw_45deg,0.12393734604120255,0.08606228977441788,0.49570900201797485,0.006795376539230347
42,P08,P08-20240613-123547,6251,1.0,1.0,0.4889136254787445,video_swap,0.6610080003738403,0.7282852530479431,0.7125668525695801,0.22365322709083557
43,P08,P08-20240613-123547,18821,1.0,1.0,0.5942839980125427,real,0.0,0.0,0.5942839980125427,0.0
43,P08,P08-20240613-123547,18821,1.0,1.0,0.5942839980125427,identity,0.0,0.0,0.5942839980125427,0.0
43,P08,P08-20240613-123547,18821,1.0,1.0,0.5942839980125427,gaze_swap,0.02897341363132,0.018484557047486305,0.5944865345954895,0.00020253658294677734
43,P08,P08-20240613-123547,18821,1.0,1.0,0.5942839980125427,gaze_mask,0.10279040783643723,0.05992463603615761,0.6053029298782349,0.011018931865692139
43,P08,P08-20240613-123547,18821,1.0,1.0,0.5942839980125427,gaze_zero,0.14523611962795258,0.07613026350736618,0.6082431077957153,0.013959109783172607
43,P08,P08-20240613-123547,18821,1.0,1.0,0.5942839980125427,gaze_shuffle_time,0.03906412422657013,0.02244725450873375,0.5934017896652222,-0.0008822083473205566
43,P08,P08-20240613-123547,18821,1.0,1.0,0.5942839980125427,hand_swap,0.05081706494092941,0.02999255061149597,0.5893903970718384,-0.004893600940704346
43,P08,P08-20240613-123547,18821,1.0,1.0,0.5942839980125427,hand_mask,0.1396874189376831,0.1046004518866539,0.5804079174995422,-0.013876080513000488
43,P08,P08-20240613-123547,18821,1.0,1.0,0.5942839980125427,hand_shuffle_time,0.06936707347631454,0.036227501928806305,0.589547872543335,-0.004736125469207764
43,P08,P08-20240613-123547,18821,1.0,1.0,0.5942839980125427,both_mask,0.14082308113574982,0.12477672100067139,0.5763568878173828,-0.017927110195159912
43,P08,P08-20240613-123547,18821,1.0,1.0,0.5942839980125427,gaze_yaw_1deg,0.003698579501360655,0.0035740851890295744,0.5946872234344482,0.0004032254219055176
43,P08,P08-20240613-123547,18821,1.0,1.0,0.5942839980125427,gaze_yaw_2deg,0.007143467664718628,0.006964337546378374,0.5951094627380371,0.0008254647254943848
43,P08,P08-20240613-123547,18821,1.0,1.0,0.5942839980125427,gaze_yaw_5deg,0.016736265271902084,0.015828095376491547,0.5964391231536865,0.002155125141143799
43,P08,P08-20240613-123547,18821,1.0,1.0,0.5942839980125427,gaze_yaw_10deg,0.031089792028069496,0.026207268238067627,0.5982199907302856,0.00393599271774292
43,P08,P08-20240613-123547,18821,1.0,1.0,0.5942839980125427,gaze_yaw_20deg,0.05164735019207001,0.038502659648656845,0.5996525883674622,0.005368590354919434
43,P08,P08-20240613-123547,18821,1.0,1.0,0.5942839980125427,gaze_yaw_45deg,0.09486250579357147,0.05795054882764816,0.604945719242096,0.010661721229553223
43,P08,P08-20240613-123547,18821,1.0,1.0,0.5942839980125427,video_swap,0.745485782623291,0.6783987879753113,0.8309276103973389,0.23664361238479614
44,P08,P08-20240613-123547,22562,1.0,1.0,0.3331599235534668,real,0.0,0.0,0.3331599235534668,0.0
44,P08,P08-20240613-123547,22562,1.0,1.0,0.3331599235534668,identity,0.0,0.0,0.3331599235534668,0.0
44,P08,P08-20240613-123547,22562,1.0,1.0,0.3331599235534668,gaze_swap,0.039217427372932434,0.017414677888154984,0.33582639694213867,0.002666473388671875
44,P08,P08-20240613-123547,22562,1.0,1.0,0.3331599235534668,gaze_mask,0.08082140982151031,0.039954349398612976,0.32590651512145996,-0.007253408432006836
44,P08,P08-20240613-123547,22562,1.0,1.0,0.3331599235534668,gaze_zero,0.07297500967979431,0.05012449249625206,0.32654309272766113,-0.006616830825805664
44,P08,P08-20240613-123547,22562,1.0,1.0,0.3331599235534668,gaze_shuffle_time,0.0034797515254467726,0.003362048417329788,0.3334481418132782,0.00028821825981140137
44,P08,P08-20240613-123547,22562,1.0,1.0,0.3331599235534668,hand_swap,0.05753582343459129,0.059840019792318344,0.3363632261753082,0.0032033026218414307
44,P08,P08-20240613-123547,22562,1.0,1.0,0.3331599235534668,hand_mask,0.08064313232898712,0.07261352986097336,0.33721795678138733,0.004058033227920532
44,P08,P08-20240613-123547,22562,1.0,1.0,0.3331599235534668,hand_shuffle_time,0.002167144790291786,0.0015968983061611652,0.33301666378974915,-0.00014325976371765137
44,P08,P08-20240613-123547,22562,1.0,1.0,0.3331599235534668,both_mask,0.08767474442720413,0.09044952690601349,0.33470550179481506,0.0015455782413482666
44,P08,P08-20240613-123547,22562,1.0,1.0,0.3331599235534668,gaze_yaw_1deg,0.0024997093714773655,0.0019213060149922967,0.3329944610595703,-0.00016546249389648438
44,P08,P08-20240613-123547,22562,1.0,1.0,0.3331599235534668,gaze_yaw_2deg,0.004727646242827177,0.0037181165535002947,0.3328268229961395,-0.0003331005573272705
44,P08,P08-20240613-123547,22562,1.0,1.0,0.3331599235534668,gaze_yaw_5deg,0.010435521602630615,0.008150100708007812,0.33227673172950745,-0.0008831918239593506
44,P08,P08-20240613-123547,22562,1.0,1.0,0.3331599235534668,gaze_yaw_10deg,0.018650609999895096,0.013080010190606117,0.3313138782978058,-0.0018460452556610107
44,P08,P08-20240613-123547,22562,1.0,1.0,0.3331599235534668,gaze_yaw_20deg,0.03237553685903549,0.020690448582172394,0.3295939266681671,-0.0035659968852996826
44,P08,P08-20240613-123547,22562,1.0,1.0,0.3331599235534668,gaze_yaw_45deg,0.05373527854681015,0.03164315223693848,0.32727304100990295,-0.005886882543563843
44,P08,P08-20240613-123547,22562,1.0,1.0,0.3331599235534668,video_swap,0.7608361840248108,0.6907118558883667,0.8165566921234131,0.4833967685699463
45,P08,P08-20240613-123547,25909,1.0,0.875,0.7601714730262756,real,0.0,0.0,0.7601714730262756,0.0
45,P08,P08-20240613-123547,25909,1.0,0.875,0.7601714730262756,identity,0.0,0.0,0.7601714730262756,0.0
45,P08,P08-20240613-123547,25909,1.0,0.875,0.7601714730262756,gaze_swap,0.08710528910160065,0.04028553143143654,0.7567400932312012,-0.003431379795074463
45,P08,P08-20240613-123547,25909,1.0,0.875,0.7601714730262756,gaze_mask,0.2339935451745987,0.125790536403656,0.7776012420654297,0.017429769039154053
45,P08,P08-20240613-123547,25909,1.0,0.875,0.7601714730262756,gaze_zero,0.27813759446144104,0.13711683452129364,0.7881280779838562,0.027956604957580566
45,P08,P08-20240613-123547,25909,1.0,0.875,0.7601714730262756,gaze_shuffle_time,0.10502538830041885,0.05819026380777359,0.76177579164505,0.001604318618774414
45,P08,P08-20240613-123547,25909,1.0,0.875,0.7601714730262756,hand_swap,0.1253066062927246,0.09722234308719635,0.7809882164001465,0.02081674337387085
45,P08,P08-20240613-123547,25909,1.0,0.875,0.7601714730262756,hand_mask,0.26770302653312683,0.12598896026611328,0.7939019203186035,0.03373044729232788
45,P08,P08-20240613-123547,25909,1.0,0.875,0.7601714730262756,hand_shuffle_time,0.16141121089458466,0.0947713777422905,0.7714565396308899,0.011285066604614258
45,P08,P08-20240613-123547,25909,1.0,0.875,0.7601714730262756,both_mask,0.2952430546283722,0.15876151621341705,0.791551947593689,0.03138047456741333
45,P08,P08-20240613-123547,25909,1.0,0.875,0.7601714730262756,gaze_yaw_1deg,0.0024831166956573725,0.0036942968145012856,0.7601222395896912,-4.9233436584472656e-05
45,P08,P08-20240613-123547,25909,1.0,0.875,0.7601714730262756,gaze_yaw_2deg,0.004944678861647844,0.007166401017457247,0.7600690722465515,-0.0001024007797241211
45,P08,P08-20240613-123547,25909,1.0,0.875,0.7601714730262756,gaze_yaw_5deg,0.012149562127888203,0.016602961346507072,0.759928822517395,-0.00024265050888061523
45,P08,P08-20240613-123547,25909,1.0,0.875,0.7601714730262756,gaze_yaw_10deg,0.020307930186390877,0.03250318020582199,0.7594285607337952,-0.0007429122924804688
45,P08,P08-20240613-123547,25909,1.0,0.875,0.7601714730262756,gaze_yaw_20deg,0.03788347169756889,0.05362074077129364,0.7589026689529419,-0.0012688040733337402
45,P08,P08-20240613-123547,25909,1.0,0.875,0.7601714730262756,gaze_yaw_45deg,0.15660615265369415,0.091133713722229,0.7678149938583374,0.007643520832061768
45,P08,P08-20240613-123547,25909,1.0,0.875,0.7601714730262756,video_swap,0.7737725377082825,0.7531595230102539,0.8469705581665039,0.08679908514022827
46,P08,P08-20240613-123547,2419,1.0,1.0,0.4802141785621643,real,0.0,0.0,0.4802141785621643,0.0
46,P08,P08-20240613-123547,2419,1.0,1.0,0.4802141785621643,identity,0.0,0.0,0.4802141785621643,0.0
46,P08,P08-20240613-123547,2419,1.0,1.0,0.4802141785621643,gaze_swap,0.10735306888818741,0.10996939986944199,0.47631603479385376,-0.003898143768310547
46,P08,P08-20240613-123547,2419,1.0,1.0,0.4802141785621643,gaze_mask,0.1290411800146103,0.05223199352622032,0.4854184687137604,0.005204290151596069
46,P08,P08-20240613-123547,2419,1.0,1.0,0.4802141785621643,gaze_zero,0.1367037296295166,0.06446456909179688,0.482865571975708,0.002651393413543701
46,P08,P08-20240613-123547,2419,1.0,1.0,0.4802141785621643,gaze_shuffle_time,0.026430442929267883,0.02498866803944111,0.4789511263370514,-0.001263052225112915
46,P08,P08-20240613-123547,2419,1.0,1.0,0.4802141785621643,hand_swap,0.11494778096675873,0.06974010914564133,0.47946697473526,-0.0007472038269042969
46,P08,P08-20240613-123547,2419,1.0,1.0,0.4802141785621643,hand_mask,0.14603224396705627,0.11299165338277817,0.4815959334373474,0.0013817548751831055
46,P08,P08-20240613-123547,2419,1.0,1.0,0.4802141785621643,hand_shuffle_time,0.031408846378326416,0.03597782179713249,0.4814808666706085,0.0012666881084442139
46,P08,P08-20240613-123547,2419,1.0,1.0,0.4802141785621643,both_mask,0.1925644725561142,0.13619184494018555,0.48646971583366394,0.006255537271499634
46,P08,P08-20240613-123547,2419,1.0,1.0,0.4802141785621643,gaze_yaw_1deg,0.00685645779594779,0.003906309604644775,0.48038622736930847,0.00017204880714416504
46,P08,P08-20240613-123547,2419,1.0,1.0,0.4802141785621643,gaze_yaw_2deg,0.013911115936934948,0.007723559159785509,0.4805396795272827,0.0003255009651184082
46,P08,P08-20240613-123547,2419,1.0,1.0,0.4802141785621643,gaze_yaw_5deg,0.032735854387283325,0.017701728269457817,0.4809246063232422,0.0007104277610778809
46,P08,P08-20240613-123547,2419,1.0,1.0,0.4802141785621643,gaze_yaw_10deg,0.053674887865781784,0.028656823560595512,0.4814993441104889,0.001285165548324585
46,P08,P08-20240613-123547,2419,1.0,1.0,0.4802141785621643,gaze_yaw_20deg,0.08566272258758545,0.041058290749788284,0.4825579524040222,0.00234377384185791
46,P08,P08-20240613-123547,2419,1.0,1.0,0.4802141785621643,gaze_yaw_45deg,0.1297219842672348,0.054465968161821365,0.4848423898220062,0.004628211259841919
46,P08,P08-20240613-123547,2419,1.0,1.0,0.4802141785621643,video_swap,0.7813841700553894,0.6963200569152832,0.9025695323944092,0.4223553538322449
47,P08,P08-20240613-123547,25672,1.0,0.875,0.7673160433769226,real,0.0,0.0,0.7673160433769226,0.0
47,P08,P08-20240613-123547,25672,1.0,0.875,0.7673160433769226,identity,0.0,0.0,0.7673160433769226,0.0
47,P08,P08-20240613-123547,25672,1.0,0.875,0.7673160433769226,gaze_swap,0.04229451343417168,0.04848518967628479,0.7689773440361023,0.0016613006591796875
47,P08,P08-20240613-123547,25672,1.0,0.875,0.7673160433769226,gaze_mask,0.09746699035167694,0.0867377296090126,0.7699899077415466,0.0026738643646240234
47,P08,P08-20240613-123547,25672,1.0,0.875,0.7673160433769226,gaze_zero,0.11297958344221115,0.06501542031764984,0.7699691653251648,0.0026531219482421875
47,P08,P08-20240613-123547,25672,1.0,0.875,0.7673160433769226,gaze_shuffle_time,0.030297348275780678,0.017951708287000656,0.7705480456352234,0.0032320022583007812
47,P08,P08-20240613-123547,25672,1.0,0.875,0.7673160433769226,hand_swap,0.07855980098247528,0.05415555089712143,0.7667366862297058,-0.0005793571472167969
47,P08,P08-20240613-123547,25672,1.0,0.875,0.7673160433769226,hand_mask,0.16113920509815216,0.09506017714738846,0.7770129442214966,0.009696900844573975
47,P08,P08-20240613-123547,25672,1.0,0.875,0.7673160433769226,hand_shuffle_time,0.10199996083974838,0.06550107151269913,0.7702593803405762,0.0029433369636535645
47,P08,P08-20240613-123547,25672,1.0,0.875,0.7673160433769226,both_mask,0.2319987565279007,0.10789693892002106,0.7845776677131653,0.017261624336242676
47,P08,P08-20240613-123547,25672,1.0,0.875,0.7673160433769226,gaze_yaw_1deg,0.005399096757173538,0.005770871881395578,0.767198383808136,-0.0001176595687866211
47,P08,P08-20240613-123547,25672,1.0,0.875,0.7673160433769226,gaze_yaw_2deg,0.009557713754475117,0.009956732392311096,0.7670843005180359,-0.00023174285888671875
47,P08,P08-20240613-123547,25672,1.0,0.875,0.7673160433769226,gaze_yaw_5deg,0.02276640757918358,0.02504981867969036,0.7670170664787292,-0.0002989768981933594
47,P08,P08-20240613-123547,25672,1.0,0.875,0.7673160433769226,gaze_yaw_10deg,0.03880860283970833,0.042580559849739075,0.7667104601860046,-0.0006055831909179688
47,P08,P08-20240613-123547,25672,1.0,0.875,0.7673160433769226,gaze_yaw_20deg,0.06048513576388359,0.056455351412296295,0.7664294242858887,-0.0008866190910339355
47,P08,P08-20240613-123547,25672,1.0,0.875,0.7673160433769226,gaze_yaw_45deg,0.08826330304145813,0.0649108737707138,0.7665861248970032,-0.0007299184799194336
47,P08,P08-20240613-123547,25672,1.0,0.875,0.7673160433769226,video_swap,0.7776544094085693,0.7568477988243103,0.9983144402503967,0.23099839687347412
48,P08,P08-20240614-085000,6149,1.0,1.0,0.5766201615333557,real,0.0,0.0,0.5766201615333557,0.0
48,P08,P08-20240614-085000,6149,1.0,1.0,0.5766201615333557,identity,0.0,0.0,0.5766201615333557,0.0
48,P08,P08-20240614-085000,6149,1.0,1.0,0.5766201615333557,gaze_swap,0.03331279009580612,0.050820909440517426,0.576757550239563,0.0001373887062072754
48,P08,P08-20240614-085000,6149,1.0,1.0,0.5766201615333557,gaze_mask,0.09288650751113892,0.11391966044902802,0.5720077753067017,-0.004612386226654053
48,P08,P08-20240614-085000,6149,1.0,1.0,0.5766201615333557,gaze_zero,0.10971253365278244,0.11581312119960785,0.5715523958206177,-0.005067765712738037
48,P08,P08-20240614-085000,6149,1.0,1.0,0.5766201615333557,gaze_shuffle_time,0.03017474338412285,0.02372903563082218,0.5785463452339172,0.0019261837005615234
48,P08,P08-20240614-085000,6149,1.0,1.0,0.5766201615333557,hand_swap,0.03565511852502823,0.04050959274172783,0.5754042863845825,-0.0012158751487731934
48,P08,P08-20240614-085000,6149,1.0,1.0,0.5766201615333557,hand_mask,0.08704043179750443,0.08361944556236267,0.5804858803749084,0.0038657188415527344
48,P08,P08-20240614-085000,6149,1.0,1.0,0.5766201615333557,hand_shuffle_time,0.021053660660982132,0.030915983021259308,0.5756786465644836,-0.0009415149688720703
48,P08,P08-20240614-085000,6149,1.0,1.0,0.5766201615333557,both_mask,0.09848532825708389,0.1276068091392517,0.5793081521987915,0.002687990665435791
48,P08,P08-20240614-085000,6149,1.0,1.0,0.5766201615333557,gaze_yaw_1deg,0.0030363614205271006,0.0032402051147073507,0.5764845013618469,-0.00013566017150878906
48,P08,P08-20240614-085000,6149,1.0,1.0,0.5766201615333557,gaze_yaw_2deg,0.005797016434371471,0.006649466697126627,0.5763700604438782,-0.00025010108947753906
48,P08,P08-20240614-085000,6149,1.0,1.0,0.5766201615333557,gaze_yaw_5deg,0.011927463114261627,0.013903469778597355,0.576172947883606,-0.00044721364974975586
48,P08,P08-20240614-085000,6149,1.0,1.0,0.5766201615333557,gaze_yaw_10deg,0.018585415557026863,0.023765072226524353,0.5761054754257202,-0.000514686107635498
48,P08,P08-20240614-085000,6149,1.0,1.0,0.5766201615333557,gaze_yaw_20deg,0.037552185356616974,0.047186654061079025,0.5758811235427856,-0.0007390379905700684
48,P08,P08-20240614-085000,6149,1.0,1.0,0.5766201615333557,gaze_yaw_45deg,0.0745081827044487,0.10047877579927444,0.5744361281394958,-0.0021840333938598633
48,P08,P08-20240614-085000,6149,1.0,1.0,0.5766201615333557,video_swap,0.8016407489776611,0.7629241347312927,0.9554799199104309,0.3788597583770752
49,P08,P08-20240614-085000,12514,1.0,1.0,0.6899434328079224,real,0.0,0.0,0.6899434328079224,0.0
49,P08,P08-20240614-085000,12514,1.0,1.0,0.6899434328079224,identity,0.0,0.0,0.6899434328079224,0.0
49,P08,P08-20240614-085000,12514,1.0,1.0,0.6899434328079224,gaze_swap,0.06684572994709015,0.0665343701839447,0.6834328770637512,-0.006510555744171143
49,P08,P08-20240614-085000,12514,1.0,1.0,0.6899434328079224,gaze_mask,0.12610980868339539,0.08205012232065201,0.707704484462738,0.017761051654815674
49,P08,P08-20240614-085000,12514,1.0,1.0,0.6899434328079224,gaze_zero,0.1722065508365631,0.10239356011152267,0.7093083262443542,0.019364893436431885
49,P08,P08-20240614-085000,12514,1.0,1.0,0.6899434328079224,gaze_shuffle_time,0.04263366013765335,0.03037165105342865,0.6836552619934082,-0.00628817081451416
49,P08,P08-20240614-085000,12514,1.0,1.0,0.6899434328079224,hand_swap,0.0894574522972107,0.05878165736794472,0.691141664981842,0.0011982321739196777
49,P08,P08-20240614-085000,12514,1.0,1.0,0.6899434328079224,hand_mask,0.12268020212650299,0.10853789001703262,0.6804478168487549,-0.00949561595916748
49,P08,P08-20240614-085000,12514,1.0,1.0,0.6899434328079224,hand_shuffle_time,0.016587059944868088,0.015979664400219917,0.6883183717727661,-0.00162506103515625
49,P08,P08-20240614-085000,12514,1.0,1.0,0.6899434328079224,both_mask,0.13638950884342194,0.12952765822410583,0.6854866147041321,-0.004456818103790283
49,P08,P08-20240614-085000,12514,1.0,1.0,0.6899434328079224,gaze_yaw_1deg,0.004572107922285795,0.0026541263796389103,0.6897581815719604,-0.00018525123596191406
49,P08,P08-20240614-085000,12514,1.0,1.0,0.6899434328079224,gaze_yaw_2deg,0.009037724696099758,0.00533130019903183,0.6895877718925476,-0.00035566091537475586
49,P08,P08-20240614-085000,12514,1.0,1.0,0.6899434328079224,gaze_yaw_5deg,0.02218274213373661,0.013615449890494347,0.6890970468521118,-0.0008463859558105469
49,P08,P08-20240614-085000,12514,1.0,1.0,0.6899434328079224,gaze_yaw_10deg,0.03330686688423157,0.02505519799888134,0.6896264553070068,-0.00031697750091552734
49,P08,P08-20240614-085000,12514,1.0,1.0,0.6899434328079224,gaze_yaw_20deg,0.050363097339868546,0.047633033245801926,0.69675612449646,0.006812691688537598
49,P08,P08-20240614-085000,12514,1.0,1.0,0.6899434328079224,gaze_yaw_45deg,0.12675628066062927,0.07996469736099243,0.7089943885803223,0.019050955772399902
49,P08,P08-20240614-085000,12514,1.0,1.0,0.6899434328079224,video_swap,0.7778473496437073,0.7256797552108765,0.8823381066322327,0.1923946738243103
50,P08,P08-20240614-085000,4204,1.0,1.0,0.46573591232299805,real,0.0,0.0,0.46573591232299805,0.0
50,P08,P08-20240614-085000,4204,1.0,1.0,0.46573591232299805,identity,0.0,0.0,0.46573591232299805,0.0
50,P08,P08-20240614-085000,4204,1.0,1.0,0.46573591232299805,gaze_swap,0.029886554926633835,0.024576816707849503,0.4632914066314697,-0.0024445056915283203
50,P08,P08-20240614-085000,4204,1.0,1.0,0.46573591232299805,gaze_mask,0.1736784130334854,0.06679017841815948,0.4688234329223633,0.0030875205993652344
50,P08,P08-20240614-085000,4204,1.0,1.0,0.46573591232299805,gaze_zero,0.1846010535955429,0.07208899408578873,0.4677011966705322,0.0019652843475341797
50,P08,P08-20240614-085000,4204,1.0,1.0,0.46573591232299805,gaze_shuffle_time,0.10222583264112473,0.0456758551299572,0.462821900844574,-0.0029140114784240723
50,P08,P08-20240614-085000,4204,1.0,1.0,0.46573591232299805,hand_swap,0.08919955044984818,0.05874459072947502,0.4716760516166687,0.005940139293670654
50,P08,P08-20240614-085000,4204,1.0,1.0,0.46573591232299805,hand_mask,0.0965244323015213,0.06778296828269958,0.4678003191947937,0.0020644068717956543
50,P08,P08-20240614-085000,4204,1.0,1.0,0.46573591232299805,hand_shuffle_time,0.04527410492300987,0.02109895646572113,0.46777933835983276,0.002043426036834717
50,P08,P08-20240614-085000,4204,1.0,1.0,0.46573591232299805,both_mask,0.10386720299720764,0.09151184558868408,0.4690176844596863,0.0032817721366882324
50,P08,P08-20240614-085000,4204,1.0,1.0,0.46573591232299805,gaze_yaw_1deg,0.002634466392919421,0.0013244579313322902,0.46558713912963867,-0.000148773193359375
50,P08,P08-20240614-085000,4204,1.0,1.0,0.46573591232299805,gaze_yaw_2deg,0.004946453496813774,0.002553232479840517,0.4654494822025299,-0.00028643012046813965
50,P08,P08-20240614-085000,4204,1.0,1.0,0.46573591232299805,gaze_yaw_5deg,0.010248638689517975,0.005822275765240192,0.4650864601135254,-0.0006494522094726562
50,P08,P08-20240614-085000,4204,1.0,1.0,0.46573591232299805,gaze_yaw_10deg,0.024920770898461342,0.012235439382493496,0.46436232328414917,-0.001373589038848877
50,P08,P08-20240614-085000,4204,1.0,1.0,0.46573591232299805,gaze_yaw_20deg,0.06070941314101219,0.02550031803548336,0.4636055827140808,-0.0021303296089172363
50,P08,P08-20240614-085000,4204,1.0,1.0,0.46573591232299805,gaze_yaw_45deg,0.1229536235332489,0.04738479107618332,0.46479135751724243,-0.0009445548057556152
50,P08,P08-20240614-085000,4204,1.0,1.0,0.46573591232299805,video_swap,0.7803987860679626,0.7406935095787048,0.8803961873054504,0.4146602749824524
51,P08,P08-20240614-085000,10501,1.0,1.0,0.4999946355819702,real,0.0,0.0,0.4999946355819702,0.0
51,P08,P08-20240614-085000,10501,1.0,1.0,0.4999946355819702,identity,0.0,0.0,0.4999946355819702,0.0
51,P08,P08-20240614-085000,10501,1.0,1.0,0.4999946355819702,gaze_swap,0.041359804570674896,0.035269275307655334,0.49741411209106445,-0.0025805234909057617
51,P08,P08-20240614-085000,10501,1.0,1.0,0.4999946355819702,gaze_mask,0.11179804056882858,0.06446193903684616,0.5035684704780579,0.0035738348960876465
51,P08,P08-20240614-085000,10501,1.0,1.0,0.4999946355819702,gaze_zero,0.1389099508523941,0.09272206574678421,0.49879348278045654,-0.0012011528015136719
51,P08,P08-20240614-085000,10501,1.0,1.0,0.4999946355819702,gaze_shuffle_time,0.018818732351064682,0.01607016660273075,0.49868839979171753,-0.0013062357902526855
51,P08,P08-20240614-085000,10501,1.0,1.0,0.4999946355819702,hand_swap,0.06839464604854584,0.06711838394403458,0.4980931878089905,-0.0019014477729797363
51,P08,P08-20240614-085000,10501,1.0,1.0,0.4999946355819702,hand_mask,0.12864632904529572,0.1194828450679779,0.49637362360954285,-0.003621011972427368
51,P08,P08-20240614-085000,10501,1.0,1.0,0.4999946355819702,hand_shuffle_time,0.04715811833739281,0.04676591604948044,0.4956035614013672,-0.004391074180603027
51,P08,P08-20240614-085000,10501,1.0,1.0,0.4999946355819702,both_mask,0.17474521696567535,0.14437352120876312,0.49461981654167175,-0.005374819040298462
51,P08,P08-20240614-085000,10501,1.0,1.0,0.4999946355819702,gaze_yaw_1deg,0.0037966303061693907,0.0018422952853143215,0.5001081824302673,0.00011354684829711914
51,P08,P08-20240614-085000,10501,1.0,1.0,0.4999946355819702,gaze_yaw_2deg,0.007431257516145706,0.0035278741270303726,0.5002267360687256,0.0002321004867553711
51,P08,P08-20240614-085000,10501,1.0,1.0,0.4999946355819702,gaze_yaw_5deg,0.013664902187883854,0.007660292088985443,0.5005860328674316,0.0005913972854614258
51,P08,P08-20240614-085000,10501,1.0,1.0,0.4999946355819702,gaze_yaw_10deg,0.0316036120057106,0.01616799458861351,0.5012006759643555,0.001206040382385254
51,P08,P08-20240614-085000,10501,1.0,1.0,0.4999946355819702,gaze_yaw_20deg,0.06946785002946854,0.03716456890106201,0.5023750066757202,0.00238037109375
51,P08,P08-20240614-085000,10501,1.0,1.0,0.4999946355819702,gaze_yaw_45deg,0.13158489763736725,0.07022249698638916,0.5043869614601135,0.0043923258781433105
51,P08,P08-20240614-085000,10501,1.0,1.0,0.4999946355819702,video_swap,0.6874566078186035,0.6858668923377991,0.7668065428733826,0.26681190729141235
52,P08,P08-20240614-085000,23611,1.0,1.0,0.6542282700538635,real,0.0,0.0,0.6542282700538635,0.0
52,P08,P08-20240614-085000,23611,1.0,1.0,0.6542282700538635,identity,0.0,0.0,0.6542282700538635,0.0
52,P08,P08-20240614-085000,23611,1.0,1.0,0.6542282700538635,gaze_swap,0.07908260822296143,0.043102748692035675,0.6621181964874268,0.007889926433563232
52,P08,P08-20240614-085000,23611,1.0,1.0,0.6542282700538635,gaze_mask,0.1563078910112381,0.084088534116745,0.6679166555404663,0.013688385486602783
52,P08,P08-20240614-085000,23611,1.0,1.0,0.6542282700538635,gaze_zero,0.17478574812412262,0.08777710050344467,0.672082781791687,0.017854511737823486
52,P08,P08-20240614-085000,23611,1.0,1.0,0.6542282700538635,gaze_shuffle_time,0.00764697790145874,0.008414165116846561,0.6541631817817688,-6.508827209472656e-05
52,P08,P08-20240614-085000,23611,1.0,1.0,0.6542282700538635,hand_swap,0.08745543658733368,0.06384680420160294,0.6546433568000793,0.0004150867462158203
52,P08,P08-20240614-085000,23611,1.0,1.0,0.6542282700538635,hand_mask,0.1244821697473526,0.09313374757766724,0.6567052602767944,0.002476990222930908
52,P08,P08-20240614-085000,23611,1.0,1.0,0.6542282700538635,hand_shuffle_time,0.06400372833013535,0.0371863916516304,0.6599418520927429,0.0057135820388793945
52,P08,P08-20240614-085000,23611,1.0,1.0,0.6542282700538635,both_mask,0.15194185078144073,0.10517511516809464,0.664257824420929,0.01002955436706543
52,P08,P08-20240614-085000,23611,1.0,1.0,0.6542282700538635,gaze_yaw_1deg,0.00381930242292583,0.002824098104611039,0.6543934345245361,0.00016516447067260742
52,P08,P08-20240614-085000,23611,1.0,1.0,0.6542282700538635,gaze_yaw_2deg,0.007062045391649008,0.005415372084826231,0.6546185612678528,0.0003902912139892578
52,P08,P08-20240614-085000,23611,1.0,1.0,0.6542282700538635,gaze_yaw_5deg,0.014524983242154121,0.0120105454698205,0.6555108428001404,0.0012825727462768555
52,P08,P08-20240614-085000,23611,1.0,1.0,0.6542282700538635,gaze_yaw_10deg,0.026642197743058205,0.021530674770474434,0.6565923690795898,0.0023640990257263184
52,P08,P08-20240614-085000,23611,1.0,1.0,0.6542282700538635,gaze_yaw_20deg,0.04213390499353409,0.031053576618433,0.6595467925071716,0.0053185224533081055
52,P08,P08-20240614-085000,23611,1.0,1.0,0.6542282700538635,gaze_yaw_45deg,0.10418591648340225,0.05770019069314003,0.6654307842254639,0.011202514171600342
52,P08,P08-20240614-085000,23611,1.0,1.0,0.6542282700538635,video_swap,0.79044109582901,0.7485529780387878,0.9196620583534241,0.26543378829956055
53,P08,P08-20240614-085000,10323,1.0,0.875,0.6111592650413513,real,0.0,0.0,0.6111592650413513,0.0
53,P08,P08-20240614-085000,10323,1.0,0.875,0.6111592650413513,identity,0.0,0.0,0.6111592650413513,0.0
53,P08,P08-20240614-085000,10323,1.0,0.875,0.6111592650413513,gaze_swap,0.035901814699172974,0.035394445061683655,0.614249050617218,0.0030897855758666992
53,P08,P08-20240614-085000,10323,1.0,0.875,0.6111592650413513,gaze_mask,0.07851173728704453,0.14952896535396576,0.6183648109436035,0.007205545902252197
53,P08,P08-20240614-085000,10323,1.0,0.875,0.6111592650413513,gaze_zero,0.061030980199575424,0.10905008763074875,0.6130116581916809,0.0018523931503295898
53,P08,P08-20240614-085000,10323,1.0,0.875,0.6111592650413513,gaze_shuffle_time,0.036386411637067795,0.04000043496489525,0.6149312853813171,0.0037720203399658203
53,P08,P08-20240614-085000,10323,1.0,0.875,0.6111592650413513,hand_swap,0.07036052644252777,0.08236540108919144,0.609814465045929,-0.0013447999954223633
53,P08,P08-20240614-085000,10323,1.0,0.875,0.6111592650413513,hand_mask,0.07613687962293625,0.08749973773956299,0.6179928183555603,0.006833553314208984
53,P08,P08-20240614-085000,10323,1.0,0.875,0.6111592650413513,hand_shuffle_time,0.06455106288194656,0.052203286439180374,0.6097806096076965,-0.0013786554336547852
53,P08,P08-20240614-085000,10323,1.0,0.875,0.6111592650413513,both_mask,0.08897347748279572,0.12448858469724655,0.6190522909164429,0.007893025875091553
53,P08,P08-20240614-085000,10323,1.0,0.875,0.6111592650413513,gaze_yaw_1deg,0.0065622515976428986,0.007358692120760679,0.6115965843200684,0.000437319278717041
53,P08,P08-20240614-085000,10323,1.0,0.875,0.6111592650413513,gaze_yaw_2deg,0.013168731704354286,0.01251243520528078,0.6123821139335632,0.001222848892211914
53,P08,P08-20240614-085000,10323,1.0,0.875,0.6111592650413513,gaze_yaw_5deg,0.026105983182787895,0.024958668276667595,0.6141399145126343,0.002980649471282959
53,P08,P08-20240614-085000,10323,1.0,0.875,0.6111592650413513,gaze_yaw_10deg,0.04409470409154892,0.042603641748428345,0.6167374849319458,0.005578219890594482
53,P08,P08-20240614-085000,10323,1.0,0.875,0.6111592650413513,gaze_yaw_20deg,0.053860943764448166,0.05780208855867386,0.6180375814437866,0.006878316402435303
53,P08,P08-20240614-085000,10323,1.0,0.875,0.6111592650413513,gaze_yaw_45deg,0.05909949541091919,0.07889862358570099,0.6174573302268982,0.006298065185546875
53,P08,P08-20240614-085000,10323,1.0,0.875,0.6111592650413513,video_swap,0.7717331647872925,0.7278311848640442,0.8648467659950256,0.2536875009536743
54,P08,P08-20240614-085000,11788,1.0,1.0,0.43562158942222595,real,0.0,0.0,0.43562158942222595,0.0
54,P08,P08-20240614-085000,11788,1.0,1.0,0.43562158942222595,identity,0.0,0.0,0.43562158942222595,0.0
54,P08,P08-20240614-085000,11788,1.0,1.0,0.43562158942222595,gaze_swap,0.04399534687399864,0.03314066678285599,0.43515583872795105,-0.00046575069427490234
54,P08,P08-20240614-085000,11788,1.0,1.0,0.43562158942222595,gaze_mask,0.1456988900899887,0.07949631661176682,0.4398406744003296,0.004219084978103638
54,P08,P08-20240614-085000,11788,1.0,1.0,0.43562158942222595,gaze_zero,0.20023803412914276,0.08709831535816193,0.44045329093933105,0.0048317015171051025
54,P08,P08-20240614-085000,11788,1.0,1.0,0.43562158942222595,gaze_shuffle_time,0.041462864726781845,0.03322166949510574,0.4358040690422058,0.0001824796199798584
54,P08,P08-20240614-085000,11788,1.0,1.0,0.43562158942222595,hand_swap,0.05671938508749008,0.03351844847202301,0.4351922869682312,-0.000429302453994751
54,P08,P08-20240614-085000,11788,1.0,1.0,0.43562158942222595,hand_mask,0.11626492440700531,0.10055118799209595,0.4333028793334961,-0.0023187100887298584
54,P08,P08-20240614-085000,11788,1.0,1.0,0.43562158942222595,hand_shuffle_time,0.03903593868017197,0.043766699731349945,0.4342528283596039,-0.0013687610626220703
54,P08,P08-20240614-085000,11788,1.0,1.0,0.43562158942222595,both_mask,0.17987024784088135,0.11940854787826538,0.4377063512802124,0.00208476185798645
54,P08,P08-20240614-085000,11788,1.0,1.0,0.43562158942222595,gaze_yaw_1deg,0.004211782943457365,0.003877196693792939,0.43575453758239746,0.0001329481601715088
54,P08,P08-20240614-085000,11788,1.0,1.0,0.43562158942222595,gaze_yaw_2deg,0.008946842513978481,0.007991896010935307,0.4358956813812256,0.0002740919589996338
54,P08,P08-20240614-085000,11788,1.0,1.0,0.43562158942222595,gaze_yaw_5deg,0.02833581157028675,0.02118469960987568,0.4362729787826538,0.0006513893604278564
54,P08,P08-20240614-085000,11788,1.0,1.0,0.43562158942222595,gaze_yaw_10deg,0.058797646313905716,0.03989366069436073,0.43660926818847656,0.0009876787662506104
54,P08,P08-20240614-085000,11788,1.0,1.0,0.43562158942222595,gaze_yaw_20deg,0.10937920212745667,0.06273958086967468,0.43820494413375854,0.0025833547115325928
54,P08,P08-20240614-085000,11788,1.0,1.0,0.43562158942222595,gaze_yaw_45deg,0.16993644833564758,0.07861077040433884,0.44016033411026,0.004538744688034058
54,P08,P08-20240614-085000,11788,1.0,1.0,0.43562158942222595,video_swap,0.7553127408027649,0.6931486129760742,0.8440774083137512,0.40845581889152527
55,P08,P08-20240614-085000,25998,1.0,1.0,0.499861478805542,real,0.0,0.0,0.499861478805542,0.0
55,P08,P08-20240614-085000,25998,1.0,1.0,0.499861478805542,identity,0.0,0.0,0.499861478805542,0.0
55,P08,P08-20240614-085000,25998,1.0,1.0,0.499861478805542,gaze_swap,0.05463576689362526,0.06013987585902214,0.5009638667106628,0.0011023879051208496
55,P08,P08-20240614-085000,25998,1.0,1.0,0.499861478805542,gaze_mask,0.19264565408229828,0.09770708531141281,0.5182967185974121,0.018435239791870117
55,P08,P08-20240614-085000,25998,1.0,1.0,0.499861478805542,gaze_zero,0.2359679490327835,0.12779489159584045,0.524716317653656,0.024854838848114014
55,P08,P08-20240614-085000,25998,1.0,1.0,0.499861478805542,gaze_shuffle_time,0.04649689421057701,0.023292073979973793,0.5016549229621887,0.0017934441566467285
55,P08,P08-20240614-085000,25998,1.0,1.0,0.499861478805542,hand_swap,0.08943724632263184,0.08668721467256546,0.48849767446517944,-0.011363804340362549
55,P08,P08-20240614-085000,25998,1.0,1.0,0.499861478805542,hand_mask,0.10628194361925125,0.09433339536190033,0.4966730773448944,-0.003188401460647583
55,P08,P08-20240614-085000,25998,1.0,1.0,0.499861478805542,hand_shuffle_time,0.02136090397834778,0.029446667060256004,0.4977758228778839,-0.002085655927658081
55,P08,P08-20240614-085000,25998,1.0,1.0,0.499861478805542,both_mask,0.1682489663362503,0.13320903480052948,0.5005450248718262,0.0006835460662841797
55,P08,P08-20240614-085000,25998,1.0,1.0,0.499861478805542,gaze_yaw_1deg,0.004603113513439894,0.0031178309582173824,0.5002377033233643,0.0003762245178222656
55,P08,P08-20240614-085000,25998,1.0,1.0,0.499861478805542,gaze_yaw_2deg,0.009012782014906406,0.006091047078371048,0.5005306005477905,0.0006691217422485352
55,P08,P08-20240614-085000,25998,1.0,1.0,0.499861478805542,gaze_yaw_5deg,0.0222307275980711,0.01468219980597496,0.5015997886657715,0.0017383098602294922
55,P08,P08-20240614-085000,25998,1.0,1.0,0.499861478805542,gaze_yaw_10deg,0.04421655461192131,0.027673712000250816,0.5034443736076355,0.003582894802093506
55,P08,P08-20240614-085000,25998,1.0,1.0,0.499861478805542,gaze_yaw_20deg,0.06726524233818054,0.04424986243247986,0.5050063729286194,0.005144894123077393
55,P08,P08-20240614-085000,25998,1.0,1.0,0.499861478805542,gaze_yaw_45deg,0.15794895589351654,0.08738769590854645,0.513115644454956,0.013254165649414062
55,P08,P08-20240614-085000,25998,1.0,1.0,0.499861478805542,video_swap,0.8335842490196228,0.7212591171264648,0.9111201763153076,0.4112586975097656
56,P08,P08-20240614-085000,9979,1.0,0.75,0.5960505604743958,real,0.0,0.0,0.5960505604743958,0.0
56,P08,P08-20240614-085000,9979,1.0,0.75,0.5960505604743958,identity,0.0,0.0,0.5960505604743958,0.0
56,P08,P08-20240614-085000,9979,1.0,0.75,0.5960505604743958,gaze_swap,0.037063729017972946,0.04760361835360527,0.5942621827125549,-0.0017883777618408203
56,P08,P08-20240614-085000,9979,1.0,0.75,0.5960505604743958,gaze_mask,0.05501773953437805,0.0585845522582531,0.5945205688476562,-0.001529991626739502
56,P08,P08-20240614-085000,9979,1.0,0.75,0.5960505604743958,gaze_zero,0.05112823471426964,0.062449656426906586,0.5961381793022156,8.761882781982422e-05
56,P08,P08-20240614-085000,9979,1.0,0.75,0.5960505604743958,gaze_shuffle_time,0.03783409669995308,0.05666434019804001,0.5937500596046448,-0.0023005008697509766
56,P08,P08-20240614-085000,9979,1.0,0.75,0.5960505604743958,hand_swap,0.047429654747247696,0.06451134383678436,0.5975145101547241,0.0014639496803283691
56,P08,P08-20240614-085000,9979,1.0,0.75,0.5960505604743958,hand_mask,0.07471608370542526,0.05884943902492523,0.6057437658309937,0.0096932053565979
56,P08,P08-20240614-085000,9979,1.0,0.75,0.5960505604743958,hand_shuffle_time,0.041461024433374405,0.06843649595975876,0.5977547764778137,0.0017042160034179688
56,P08,P08-20240614-085000,9979,1.0,0.75,0.5960505604743958,both_mask,0.07539881020784378,0.08300017565488815,0.6023701429367065,0.006319582462310791
56,P08,P08-20240614-085000,9979,1.0,0.75,0.5960505604743958,gaze_yaw_1deg,0.003227971028536558,0.0025285091251134872,0.5959517955780029,-9.876489639282227e-05
56,P08,P08-20240614-085000,9979,1.0,0.75,0.5960505604743958,gaze_yaw_2deg,0.005416389554738998,0.004826485179364681,0.5960303544998169,-2.0205974578857422e-05
56,P08,P08-20240614-085000,9979,1.0,0.75,0.5960505604743958,gaze_yaw_5deg,0.011742772534489632,0.011082508601248264,0.5963321328163147,0.0002815723419189453
56,P08,P08-20240614-085000,9979,1.0,0.75,0.5960505604743958,gaze_yaw_10deg,0.020694466307759285,0.01900319941341877,0.5968976020812988,0.0008470416069030762
56,P08,P08-20240614-085000,9979,1.0,0.75,0.5960505604743958,gaze_yaw_20deg,0.030697297304868698,0.028539327904582024,0.5971918106079102,0.0011412501335144043
56,P08,P08-20240614-085000,9979,1.0,0.75,0.5960505604743958,gaze_yaw_45deg,0.04148644581437111,0.037653569132089615,0.5968341827392578,0.0007836222648620605
56,P08,P08-20240614-085000,9979,1.0,0.75,0.5960505604743958,video_swap,0.5904191732406616,0.640636146068573,0.6842755079269409,0.08822494745254517
57,P08,P08-20240614-085000,23120,1.0,1.0,0.457573264837265,real,0.0,0.0,0.457573264837265,0.0
57,P08,P08-20240614-085000,23120,1.0,1.0,0.457573264837265,identity,0.0,0.0,0.457573264837265,0.0
57,P08,P08-20240614-085000,23120,1.0,1.0,0.457573264837265,gaze_swap,0.05341901630163193,0.039742011576890945,0.4580543041229248,0.00048103928565979004
57,P08,P08-20240614-085000,23120,1.0,1.0,0.457573264837265,gaze_mask,0.11158011108636856,0.0751073881983757,0.46113142371177673,0.0035581588745117188
57,P08,P08-20240614-085000,23120,1.0,1.0,0.457573264837265,gaze_zero,0.12803538143634796,0.08893023431301117,0.4586423635482788,0.001069098711013794
57,P08,P08-20240614-085000,23120,1.0,1.0,0.457573264837265,gaze_shuffle_time,0.03422817215323448,0.01598776876926422,0.4591101109981537,0.0015368461608886719
57,P08,P08-20240614-085000,23120,1.0,1.0,0.457573264837265,hand_swap,0.08623280376195908,0.07710276544094086,0.46148309111595154,0.0039098262786865234
57,P08,P08-20240614-085000,23120,1.0,1.0,0.457573264837265,hand_mask,0.10782076418399811,0.0873425304889679,0.45768964290618896,0.0001163780689239502
57,P08,P08-20240614-085000,23120,1.0,1.0,0.457573264837265,hand_shuffle_time,0.01914072223007679,0.01101619005203247,0.4565965235233307,-0.0009767413139343262
57,P08,P08-20240614-085000,23120,1.0,1.0,0.457573264837265,both_mask,0.12038186937570572,0.10476881265640259,0.46404168009757996,0.006468415260314941
57,P08,P08-20240614-085000,23120,1.0,1.0,0.457573264837265,gaze_yaw_1deg,0.002633176278322935,0.0021647056564688683,0.45750507712364197,-6.818771362304688e-05
57,P08,P08-20240614-085000,23120,1.0,1.0,0.457573264837265,gaze_yaw_2deg,0.0052855610847473145,0.004612533841282129,0.4574126899242401,-0.00016057491302490234
57,P08,P08-20240614-085000,23120,1.0,1.0,0.457573264837265,gaze_yaw_5deg,0.011845290660858154,0.010073728859424591,0.45714977383613586,-0.0004234910011291504
57,P08,P08-20240614-085000,23120,1.0,1.0,0.457573264837265,gaze_yaw_10deg,0.01961348205804825,0.01532948762178421,0.4570959508419037,-0.0004773139953613281
57,P08,P08-20240614-085000,23120,1.0,1.0,0.457573264837265,gaze_yaw_20deg,0.04098967835307121,0.037722449749708176,0.4579967260360718,0.0004234611988067627
57,P08,P08-20240614-085000,23120,1.0,1.0,0.457573264837265,gaze_yaw_45deg,0.07620197534561157,0.0625562071800232,0.45871666073799133,0.0011433959007263184
57,P08,P08-20240614-085000,23120,1.0,1.0,0.457573264837265,video_swap,0.7837098836898804,0.7613871097564697,0.9458063840866089,0.48823311924934387
58,P08,P08-20240614-085000,10395,1.0,0.625,0.6682303547859192,real,0.0,0.0,0.6682303547859192,0.0
58,P08,P08-20240614-085000,10395,1.0,0.625,0.6682303547859192,identity,0.0,0.0,0.6682303547859192,0.0
58,P08,P08-20240614-085000,10395,1.0,0.625,0.6682303547859192,gaze_swap,0.04357787221670151,0.028353536501526833,0.6704456806182861,0.0022153258323669434
58,P08,P08-20240614-085000,10395,1.0,0.625,0.6682303547859192,gaze_mask,0.10719328373670578,0.06974146515130997,0.6721358299255371,0.00390547513961792
58,P08,P08-20240614-085000,10395,1.0,0.625,0.6682303547859192,gaze_zero,0.10816764086484909,0.0737404078245163,0.6726131439208984,0.004382789134979248
58,P08,P08-20240614-085000,10395,1.0,0.625,0.6682303547859192,gaze_shuffle_time,0.05153385549783707,0.05269739031791687,0.6707808375358582,0.002550482749938965
58,P08,P08-20240614-085000,10395,1.0,0.625,0.6682303547859192,hand_swap,0.09382624179124832,0.08564809709787369,0.677730917930603,0.009500563144683838
58,P08,P08-20240614-085000,10395,1.0,0.625,0.6682303547859192,hand_mask,0.09289183467626572,0.05227561295032501,0.6752673387527466,0.007036983966827393
58,P08,P08-20240614-085000,10395,1.0,0.625,0.6682303547859192,hand_shuffle_time,0.10462108999490738,0.08604546636343002,0.6768808364868164,0.008650481700897217
58,P08,P08-20240614-085000,10395,1.0,0.625,0.6682303547859192,both_mask,0.12905900180339813,0.08240445703268051,0.6782963871955872,0.010066032409667969
58,P08,P08-20240614-085000,10395,1.0,0.625,0.6682303547859192,gaze_yaw_1deg,0.0024522426538169384,0.0022225743159651756,0.6683692932128906,0.00013893842697143555
58,P08,P08-20240614-085000,10395,1.0,0.625,0.6682303547859192,gaze_yaw_2deg,0.004886961076408625,0.004641559440642595,0.6685155034065247,0.00028514862060546875
58,P08,P08-20240614-085000,10395,1.0,0.625,0.6682303547859192,gaze_yaw_5deg,0.01169018354266882,0.012770259752869606,0.6689136028289795,0.0006832480430603027
58,P08,P08-20240614-085000,10395,1.0,0.625,0.6682303547859192,gaze_yaw_10deg,0.026650268584489822,0.025184273719787598,0.6699240803718567,0.0016937255859375
58,P08,P08-20240614-085000,10395,1.0,0.625,0.6682303547859192,gaze_yaw_20deg,0.06042708083987236,0.04219919443130493,0.6724214553833008,0.004191100597381592
58,P08,P08-20240614-085000,10395,1.0,0.625,0.6682303547859192,gaze_yaw_45deg,0.09977389872074127,0.05960046499967575,0.6756953597068787,0.007465004920959473
58,P08,P08-20240614-085000,10395,1.0,0.625,0.6682303547859192,video_swap,0.7412856817245483,0.7341080904006958,0.8428001403808594,0.17456978559494019
59,P08,P08-20240614-085000,32038,1.0,1.0,0.7101120948791504,real,0.0,0.0,0.7101120948791504,0.0
59,P08,P08-20240614-085000,32038,1.0,1.0,0.7101120948791504,identity,0.0,0.0,0.7101120948791504,0.0
59,P08,P08-20240614-085000,32038,1.0,1.0,0.7101120948791504,gaze_swap,0.07250966131687164,0.05727843940258026,0.7052602767944336,-0.004851818084716797
59,P08,P08-20240614-085000,32038,1.0,1.0,0.7101120948791504,gaze_mask,0.0975598394870758,0.09414184093475342,0.7087680697441101,-0.0013440251350402832
59,P08,P08-20240614-085000,32038,1.0,1.0,0.7101120948791504,gaze_zero,0.11590468138456345,0.10476945340633392,0.7035946846008301,-0.0065174102783203125
59,P08,P08-20240614-085000,32038,1.0,1.0,0.7101120948791504,gaze_shuffle_time,0.031888850033283234,0.026103628799319267,0.7123504877090454,0.0022383928298950195
59,P08,P08-20240614-085000,32038,1.0,1.0,0.7101120948791504,hand_swap,0.07920728623867035,0.05404938757419586,0.7061237096786499,-0.003988385200500488
59,P08,P08-20240614-085000,32038,1.0,1.0,0.7101120948791504,hand_mask,0.12115740776062012,0.11391844600439072,0.7086512446403503,-0.0014608502388000488
59,P08,P08-20240614-085000,32038,1.0,1.0,0.7101120948791504,hand_shuffle_time,0.05007103458046913,0.05258306488394737,0.7035638093948364,-0.006548285484313965
59,P08,P08-20240614-085000,32038,1.0,1.0,0.7101120948791504,both_mask,0.13204364478588104,0.1420661360025406,0.7078881859779358,-0.0022239089012145996
59,P08,P08-20240614-085000,32038,1.0,1.0,0.7101120948791504,gaze_yaw_1deg,0.003943170886486769,0.003622686490416527,0.7102895379066467,0.0001774430274963379
59,P08,P08-20240614-085000,32038,1.0,1.0,0.7101120948791504,gaze_yaw_2deg,0.00802922435104847,0.007211834657937288,0.7104612588882446,0.0003491640090942383
59,P08,P08-20240614-085000,32038,1.0,1.0,0.7101120948791504,gaze_yaw_5deg,0.021022463217377663,0.017231864854693413,0.7108623385429382,0.0007502436637878418
59,P08,P08-20240614-085000,32038,1.0,1.0,0.7101120948791504,gaze_yaw_10deg,0.044495996087789536,0.03181721642613411,0.7113293409347534,0.0012172460556030273
59,P08,P08-20240614-085000,32038,1.0,1.0,0.7101120948791504,gaze_yaw_20deg,0.06545565277338028,0.047320883721113205,0.710655927658081,0.0005438327789306641
59,P08,P08-20240614-085000,32038,1.0,1.0,0.7101120948791504,gaze_yaw_45deg,0.07309242337942123,0.06345352530479431,0.7077250480651855,-0.0023870468139648438
59,P08,P08-20240614-085000,32038,1.0,1.0,0.7101120948791504,video_swap,0.7103196382522583,0.648154616355896,0.852342963218689,0.14223086833953857
60,P08,P08-20240614-085000,29016,1.0,1.0,0.7394654154777527,real,0.0,0.0,0.7394654154777527,0.0
60,P08,P08-20240614-085000,29016,1.0,1.0,0.7394654154777527,identity,0.0,0.0,0.7394654154777527,0.0
60,P08,P08-20240614-085000,29016,1.0,1.0,0.7394654154777527,gaze_swap,0.0658818706870079,0.041937053203582764,0.7338758111000061,-0.005589604377746582
60,P08,P08-20240614-085000,29016,1.0,1.0,0.7394654154777527,gaze_mask,0.15700896084308624,0.09077367186546326,0.7596362829208374,0.020170867443084717
60,P08,P08-20240614-085000,29016,1.0,1.0,0.7394654154777527,gaze_zero,0.16273640096187592,0.09049282968044281,0.7585771679878235,0.0191117525100708
60,P08,P08-20240614-085000,29016,1.0,1.0,0.7394654154777527,gaze_shuffle_time,0.0779116153717041,0.05018911883234978,0.7364411950111389,-0.0030242204666137695
60,P08,P08-20240614-085000,29016,1.0,1.0,0.7394654154777527,hand_swap,0.06155772879719734,0.04459213465452194,0.741845428943634,0.0023800134658813477
60,P08,P08-20240614-085000,29016,1.0,1.0,0.7394654154777527,hand_mask,0.16377656161785126,0.1045013964176178,0.7562602758407593,0.016794860363006592
60,P08,P08-20240614-085000,29016,1.0,1.0,0.7394654154777527,hand_shuffle_time,0.11857026070356369,0.07837853580713272,0.7508695721626282,0.011404156684875488
60,P08,P08-20240614-085000,29016,1.0,1.0,0.7394654154777527,both_mask,0.21953745186328888,0.12525591254234314,0.7713174819946289,0.03185206651687622
60,P08,P08-20240614-085000,29016,1.0,1.0,0.7394654154777527,gaze_yaw_1deg,0.002878904342651367,0.0018060733564198017,0.7394712567329407,5.841255187988281e-06
60,P08,P08-20240614-085000,29016,1.0,1.0,0.7394654154777527,gaze_yaw_2deg,0.005590629298239946,0.003414739388972521,0.7395148277282715,4.941225051879883e-05
60,P08,P08-20240614-085000,29016,1.0,1.0,0.7394654154777527,gaze_yaw_5deg,0.01415956113487482,0.008558646775782108,0.7396920323371887,0.00022661685943603516
60,P08,P08-20240614-085000,29016,1.0,1.0,0.7394654154777527,gaze_yaw_10deg,0.022983359172940254,0.016234299167990685,0.7422997355461121,0.002834320068359375
60,P08,P08-20240614-085000,29016,1.0,1.0,0.7394654154777527,gaze_yaw_20deg,0.08216169476509094,0.042394254356622696,0.75262051820755,0.013155102729797363
60,P08,P08-20240614-085000,29016,1.0,1.0,0.7394654154777527,gaze_yaw_45deg,0.13493755459785461,0.06549693644046783,0.7612790465354919,0.021813631057739258
60,P08,P08-20240614-085000,29016,1.0,1.0,0.7394654154777527,video_swap,0.7284955382347107,0.7086410522460938,0.8273524641990662,0.08788704872131348
61,P08,P08-20240614-085000,28640,1.0,1.0,0.6758679747581482,real,0.0,0.0,0.6758679747581482,0.0
61,P08,P08-20240614-085000,28640,1.0,1.0,0.6758679747581482,identity,0.0,0.0,0.6758679747581482,0.0
61,P08,P08-20240614-085000,28640,1.0,1.0,0.6758679747581482,gaze_swap,0.11396360397338867,0.07057064771652222,0.6778056025505066,0.0019376277923583984
61,P08,P08-20240614-085000,28640,1.0,1.0,0.6758679747581482,gaze_mask,0.0881229117512703,0.10225921124219894,0.6794520616531372,0.0035840868949890137
61,P08,P08-20240614-085000,28640,1.0,1.0,0.6758679747581482,gaze_zero,0.10756923258304596,0.11483875662088394,0.6798586249351501,0.003990650177001953
61,P08,P08-20240614-085000,28640,1.0,1.0,0.6758679747581482,gaze_shuffle_time,0.050970837473869324,0.06692175567150116,0.6801865100860596,0.004318535327911377
61,P08,P08-20240614-085000,28640,1.0,1.0,0.6758679747581482,hand_swap,0.0875367522239685,0.0568544901907444,0.6808720827102661,0.00500410795211792
61,P08,P08-20240614-085000,28640,1.0,1.0,0.6758679747581482,hand_mask,0.1547738015651703,0.13329821825027466,0.6940572261810303,0.01818925142288208
61,P08,P08-20240614-085000,28640,1.0,1.0,0.6758679747581482,hand_shuffle_time,0.07024150341749191,0.061466481536626816,0.6779506802558899,0.0020827054977416992
61,P08,P08-20240614-085000,28640,1.0,1.0,0.6758679747581482,both_mask,0.14944593608379364,0.12644162774085999,0.6896114349365234,0.013743460178375244
61,P08,P08-20240614-085000,28640,1.0,1.0,0.6758679747581482,gaze_yaw_1deg,0.0031695307698100805,0.0027668664697557688,0.6760483980178833,0.00018042325973510742
61,P08,P08-20240614-085000,28640,1.0,1.0,0.6758679747581482,gaze_yaw_2deg,0.006529529113322496,0.006921915803104639,0.6761205792427063,0.00025260448455810547
61,P08,P08-20240614-085000,28640,1.0,1.0,0.6758679747581482,gaze_yaw_5deg,0.016152791678905487,0.01738664135336876,0.6762875914573669,0.00041961669921875
61,P08,P08-20240614-085000,28640,1.0,1.0,0.6758679747581482,gaze_yaw_10deg,0.025429407134652138,0.03514272719621658,0.6765512228012085,0.0006832480430603027
61,P08,P08-20240614-085000,28640,1.0,1.0,0.6758679747581482,gaze_yaw_20deg,0.06343992799520493,0.07922522723674774,0.67728590965271,0.0014179348945617676
61,P08,P08-20240614-085000,28640,1.0,1.0,0.6758679747581482,gaze_yaw_45deg,0.07403241097927094,0.07167898118495941,0.6794418096542358,0.0035738348960876465
61,P08,P08-20240614-085000,28640,1.0,1.0,0.6758679747581482,video_swap,0.7167342305183411,0.6594837307929993,0.8332032561302185,0.1573352813720703
62,P08,P08-20240614-085000,5867,1.0,1.0,0.720480740070343,real,0.0,0.0,0.720480740070343,0.0
62,P08,P08-20240614-085000,5867,1.0,1.0,0.720480740070343,identity,0.0,0.0,0.720480740070343,0.0
62,P08,P08-20240614-085000,5867,1.0,1.0,0.720480740070343,gaze_swap,0.08735297620296478,0.04578553885221481,0.7237182259559631,0.003237485885620117
62,P08,P08-20240614-085000,5867,1.0,1.0,0.720480740070343,gaze_mask,0.07342033088207245,0.06565460562705994,0.7199232578277588,-0.0005574822425842285
62,P08,P08-20240614-085000,5867,1.0,1.0,0.720480740070343,gaze_zero,0.09170238673686981,0.07761415839195251,0.7207967042922974,0.0003159642219543457
62,P08,P08-20240614-085000,5867,1.0,1.0,0.720480740070343,gaze_shuffle_time,0.11639874428510666,0.06343084573745728,0.7229037284851074,0.0024229884147644043
62,P08,P08-20240614-085000,5867,1.0,1.0,0.720480740070343,hand_swap,0.03841129690408707,0.05456414446234703,0.7210909724235535,0.0006102323532104492
62,P08,P08-20240614-085000,5867,1.0,1.0,0.720480740070343,hand_mask,0.16309048235416412,0.11533687263727188,0.7250391840934753,0.004558444023132324
62,P08,P08-20240614-085000,5867,1.0,1.0,0.720480740070343,hand_shuffle_time,0.021386152133345604,0.021261783316731453,0.7189717292785645,-0.0015090107917785645
62,P08,P08-20240614-085000,5867,1.0,1.0,0.720480740070343,both_mask,0.17849646508693695,0.13998401165008545,0.723669171333313,0.0031884312629699707
62,P08,P08-20240614-085000,5867,1.0,1.0,0.720480740070343,gaze_yaw_1deg,0.001619379734620452,0.00201347004622221,0.720487654209137,6.9141387939453125e-06
62,P08,P08-20240614-085000,5867,1.0,1.0,0.720480740070343,gaze_yaw_2deg,0.0033069923520088196,0.0038684126920998096,0.7205464243888855,6.568431854248047e-05
62,P08,P08-20240614-085000,5867,1.0,1.0,0.720480740070343,gaze_yaw_5deg,0.008517361246049404,0.009679964743554592,0.7207001447677612,0.0002194046974182129
62,P08,P08-20240614-085000,5867,1.0,1.0,0.720480740070343,gaze_yaw_10deg,0.016758127138018608,0.018107369542121887,0.7209771871566772,0.0004964470863342285
62,P08,P08-20240614-085000,5867,1.0,1.0,0.720480740070343,gaze_yaw_20deg,0.04010944440960884,0.029712991788983345,0.7218394875526428,0.0013587474822998047
62,P08,P08-20240614-085000,5867,1.0,1.0,0.720480740070343,gaze_yaw_45deg,0.06783325225114822,0.04685112088918686,0.7221736907958984,0.00169295072555542
62,P08,P08-20240614-085000,5867,1.0,1.0,0.720480740070343,video_swap,0.7480491995811462,0.7530825138092041,0.8160184025764465,0.09553766250610352
63,P08,P08-20240614-085000,29701,1.0,1.0,0.7302247881889343,real,0.0,0.0,0.7302247881889343,0.0
63,P08,P08-20240614-085000,29701,1.0,1.0,0.7302247881889343,identity,0.0,0.0,0.7302247881889343,0.0
63,P08,P08-20240614-085000,29701,1.0,1.0,0.7302247881889343,gaze_swap,0.02791670523583889,0.0505550354719162,0.7313500642776489,0.0011252760887145996
63,P08,P08-20240614-085000,29701,1.0,1.0,0.7302247881889343,gaze_mask,0.10438615083694458,0.10715071111917496,0.7369633913040161,0.006738603115081787
63,P08,P08-20240614-085000,29701,1.0,1.0,0.7302247881889343,gaze_zero,0.06662948429584503,0.09054066240787506,0.7329446077346802,0.0027198195457458496
63,P08,P08-20240614-085000,29701,1.0,1.0,0.7302247881889343,gaze_shuffle_time,0.056411679834127426,0.029579346999526024,0.7315139770507812,0.0012891888618469238
63,P08,P08-20240614-085000,29701,1.0,1.0,0.7302247881889343,hand_swap,0.0842452198266983,0.11799143999814987,0.7294353246688843,-0.0007894635200500488
63,P08,P08-20240614-085000,29701,1.0,1.0,0.7302247881889343,hand_mask,0.13154833018779755,0.1384083479642868,0.727617084980011,-0.00260770320892334
63,P08,P08-20240614-085000,29701,1.0,1.0,0.7302247881889343,hand_shuffle_time,0.07959208637475967,0.062167730182409286,0.7388400435447693,0.008615255355834961
63,P08,P08-20240614-085000,29701,1.0,1.0,0.7302247881889343,both_mask,0.11900970339775085,0.1482512205839157,0.7298417687416077,-0.00038301944732666016
63,P08,P08-20240614-085000,29701,1.0,1.0,0.7302247881889343,gaze_yaw_1deg,0.001491303090006113,0.002263117115944624,0.7302960753440857,7.128715515136719e-05
63,P08,P08-20240614-085000,29701,1.0,1.0,0.7302247881889343,gaze_yaw_2deg,0.003174690529704094,0.005000713746994734,0.7303330898284912,0.00010830163955688477
63,P08,P08-20240614-085000,29701,1.0,1.0,0.7302247881889343,gaze_yaw_5deg,0.008384579792618752,0.012951883487403393,0.7305207252502441,0.00029593706130981445
63,P08,P08-20240614-085000,29701,1.0,1.0,0.7302247881889343,gaze_yaw_10deg,0.01942197047173977,0.02941867709159851,0.7309069633483887,0.0006821751594543457
63,P08,P08-20240614-085000,29701,1.0,1.0,0.7302247881889343,gaze_yaw_20deg,0.032846394926309586,0.04491771012544632,0.7319858074188232,0.001761019229888916
63,P08,P08-20240614-085000,29701,1.0,1.0,0.7302247881889343,gaze_yaw_45deg,0.03932682424783707,0.05377890542149544,0.733700156211853,0.003475368022918701
63,P08,P08-20240614-085000,29701,1.0,1.0,0.7302247881889343,video_swap,0.7342501878738403,0.752056360244751,0.9364708662033081,0.20624607801437378
64,P08,P08-20240614-085000,5706,1.0,1.0,0.6284704208374023,real,0.0,0.0,0.6284704208374023,0.0
64,P08,P08-20240614-085000,5706,1.0,1.0,0.6284704208374023,identity,0.0,0.0,0.6284704208374023,0.0
64,P08,P08-20240614-085000,5706,1.0,1.0,0.6284704208374023,gaze_swap,0.04354557394981384,0.034157801419496536,0.62715744972229,-0.0013129711151123047
64,P08,P08-20240614-085000,5706,1.0,1.0,0.6284704208374023,gaze_mask,0.15240968763828278,0.07282552868127823,0.6322345733642578,0.0037641525268554688
64,P08,P08-20240614-085000,5706,1.0,1.0,0.6284704208374023,gaze_zero,0.1750260293483734,0.0821610763669014,0.6333743333816528,0.004903912544250488
64,P08,P08-20240614-085000,5706,1.0,1.0,0.6284704208374023,gaze_shuffle_time,0.04027248173952103,0.023710239678621292,0.628353476524353,-0.0001169443130493164
64,P08,P08-20240614-085000,5706,1.0,1.0,0.6284704208374023,hand_swap,0.03772805631160736,0.043957747519016266,0.6297335624694824,0.0012631416320800781
64,P08,P08-20240614-085000,5706,1.0,1.0,0.6284704208374023,hand_mask,0.10444428771734238,0.08694930374622345,0.6320198178291321,0.0035493969917297363
64,P08,P08-20240614-085000,5706,1.0,1.0,0.6284704208374023,hand_shuffle_time,0.027775563299655914,0.014291582629084587,0.6291061043739319,0.000635683536529541
64,P08,P08-20240614-085000,5706,1.0,1.0,0.6284704208374023,both_mask,0.11051128804683685,0.09243447333574295,0.6262566447257996,-0.002213776111602783
64,P08,P08-20240614-085000,5706,1.0,1.0,0.6284704208374023,gaze_yaw_1deg,0.0023734213318675756,0.0025601533707231283,0.6285936236381531,0.00012320280075073242
64,P08,P08-20240614-085000,5706,1.0,1.0,0.6284704208374023,gaze_yaw_2deg,0.005326677579432726,0.005277812946587801,0.6286817193031311,0.00021129846572875977
64,P08,P08-20240614-085000,5706,1.0,1.0,0.6284704208374023,gaze_yaw_5deg,0.013253944925963879,0.012824143283069134,0.6289340257644653,0.0004636049270629883
64,P08,P08-20240614-085000,5706,1.0,1.0,0.6284704208374023,gaze_yaw_10deg,0.02824408933520317,0.02298111282289028,0.6291032433509827,0.0006328225135803223
64,P08,P08-20240614-085000,5706,1.0,1.0,0.6284704208374023,gaze_yaw_20deg,0.07410525530576706,0.04086767137050629,0.6291595697402954,0.0006891489028930664
64,P08,P08-20240614-085000,5706,1.0,1.0,0.6284704208374023,gaze_yaw_45deg,0.1479106992483139,0.06708665192127228,0.6327705383300781,0.004300117492675781
64,P08,P08-20240614-085000,5706,1.0,1.0,0.6284704208374023,video_swap,0.7125123739242554,0.7152317762374878,0.8346686363220215,0.20619821548461914
65,P08,P08-20240614-085000,3148,1.0,1.0,0.560882568359375,real,0.0,0.0,0.560882568359375,0.0
65,P08,P08-20240614-085000,3148,1.0,1.0,0.560882568359375,identity,0.0,0.0,0.560882568359375,0.0
65,P08,P08-20240614-085000,3148,1.0,1.0,0.560882568359375,gaze_swap,0.02202259749174118,0.0194470826536417,0.5618035197257996,0.0009209513664245605
65,P08,P08-20240614-085000,3148,1.0,1.0,0.560882568359375,gaze_mask,0.1288101077079773,0.07345220446586609,0.554899275302887,-0.005983293056488037
65,P08,P08-20240614-085000,3148,1.0,1.0,0.560882568359375,gaze_zero,0.1460673063993454,0.0928782969713211,0.5504171848297119,-0.010465383529663086
65,P08,P08-20240614-085000,3148,1.0,1.0,0.560882568359375,gaze_shuffle_time,0.010752461850643158,0.01287317369133234,0.5603155493736267,-0.000567018985748291
65,P08,P08-20240614-085000,3148,1.0,1.0,0.560882568359375,hand_swap,0.06140090152621269,0.03770607337355614,0.5617231130599976,0.0008405447006225586
65,P08,P08-20240614-085000,3148,1.0,1.0,0.560882568359375,hand_mask,0.08763422071933746,0.07834632694721222,0.5615279674530029,0.0006453990936279297
65,P08,P08-20240614-085000,3148,1.0,1.0,0.560882568359375,hand_shuffle_time,0.002647872781381011,0.0019147706916555762,0.560756504535675,-0.00012606382369995117
65,P08,P08-20240614-085000,3148,1.0,1.0,0.560882568359375,both_mask,0.09883753955364227,0.08428355306386948,0.5589804649353027,-0.0019021034240722656
65,P08,P08-20240614-085000,3148,1.0,1.0,0.560882568359375,gaze_yaw_1deg,0.004316069185733795,0.003633276093751192,0.561122715473175,0.00024014711380004883
65,P08,P08-20240614-085000,3148,1.0,1.0,0.560882568359375,gaze_yaw_2deg,0.008073794655501842,0.006659405305981636,0.5612699389457703,0.00038737058639526367
65,P08,P08-20240614-085000,3148,1.0,1.0,0.560882568359375,gaze_yaw_5deg,0.01907402090728283,0.015341566875576973,0.5615851879119873,0.0007026195526123047
65,P08,P08-20240614-085000,3148,1.0,1.0,0.560882568359375,gaze_yaw_10deg,0.03389332816004753,0.025890754535794258,0.5619235634803772,0.0010409951210021973
65,P08,P08-20240614-085000,3148,1.0,1.0,0.560882568359375,gaze_yaw_20deg,0.05438797548413277,0.03689362853765488,0.5606640577316284,-0.00021851062774658203
65,P08,P08-20240614-085000,3148,1.0,1.0,0.560882568359375,gaze_yaw_45deg,0.1125277504324913,0.06922676414251328,0.5560322999954224,-0.004850268363952637
65,P08,P08-20240614-085000,3148,1.0,1.0,0.560882568359375,video_swap,0.6357021927833557,0.6910069584846497,0.676816463470459,0.11593389511108398
66,P08,P08-20240614-085000,10006,1.0,1.0,0.6964365839958191,real,0.0,0.0,0.6964365839958191,0.0
66,P08,P08-20240614-085000,10006,1.0,1.0,0.6964365839958191,identity,0.0,0.0,0.6964365839958191,0.0
66,P08,P08-20240614-085000,10006,1.0,1.0,0.6964365839958191,gaze_swap,0.028981167823076248,0.026610154658555984,0.69345623254776,-0.002980351448059082
66,P08,P08-20240614-085000,10006,1.0,1.0,0.6964365839958191,gaze_mask,0.08030147105455399,0.08828484266996384,0.689365565776825,-0.007071018218994141
66,P08,P08-20240614-085000,10006,1.0,1.0,0.6964365839958191,gaze_zero,0.08128340542316437,0.08253544569015503,0.6892810463905334,-0.0071555376052856445
66,P08,P08-20240614-085000,10006,1.0,1.0,0.6964365839958191,gaze_shuffle_time,0.014718820340931416,0.02099834941327572,0.6962233781814575,-0.00021320581436157227
66,P08,P08-20240614-085000,10006,1.0,1.0,0.6964365839958191,hand_swap,0.03963460400700569,0.04099653288722038,0.6945346593856812,-0.0019019246101379395
66,P08,P08-20240614-085000,10006,1.0,1.0,0.6964365839958191,hand_mask,0.09064320474863052,0.0946858748793602,0.6962676644325256,-0.00016891956329345703
66,P08,P08-20240614-085000,10006,1.0,1.0,0.6964365839958191,hand_shuffle_time,0.04549160227179527,0.04649602994322777,0.692259669303894,-0.004176914691925049
66,P08,P08-20240614-085000,10006,1.0,1.0,0.6964365839958191,both_mask,0.10562039166688919,0.14090387523174286,0.6921998262405396,-0.004236757755279541
66,P08,P08-20240614-085000,10006,1.0,1.0,0.6964365839958191,gaze_yaw_1deg,0.002862033434212208,0.003091769991442561,0.6968383193016052,0.0004017353057861328
66,P08,P08-20240614-085000,10006,1.0,1.0,0.6964365839958191,gaze_yaw_2deg,0.006620620843023062,0.007850452326238155,0.697396457195282,0.0009598731994628906
66,P08,P08-20240614-085000,10006,1.0,1.0,0.6964365839958191,gaze_yaw_5deg,0.0132439648732543,0.013964015059173107,0.6983445286750793,0.001907944679260254
66,P08,P08-20240614-085000,10006,1.0,1.0,0.6964365839958191,gaze_yaw_10deg,0.020012617111206055,0.021618494763970375,0.6987488269805908,0.0023122429847717285
66,P08,P08-20240614-085000,10006,1.0,1.0,0.6964365839958191,gaze_yaw_20deg,0.03251782804727554,0.029166825115680695,0.6973135471343994,0.0008769631385803223
66,P08,P08-20240614-085000,10006,1.0,1.0,0.6964365839958191,gaze_yaw_45deg,0.05645400285720825,0.04861908778548241,0.6946302056312561,-0.0018063783645629883
66,P08,P08-20240614-085000,10006,1.0,1.0,0.6964365839958191,video_swap,0.7149637937545776,0.6978610754013062,0.837159276008606,0.14072269201278687
67,P08,P08-20240614-085000,28172,1.0,1.0,0.7168945074081421,real,0.0,0.0,0.7168945074081421,0.0
67,P08,P08-20240614-085000,28172,1.0,1.0,0.7168945074081421,identity,0.0,0.0,0.7168945074081421,0.0
67,P08,P08-20240614-085000,28172,1.0,1.0,0.7168945074081421,gaze_swap,0.0856560692191124,0.08285174518823624,0.7156733274459839,-0.0012211799621582031
67,P08,P08-20240614-085000,28172,1.0,1.0,0.7168945074081421,gaze_mask,0.16837716102600098,0.10571921616792679,0.7275417447090149,0.010647237300872803
67,P08,P08-20240614-085000,28172,1.0,1.0,0.7168945074081421,gaze_zero,0.15956446528434753,0.11327943205833435,0.7231258749961853,0.006231367588043213
67,P08,P08-20240614-085000,28172,1.0,1.0,0.7168945074081421,gaze_shuffle_time,0.063550665974617,0.03837968036532402,0.7141435146331787,-0.002750992774963379
67,P08,P08-20240614-085000,28172,1.0,1.0,0.7168945074081421,hand_swap,0.1731044054031372,0.11720241606235504,0.7290782928466797,0.012183785438537598
67,P08,P08-20240614-085000,28172,1.0,1.0,0.7168945074081421,hand_mask,0.1731044054031372,0.11720241606235504,0.7290782928466797,0.012183785438537598
67,P08,P08-20240614-085000,28172,1.0,1.0,0.7168945074081421,hand_shuffle_time,0.1450892835855484,0.06222285330295563,0.7275609374046326,0.010666429996490479
67,P08,P08-20240614-085000,28172,1.0,1.0,0.7168945074081421,both_mask,0.21499955654144287,0.1439134031534195,0.7331591844558716,0.016264677047729492
67,P08,P08-20240614-085000,28172,1.0,1.0,0.7168945074081421,gaze_yaw_1deg,0.005915242712944746,0.0035748181398957968,0.7169454097747803,5.0902366638183594e-05
67,P08,P08-20240614-085000,28172,1.0,1.0,0.7168945074081421,gaze_yaw_2deg,0.010965222492814064,0.006105367559939623,0.7167824506759644,-0.00011205673217773438
67,P08,P08-20240614-085000,28172,1.0,1.0,0.7168945074081421,gaze_yaw_5deg,0.022695474326610565,0.013706470839679241,0.7165067791938782,-0.000387728214263916
67,P08,P08-20240614-085000,28172,1.0,1.0,0.7168945074081421,gaze_yaw_10deg,0.039384108036756516,0.028803272172808647,0.7162918448448181,-0.0006026625633239746
67,P08,P08-20240614-085000,28172,1.0,1.0,0.7168945074081421,gaze_yaw_20deg,0.03946394473314285,0.052812106907367706,0.7163676619529724,-0.0005268454551696777
67,P08,P08-20240614-085000,28172,1.0,1.0,0.7168945074081421,gaze_yaw_45deg,0.06444964557886124,0.07835043221712112,0.7169970870018005,0.00010257959365844727
67,P08,P08-20240614-085000,28172,1.0,1.0,0.7168945074081421,video_swap,0.7452900409698486,0.7071046233177185,0.8908175230026245,0.17392301559448242
68,P08,P08-20240614-085000,25336,1.0,0.0,0.8150957226753235,real,0.0,0.0,0.8150957226753235,0.0
68,P08,P08-20240614-085000,25336,1.0,0.0,0.8150957226753235,identity,0.0,0.0,0.8150957226753235,0.0
68,P08,P08-20240614-085000,25336,1.0,0.0,0.8150957226753235,gaze_swap,0.09353344887495041,0.07768052071332932,0.8169843554496765,0.0018886327743530273
68,P08,P08-20240614-085000,25336,1.0,0.0,0.8150957226753235,gaze_mask,0.06862610578536987,0.06481001526117325,0.8141840100288391,-0.000911712646484375
68,P08,P08-20240614-085000,25336,1.0,0.0,0.8150957226753235,gaze_zero,0.06939676403999329,0.0669531300663948,0.8141253590583801,-0.0009703636169433594
68,P08,P08-20240614-085000,25336,1.0,0.0,0.8150957226753235,gaze_shuffle_time,0.008888645097613335,0.017948919907212257,0.8153608441352844,0.0002651214599609375
68,P08,P08-20240614-085000,25336,1.0,0.0,0.8150957226753235,hand_swap,0.09133011102676392,0.08581779152154922,0.8050475120544434,-0.010048210620880127
68,P08,P08-20240614-085000,25336,1.0,0.0,0.8150957226753235,hand_mask,0.0,0.0,0.8150957226753235,0.0
68,P08,P08-20240614-085000,25336,1.0,0.0,0.8150957226753235,hand_shuffle_time,0.0,0.0,0.8150957226753235,0.0
68,P08,P08-20240614-085000,25336,1.0,0.0,0.8150957226753235,both_mask,0.06862610578536987,0.06481001526117325,0.8141840100288391,-0.000911712646484375
68,P08,P08-20240614-085000,25336,1.0,0.0,0.8150957226753235,gaze_yaw_1deg,0.007526763714849949,0.008595812134444714,0.8152356743812561,0.0001399517059326172
68,P08,P08-20240614-085000,25336,1.0,0.0,0.8150957226753235,gaze_yaw_2deg,0.014893568120896816,0.017934730276465416,0.8153426051139832,0.00024688243865966797
68,P08,P08-20240614-085000,25336,1.0,0.0,0.8150957226753235,gaze_yaw_5deg,0.04067663848400116,0.04147433862090111,0.8154939413070679,0.00039821863174438477
68,P08,P08-20240614-085000,25336,1.0,0.0,0.8150957226753235,gaze_yaw_10deg,0.06525934487581253,0.05648905038833618,0.8158676028251648,0.0007718801498413086
68,P08,P08-20240614-085000,25336,1.0,0.0,0.8150957226753235,gaze_yaw_20deg,0.07721338421106339,0.060014721006155014,0.8148019909858704,-0.000293731689453125
68,P08,P08-20240614-085000,25336,1.0,0.0,0.8150957226753235,gaze_yaw_45deg,0.08186807483434677,0.07382786273956299,0.8157628774642944,0.0006671547889709473
68,P08,P08-20240614-085000,25336,1.0,0.0,0.8150957226753235,video_swap,0.8186855316162109,0.7479999661445618,0.9241132140159607,0.10901749134063721
69,P08,P08-20240614-085000,10814,1.0,1.0,0.3835420608520508,real,0.0,0.0,0.3835420608520508,0.0
69,P08,P08-20240614-085000,10814,1.0,1.0,0.3835420608520508,identity,0.0,0.0,0.3835420608520508,0.0
69,P08,P08-20240614-085000,10814,1.0,1.0,0.3835420608520508,gaze_swap,0.03451990708708763,0.021978119388222694,0.38700589537620544,0.003463834524154663
69,P08,P08-20240614-085000,10814,1.0,1.0,0.3835420608520508,gaze_mask,0.1366405040025711,0.08463561534881592,0.38807162642478943,0.0045295655727386475
69,P08,P08-20240614-085000,10814,1.0,1.0,0.3835420608520508,gaze_zero,0.1318185031414032,0.0889606848359108,0.38588085770606995,0.002338796854019165
69,P08,P08-20240614-085000,10814,1.0,1.0,0.3835420608520508,gaze_shuffle_time,0.004573302809149027,0.0035487923305481672,0.3831635117530823,-0.00037854909896850586
69,P08,P08-20240614-085000,10814,1.0,1.0,0.3835420608520508,hand_swap,0.0972960814833641,0.07759594172239304,0.38127079606056213,-0.0022712647914886475
69,P08,P08-20240614-085000,10814,1.0,1.0,0.3835420608520508,hand_mask,0.08779412508010864,0.07959996163845062,0.3857744038105011,0.0022323429584503174
69,P08,P08-20240614-085000,10814,1.0,1.0,0.3835420608520508,hand_shuffle_time,0.002773976419121027,0.003089528065174818,0.3837311565876007,0.00018909573554992676
69,P08,P08-20240614-085000,10814,1.0,1.0,0.3835420608520508,both_mask,0.11570551991462708,0.08692333102226257,0.38512322306632996,0.0015811622142791748
69,P08,P08-20240614-085000,10814,1.0,1.0,0.3835420608520508,gaze_yaw_1deg,0.0019452898995950818,0.0014250187668949366,0.38344627618789673,-9.578466415405273e-05
69,P08,P08-20240614-085000,10814,1.0,1.0,0.3835420608520508,gaze_yaw_2deg,0.0038370639085769653,0.0027660003397613764,0.3833559453487396,-0.00018611550331115723
69,P08,P08-20240614-085000,10814,1.0,1.0,0.3835420608520508,gaze_yaw_5deg,0.009633569978177547,0.006735668517649174,0.3831292986869812,-0.0004127621650695801
69,P08,P08-20240614-085000,10814,1.0,1.0,0.3835420608520508,gaze_yaw_10deg,0.02337544597685337,0.016013439744710922,0.3829229772090912,-0.0006190836429595947
69,P08,P08-20240614-085000,10814,1.0,1.0,0.3835420608520508,gaze_yaw_20deg,0.0559091717004776,0.038736168295145035,0.38300418853759766,-0.000537872314453125
69,P08,P08-20240614-085000,10814,1.0,1.0,0.3835420608520508,gaze_yaw_45deg,0.08502089232206345,0.06187121570110321,0.3834135830402374,-0.0001284778118133545
69,P08,P08-20240614-085000,10814,1.0,1.0,0.3835420608520508,video_swap,0.7574442028999329,0.7311949133872986,0.8624591827392578,0.47891712188720703
70,P08,P08-20240614-085000,6441,1.0,1.0,0.5650132894515991,real,0.0,0.0,0.5650132894515991,0.0
70,P08,P08-20240614-085000,6441,1.0,1.0,0.5650132894515991,identity,0.0,0.0,0.5650132894515991,0.0
70,P08,P08-20240614-085000,6441,1.0,1.0,0.5650132894515991,gaze_swap,0.03632302209734917,0.028271140530705452,0.5642784237861633,-0.000734865665435791
70,P08,P08-20240614-085000,6441,1.0,1.0,0.5650132894515991,gaze_mask,0.10763715207576752,0.06387511640787125,0.5605294704437256,-0.004483819007873535
70,P08,P08-20240614-085000,6441,1.0,1.0,0.5650132894515991,gaze_zero,0.15263347327709198,0.09489941596984863,0.559628963470459,-0.005384325981140137
70,P08,P08-20240614-085000,6441,1.0,1.0,0.5650132894515991,gaze_shuffle_time,0.041640330106019974,0.030554400756955147,0.5644105076789856,-0.0006027817726135254
70,P08,P08-20240614-085000,6441,1.0,1.0,0.5650132894515991,hand_swap,0.07481355965137482,0.09332694113254547,0.5678465366363525,0.002833247184753418
70,P08,P08-20240614-085000,6441,1.0,1.0,0.5650132894515991,hand_mask,0.10998531430959702,0.084303118288517,0.5699475407600403,0.004934251308441162
70,P08,P08-20240614-085000,6441,1.0,1.0,0.5650132894515991,hand_shuffle_time,0.015664126724004745,0.014343787916004658,0.5645673871040344,-0.00044590234756469727
70,P08,P08-20240614-085000,6441,1.0,1.0,0.5650132894515991,both_mask,0.12158892303705215,0.09807693213224411,0.5669550895690918,0.0019418001174926758
70,P08,P08-20240614-085000,6441,1.0,1.0,0.5650132894515991,gaze_yaw_1deg,0.003648084122687578,0.0023165761958807707,0.5650001168251038,-1.3172626495361328e-05
70,P08,P08-20240614-085000,6441,1.0,1.0,0.5650132894515991,gaze_yaw_2deg,0.006487331818789244,0.00419327849522233,0.5649556517601013,-5.7637691497802734e-05
70,P08,P08-20240614-085000,6441,1.0,1.0,0.5650132894515991,gaze_yaw_5deg,0.013338623568415642,0.00943915918469429,0.5646886229515076,-0.00032466650009155273
70,P08,P08-20240614-085000,6441,1.0,1.0,0.5650132894515991,gaze_yaw_10deg,0.02209041640162468,0.01772749237716198,0.5644350051879883,-0.0005782842636108398
70,P08,P08-20240614-085000,6441,1.0,1.0,0.5650132894515991,gaze_yaw_20deg,0.036129631102085114,0.03854837641119957,0.5627505779266357,-0.002262711524963379
70,P08,P08-20240614-085000,6441,1.0,1.0,0.5650132894515991,gaze_yaw_45deg,0.09940965473651886,0.06649135053157806,0.5612012147903442,-0.003812074661254883
70,P08,P08-20240614-085000,6441,1.0,1.0,0.5650132894515991,video_swap,0.7803532481193542,0.7744390964508057,0.8717682957649231,0.306755006313324
71,P08,P08-20240614-085000,17554,1.0,1.0,0.4910779595375061,real,0.0,0.0,0.4910779595375061,0.0
71,P08,P08-20240614-085000,17554,1.0,1.0,0.4910779595375061,identity,0.0,0.0,0.4910779595375061,0.0
71,P08,P08-20240614-085000,17554,1.0,1.0,0.4910779595375061,gaze_swap,0.030397698283195496,0.03252929449081421,0.49256351590156555,0.0014855563640594482
71,P08,P08-20240614-085000,17554,1.0,1.0,0.4910779595375061,gaze_mask,0.17704381048679352,0.1364421844482422,0.48804062604904175,-0.0030373334884643555
71,P08,P08-20240614-085000,17554,1.0,1.0,0.4910779595375061,gaze_zero,0.24656569957733154,0.17880287766456604,0.49582070112228394,0.004742741584777832
71,P08,P08-20240614-085000,17554,1.0,1.0,0.4910779595375061,gaze_shuffle_time,0.03827708214521408,0.029234783723950386,0.49453043937683105,0.003452479839324951
71,P08,P08-20240614-085000,17554,1.0,1.0,0.4910779595375061,hand_swap,0.0629538744688034,0.09923107922077179,0.49555709958076477,0.004479140043258667
71,P08,P08-20240614-085000,17554,1.0,1.0,0.4910779595375061,hand_mask,0.11229923367500305,0.11620084196329117,0.5060763955116272,0.014998435974121094
71,P08,P08-20240614-085000,17554,1.0,1.0,0.4910779595375061,hand_shuffle_time,0.07878757268190384,0.10083569586277008,0.4986163079738617,0.007538348436355591
71,P08,P08-20240614-085000,17554,1.0,1.0,0.4910779595375061,both_mask,0.09592093527317047,0.1559911072254181,0.4990943372249603,0.008016377687454224
71,P08,P08-20240614-085000,17554,1.0,1.0,0.4910779595375061,gaze_yaw_1deg,0.00323428469710052,0.0028075401205569506,0.49075543880462646,-0.00032252073287963867
71,P08,P08-20240614-085000,17554,1.0,1.0,0.4910779595375061,gaze_yaw_2deg,0.006592081859707832,0.005848987493664026,0.4904259145259857,-0.0006520450115203857
71,P08,P08-20240614-085000,17554,1.0,1.0,0.4910779595375061,gaze_yaw_5deg,0.019209980964660645,0.016182130202651024,0.4891676902770996,-0.0019102692604064941
71,P08,P08-20240614-085000,17554,1.0,1.0,0.4910779595375061,gaze_yaw_10deg,0.054638203233480453,0.04037671536207199,0.48602062463760376,-0.005057334899902344
71,P08,P08-20240614-085000,17554,1.0,1.0,0.4910779595375061,gaze_yaw_20deg,0.12215378135442734,0.0995962992310524,0.48511645197868347,-0.005961507558822632
71,P08,P08-20240614-085000,17554,1.0,1.0,0.4910779595375061,gaze_yaw_45deg,0.18887558579444885,0.14285477995872498,0.4898735582828522,-0.0012044012546539307
71,P08,P08-20240614-085000,17554,1.0,1.0,0.4910779595375061,video_swap,0.6707752346992493,0.6820654273033142,0.7655718922615051,0.274493932723999
72,P08,P08-20240614-125650,8786,1.0,1.0,0.44587215781211853,real,0.0,0.0,0.44587215781211853,0.0
72,P08,P08-20240614-125650,8786,1.0,1.0,0.44587215781211853,identity,0.0,0.0,0.44587215781211853,0.0
72,P08,P08-20240614-125650,8786,1.0,1.0,0.44587215781211853,gaze_swap,0.05311531201004982,0.06940877437591553,0.44518497586250305,-0.0006871819496154785
72,P08,P08-20240614-125650,8786,1.0,1.0,0.44587215781211853,gaze_mask,0.14195796847343445,0.1157568022608757,0.438159316778183,-0.007712841033935547
72,P08,P08-20240614-125650,8786,1.0,1.0,0.44587215781211853,gaze_zero,0.14671263098716736,0.12543940544128418,0.43376603722572327,-0.012106120586395264
72,P08,P08-20240614-125650,8786,1.0,1.0,0.44587215781211853,gaze_shuffle_time,0.005410898942500353,0.0045397402718663216,0.4455152153968811,-0.00035694241523742676
72,P08,P08-20240614-125650,8786,1.0,1.0,0.44587215781211853,hand_swap,0.0211422648280859,0.03416138514876366,0.44554686546325684,-0.00032529234886169434
72,P08,P08-20240614-125650,8786,1.0,1.0,0.44587215781211853,hand_mask,0.08557358384132385,0.0937938541173935,0.44356703758239746,-0.0023051202297210693
72,P08,P08-20240614-125650,8786,1.0,1.0,0.44587215781211853,hand_shuffle_time,0.008316084742546082,0.013944120146334171,0.44631773233413696,0.0004455745220184326
72,P08,P08-20240614-125650,8786,1.0,1.0,0.44587215781211853,both_mask,0.1356728971004486,0.12770624458789825,0.43628576397895813,-0.0095863938331604
72,P08,P08-20240614-125650,8786,1.0,1.0,0.44587215781211853,gaze_yaw_1deg,0.0034361404832452536,0.0032226955518126488,0.4458891451358795,1.6987323760986328e-05
72,P08,P08-20240614-125650,8786,1.0,1.0,0.44587215781211853,gaze_yaw_2deg,0.006919356063008308,0.006240961607545614,0.4458449184894562,-2.7239322662353516e-05
72,P08,P08-20240614-125650,8786,1.0,1.0,0.44587215781211853,gaze_yaw_5deg,0.016718503087759018,0.014526874758303165,0.4458093047142029,-6.285309791564941e-05
72,P08,P08-20240614-125650,8786,1.0,1.0,0.44587215781211853,gaze_yaw_10deg,0.027150746434926987,0.027860939502716064,0.4460943639278412,0.00022220611572265625
72,P08,P08-20240614-125650,8786,1.0,1.0,0.44587215781211853,gaze_yaw_20deg,0.044234517961740494,0.058424677699804306,0.4448636770248413,-0.0010084807872772217
72,P08,P08-20240614-125650,8786,1.0,1.0,0.44587215781211853,gaze_yaw_45deg,0.09312219172716141,0.1088874414563179,0.4402116537094116,-0.005660504102706909
72,P08,P08-20240614-125650,8786,1.0,1.0,0.44587215781211853,video_swap,0.7082040905952454,0.7073242664337158,0.8406485319137573,0.3947763741016388
73,P08,P08-20240614-125650,25785,1.0,1.0,0.5318942070007324,real,0.0,0.0,0.5318942070007324,0.0
73,P08,P08-20240614-125650,25785,1.0,1.0,0.5318942070007324,identity,0.0,0.0,0.5318942070007324,0.0
73,P08,P08-20240614-125650,25785,1.0,1.0,0.5318942070007324,gaze_swap,0.012909166514873505,0.012215958908200264,0.531656801700592,-0.00023740530014038086
73,P08,P08-20240614-125650,25785,1.0,1.0,0.5318942070007324,gaze_mask,0.11769937723875046,0.05485086515545845,0.5332134962081909,0.001319289207458496
73,P08,P08-20240614-125650,25785,1.0,1.0,0.5318942070007324,gaze_zero,0.18547400832176208,0.08410663157701492,0.5341138243675232,0.0022196173667907715
73,P08,P08-20240614-125650,25785,1.0,1.0,0.5318942070007324,gaze_shuffle_time,0.024394139647483826,0.013757206499576569,0.532725989818573,0.0008317828178405762
73,P08,P08-20240614-125650,25785,1.0,1.0,0.5318942070007324,hand_swap,0.04923791065812111,0.04005168750882149,0.5312089920043945,-0.0006852149963378906
73,P08,P08-20240614-125650,25785,1.0,1.0,0.5318942070007324,hand_mask,0.08222761005163193,0.09311708807945251,0.5293875932693481,-0.0025066137313842773
73,P08,P08-20240614-125650,25785,1.0,1.0,0.5318942070007324,hand_shuffle_time,0.013961680233478546,0.015250363387167454,0.5322614908218384,0.00036728382110595703
73,P08,P08-20240614-125650,25785,1.0,1.0,0.5318942070007324,both_mask,0.10361278802156448,0.0929865688085556,0.5282044410705566,-0.0036897659301757812
73,P08,P08-20240614-125650,25785,1.0,1.0,0.5318942070007324,gaze_yaw_1deg,0.00344950333237648,0.002043959917500615,0.5320092439651489,0.0001150369644165039
73,P08,P08-20240614-125650,25785,1.0,1.0,0.5318942070007324,gaze_yaw_2deg,0.005500647239387035,0.0038385738153010607,0.5321166515350342,0.0002224445343017578
73,P08,P08-20240614-125650,25785,1.0,1.0,0.5318942070007324,gaze_yaw_5deg,0.016141235828399658,0.009512996301054955,0.532444953918457,0.0005507469177246094
73,P08,P08-20240614-125650,25785,1.0,1.0,0.5318942070007324,gaze_yaw_10deg,0.034121714532375336,0.018734050914645195,0.5329572558403015,0.0010630488395690918
73,P08,P08-20240614-125650,25785,1.0,1.0,0.5318942070007324,gaze_yaw_20deg,0.07191741466522217,0.03612785413861275,0.5334842801094055,0.0015900731086730957
73,P08,P08-20240614-125650,25785,1.0,1.0,0.5318942070007324,gaze_yaw_45deg,0.11238428950309753,0.05599503964185715,0.5330141186714172,0.0011199116706848145
73,P08,P08-20240614-125650,25785,1.0,1.0,0.5318942070007324,video_swap,0.7015063166618347,0.7140858769416809,0.7869203686714172,0.2550261616706848
74,P08,P08-20240614-125650,24366,1.0,1.0,0.5904218554496765,real,0.0,0.0,0.5904218554496765,0.0
74,P08,P08-20240614-125650,24366,1.0,1.0,0.5904218554496765,identity,0.0,0.0,0.5904218554496765,0.0
74,P08,P08-20240614-125650,24366,1.0,1.0,0.5904218554496765,gaze_swap,0.03850165382027626,0.03203602135181427,0.5920751094818115,0.0016532540321350098
74,P08,P08-20240614-125650,24366,1.0,1.0,0.5904218554496765,gaze_mask,0.1124991700053215,0.10316827893257141,0.5858440399169922,-0.004577815532684326
74,P08,P08-20240614-125650,24366,1.0,1.0,0.5904218554496765,gaze_zero,0.15466618537902832,0.12434889376163483,0.583496630191803,-0.006925225257873535
74,P08,P08-20240614-125650,24366,1.0,1.0,0.5904218554496765,gaze_shuffle_time,0.020623117685317993,0.03674522414803505,0.5893322229385376,-0.001089632511138916
74,P08,P08-20240614-125650,24366,1.0,1.0,0.5904218554496765,hand_swap,0.05988215282559395,0.06638937443494797,0.5887118577957153,-0.0017099976539611816
74,P08,P08-20240614-125650,24366,1.0,1.0,0.5904218554496765,hand_mask,0.0936647430062294,0.09302602708339691,0.5918980836868286,0.0014762282371520996
74,P08,P08-20240614-125650,24366,1.0,1.0,0.5904218554496765,hand_shuffle_time,0.07707830518484116,0.07713384181261063,0.5910895466804504,0.0006676912307739258
74,P08,P08-20240614-125650,24366,1.0,1.0,0.5904218554496765,both_mask,0.1336563676595688,0.1041886955499649,0.5848953127861023,-0.005526542663574219
74,P08,P08-20240614-125650,24366,1.0,1.0,0.5904218554496765,gaze_yaw_1deg,0.0021556871943175793,0.003137551713734865,0.5904801487922668,5.829334259033203e-05
74,P08,P08-20240614-125650,24366,1.0,1.0,0.5904218554496765,gaze_yaw_2deg,0.004058984108269215,0.005815187003463507,0.5905173420906067,9.548664093017578e-05
74,P08,P08-20240614-125650,24366,1.0,1.0,0.5904218554496765,gaze_yaw_5deg,0.009941646829247475,0.011099910363554955,0.590658962726593,0.0002371072769165039
74,P08,P08-20240614-125650,24366,1.0,1.0,0.5904218554496765,gaze_yaw_10deg,0.01730308122932911,0.01702345907688141,0.5904483199119568,2.6464462280273438e-05
74,P08,P08-20240614-125650,24366,1.0,1.0,0.5904218554496765,gaze_yaw_20deg,0.031324680894613266,0.024875227361917496,0.5891839861869812,-0.0012378692626953125
74,P08,P08-20240614-125650,24366,1.0,1.0,0.5904218554496765,gaze_yaw_45deg,0.07615940272808075,0.07921675592660904,0.5860282778739929,-0.004393577575683594
74,P08,P08-20240614-125650,24366,1.0,1.0,0.5904218554496765,video_swap,0.6576671600341797,0.690445601940155,0.7974874377250671,0.20706558227539062
75,P08,P08-20240614-125650,7226,1.0,1.0,0.5352978706359863,real,0.0,0.0,0.5352978706359863,0.0
75,P08,P08-20240614-125650,7226,1.0,1.0,0.5352978706359863,identity,0.0,0.0,0.5352978706359863,0.0
75,P08,P08-20240614-125650,7226,1.0,1.0,0.5352978706359863,gaze_swap,0.0682503953576088,0.06668203324079514,0.5314028859138489,-0.003894984722137451
75,P08,P08-20240614-125650,7226,1.0,1.0,0.5352978706359863,gaze_mask,0.24344150722026825,0.1430075317621231,0.5262455940246582,-0.009052276611328125
75,P08,P08-20240614-125650,7226,1.0,1.0,0.5352978706359863,gaze_zero,0.23119661211967468,0.1389603614807129,0.5236039757728577,-0.011693894863128662
75,P08,P08-20240614-125650,7226,1.0,1.0,0.5352978706359863,gaze_shuffle_time,0.06720339506864548,0.042882442474365234,0.529440701007843,-0.0058571696281433105
75,P08,P08-20240614-125650,7226,1.0,1.0,0.5352978706359863,hand_swap,0.044696956872940063,0.056015755981206894,0.5404025316238403,0.005104660987854004
75,P08,P08-20240614-125650,7226,1.0,1.0,0.5352978706359863,hand_mask,0.08576908707618713,0.09226897358894348,0.5392636656761169,0.003965795040130615
75,P08,P08-20240614-125650,7226,1.0,1.0,0.5352978706359863,hand_shuffle_time,0.047806303948163986,0.04061015322804451,0.5387500524520874,0.0034521818161010742
75,P08,P08-20240614-125650,7226,1.0,1.0,0.5352978706359863,both_mask,0.17726153135299683,0.13507376611232758,0.530672013759613,-0.004625856876373291
75,P08,P08-20240614-125650,7226,1.0,1.0,0.5352978706359863,gaze_yaw_1deg,0.004182407166808844,0.0025778322014957666,0.5353145599365234,1.6689300537109375e-05
75,P08,P08-20240614-125650,7226,1.0,1.0,0.5352978706359863,gaze_yaw_2deg,0.008323254995048046,0.005988263059407473,0.5354697108268738,0.00017184019088745117
75,P08,P08-20240614-125650,7226,1.0,1.0,0.5352978706359863,gaze_yaw_5deg,0.018585091456770897,0.012536801397800446,0.5351867079734802,-0.00011116266250610352
75,P08,P08-20240614-125650,7226,1.0,1.0,0.5352978706359863,gaze_yaw_10deg,0.032604411244392395,0.022340523079037666,0.5343625545501709,-0.0009353160858154297
75,P08,P08-20240614-125650,7226,1.0,1.0,0.5352978706359863,gaze_yaw_20deg,0.07474737614393234,0.04822388291358948,0.5296744704246521,-0.0056234002113342285
75,P08,P08-20240614-125650,7226,1.0,1.0,0.5352978706359863,gaze_yaw_45deg,0.15792179107666016,0.10480033606290817,0.5271997451782227,-0.008098125457763672
75,P08,P08-20240614-125650,7226,1.0,1.0,0.5352978706359863,video_swap,0.6918229460716248,0.7113010287284851,0.8320474624633789,0.2967495918273926
76,P08,P08-20240614-125650,279,1.0,1.0,0.6443131566047668,real,0.0,0.0,0.6443131566047668,0.0
76,P08,P08-20240614-125650,279,1.0,1.0,0.6443131566047668,identity,0.0,0.0,0.6443131566047668,0.0
76,P08,P08-20240614-125650,279,1.0,1.0,0.6443131566047668,gaze_swap,0.04513349011540413,0.05016380548477173,0.6450822353363037,0.0007690787315368652
76,P08,P08-20240614-125650,279,1.0,1.0,0.6443131566047668,gaze_mask,0.13424047827720642,0.10355070978403091,0.6483789086341858,0.004065752029418945
76,P08,P08-20240614-125650,279,1.0,1.0,0.6443131566047668,gaze_zero,0.09785837680101395,0.06777407974004745,0.6426081657409668,-0.0017049908638000488
76,P08,P08-20240614-125650,279,1.0,1.0,0.6443131566047668,gaze_shuffle_time,0.040956709533929825,0.03576572984457016,0.6420695185661316,-0.002243638038635254
76,P08,P08-20240614-125650,279,1.0,1.0,0.6443131566047668,hand_swap,0.10896051675081253,0.10815761238336563,0.6400697231292725,-0.004243433475494385
76,P08,P08-20240614-125650,279,1.0,1.0,0.6443131566047668,hand_mask,0.1137043833732605,0.10879399627447128,0.6409734487533569,-0.003339707851409912
76,P08,P08-20240614-125650,279,1.0,1.0,0.6443131566047668,hand_shuffle_time,0.03246871009469032,0.024671701714396477,0.6427357196807861,-0.0015774369239807129
76,P08,P08-20240614-125650,279,1.0,1.0,0.6443131566047668,both_mask,0.12551873922348022,0.11864367872476578,0.6396713256835938,-0.004641830921173096
76,P08,P08-20240614-125650,279,1.0,1.0,0.6443131566047668,gaze_yaw_1deg,0.003813638351857662,0.003019484458491206,0.6438519358634949,-0.00046122074127197266
76,P08,P08-20240614-125650,279,1.0,1.0,0.6443131566047668,gaze_yaw_2deg,0.009143653325736523,0.005497460253536701,0.6435648798942566,-0.0007482767105102539
76,P08,P08-20240614-125650,279,1.0,1.0,0.6443131566047668,gaze_yaw_5deg,0.01892915368080139,0.012670583091676235,0.6434788703918457,-0.0008342862129211426
76,P08,P08-20240614-125650,279,1.0,1.0,0.6443131566047668,gaze_yaw_10deg,0.028847413137555122,0.022358007729053497,0.6426507830619812,-0.0016623735427856445
76,P08,P08-20240614-125650,279,1.0,1.0,0.6443131566047668,gaze_yaw_20deg,0.04536238685250282,0.03616716340184212,0.6415085792541504,-0.002804577350616455
76,P08,P08-20240614-125650,279,1.0,1.0,0.6443131566047668,gaze_yaw_45deg,0.06664051115512848,0.06831221282482147,0.6436087489128113,-0.0007044076919555664
76,P08,P08-20240614-125650,279,1.0,1.0,0.6443131566047668,video_swap,0.8248951435089111,0.7626564502716064,1.0067943334579468,0.36248117685317993
77,P08,P08-20240614-125650,27029,1.0,0.25,0.637461245059967,real,0.0,0.0,0.637461245059967,0.0
77,P08,P08-20240614-125650,27029,1.0,0.25,0.637461245059967,identity,0.0,0.0,0.637461245059967,0.0
77,P08,P08-20240614-125650,27029,1.0,0.25,0.637461245059967,gaze_swap,0.03404242545366287,0.0402442030608654,0.637717604637146,0.0002563595771789551
77,P08,P08-20240614-125650,27029,1.0,0.25,0.637461245059967,gaze_mask,0.09292898327112198,0.06860825419425964,0.6322925686836243,-0.0051686763763427734
77,P08,P08-20240614-125650,27029,1.0,0.25,0.637461245059967,gaze_zero,0.11065596342086792,0.07428813725709915,0.6317297220230103,-0.005731523036956787
77,P08,P08-20240614-125650,27029,1.0,0.25,0.637461245059967,gaze_shuffle_time,0.03763292729854584,0.02954915538430214,0.6382501721382141,0.0007889270782470703
77,P08,P08-20240614-125650,27029,1.0,0.25,0.637461245059967,hand_swap,0.10260065644979477,0.1075994223356247,0.6382328867912292,0.000771641731262207
77,P08,P08-20240614-125650,27029,1.0,0.25,0.637461245059967,hand_mask,0.09507215768098831,0.04216109961271286,0.6388270854949951,0.0013658404350280762
77,P08,P08-20240614-125650,27029,1.0,0.25,0.637461245059967,hand_shuffle_time,0.10712875425815582,0.06901497393846512,0.638451337814331,0.0009900927543640137
77,P08,P08-20240614-125650,27029,1.0,0.25,0.637461245059967,both_mask,0.11803154647350311,0.077013298869133,0.6370878219604492,-0.00037342309951782227
77,P08,P08-20240614-125650,27029,1.0,0.25,0.637461245059967,gaze_yaw_1deg,0.006562206894159317,0.004535888787358999,0.6373602151870728,-0.00010102987289428711
77,P08,P08-20240614-125650,27029,1.0,0.25,0.637461245059967,gaze_yaw_2deg,0.00876183807849884,0.006958416663110256,0.6372802257537842,-0.00018101930618286133
77,P08,P08-20240614-125650,27029,1.0,0.25,0.637461245059967,gaze_yaw_5deg,0.015693195164203644,0.015044154599308968,0.6370179653167725,-0.0004432797431945801
77,P08,P08-20240614-125650,27029,1.0,0.25,0.637461245059967,gaze_yaw_10deg,0.02635810151696205,0.028314640745520592,0.6367799043655396,-0.0006813406944274902
77,P08,P08-20240614-125650,27029,1.0,0.25,0.637461245059967,gaze_yaw_20deg,0.04660780727863312,0.03857804089784622,0.6357991695404053,-0.0016620755195617676
77,P08,P08-20240614-125650,27029,1.0,0.25,0.637461245059967,gaze_yaw_45deg,0.08812393993139267,0.06289056688547134,0.6335998773574829,-0.003861367702484131
77,P08,P08-20240614-125650,27029,1.0,0.25,0.637461245059967,video_swap,0.8037018179893494,0.755215048789978,0.9539695382118225,0.31650829315185547
78,P08,P08-20240614-125650,22279,1.0,1.0,1.0185121297836304,real,0.0,0.0,1.0185121297836304,0.0
78,P08,P08-20240614-125650,22279,1.0,1.0,1.0185121297836304,identity,0.0,0.0,1.0185121297836304,0.0
78,P08,P08-20240614-125650,22279,1.0,1.0,1.0185121297836304,gaze_swap,0.033248256891965866,0.014634820632636547,1.0130711793899536,-0.005440950393676758
78,P08,P08-20240614-125650,22279,1.0,1.0,1.0185121297836304,gaze_mask,0.07209125906229019,0.04718339815735817,1.0113680362701416,-0.0071440935134887695
78,P08,P08-20240614-125650,22279,1.0,1.0,1.0185121297836304,gaze_zero,0.08124029636383057,0.04949221387505531,1.0111740827560425,-0.007338047027587891
78,P08,P08-20240614-125650,22279,1.0,1.0,1.0185121297836304,gaze_shuffle_time,0.04101070016622543,0.04654160887002945,1.0126686096191406,-0.005843520164489746
78,P08,P08-20240614-125650,22279,1.0,1.0,1.0185121297836304,hand_swap,0.024051297456026077,0.022988250479102135,1.0236328840255737,0.005120754241943359
78,P08,P08-20240614-125650,22279,1.0,1.0,1.0185121297836304,hand_mask,0.09344714879989624,0.10392741113901138,1.028892993927002,0.010380864143371582
78,P08,P08-20240614-125650,22279,1.0,1.0,1.0185121297836304,hand_shuffle_time,0.013053089380264282,0.021116144955158234,1.019098162651062,0.0005860328674316406
78,P08,P08-20240614-125650,22279,1.0,1.0,1.0185121297836304,both_mask,0.12561729550361633,0.12203505635261536,1.0193127393722534,0.0008006095886230469
78,P08,P08-20240614-125650,22279,1.0,1.0,1.0185121297836304,gaze_yaw_1deg,0.0033724424429237843,0.0019202691037207842,1.018399953842163,-0.00011217594146728516
78,P08,P08-20240614-125650,22279,1.0,1.0,1.0185121297836304,gaze_yaw_2deg,0.006310572847723961,0.003663919400423765,1.0183168649673462,-0.0001952648162841797
78,P08,P08-20240614-125650,22279,1.0,1.0,1.0185121297836304,gaze_yaw_5deg,0.012428122572600842,0.007827465422451496,1.018042802810669,-0.0004693269729614258
78,P08,P08-20240614-125650,22279,1.0,1.0,1.0185121297836304,gaze_yaw_10deg,0.019440922886133194,0.01302106399089098,1.0174232721328735,-0.001088857650756836
78,P08,P08-20240614-125650,22279,1.0,1.0,1.0185121297836304,gaze_yaw_20deg,0.031171249225735664,0.021450186148285866,1.0161755084991455,-0.0023366212844848633
78,P08,P08-20240614-125650,22279,1.0,1.0,1.0185121297836304,gaze_yaw_45deg,0.05031246319413185,0.03330408036708832,1.014151692390442,-0.0043604373931884766
78,P08,P08-20240614-125650,22279,1.0,1.0,1.0185121297836304,video_swap,0.8301888108253479,0.7549498677253723,0.9795787334442139,-0.038933396339416504
79,P08,P08-20240614-125650,31611,1.0,1.0,0.5825822949409485,real,0.0,0.0,0.5825822949409485,0.0
79,P08,P08-20240614-125650,31611,1.0,1.0,0.5825822949409485,identity,0.0,0.0,0.5825822949409485,0.0
79,P08,P08-20240614-125650,31611,1.0,1.0,0.5825822949409485,gaze_swap,0.13132312893867493,0.08317945152521133,0.5685334801673889,-0.01404881477355957
79,P08,P08-20240614-125650,31611,1.0,1.0,0.5825822949409485,gaze_mask,0.13026948273181915,0.07664235681295395,0.597941517829895,0.015359222888946533
79,P08,P08-20240614-125650,31611,1.0,1.0,0.5825822949409485,gaze_zero,0.09981667250394821,0.07563815265893936,0.5869132876396179,0.004330992698669434
79,P08,P08-20240614-125650,31611,1.0,1.0,0.5825822949409485,gaze_shuffle_time,0.018012894317507744,0.016687817871570587,0.5809482932090759,-0.0016340017318725586
79,P08,P08-20240614-125650,31611,1.0,1.0,0.5825822949409485,hand_swap,0.10006006062030792,0.07297734171152115,0.5895514488220215,0.006969153881072998
79,P08,P08-20240614-125650,31611,1.0,1.0,0.5825822949409485,hand_mask,0.14566881954669952,0.13968981802463531,0.5837815999984741,0.0011993050575256348
79,P08,P08-20240614-125650,31611,1.0,1.0,0.5825822949409485,hand_shuffle_time,0.008538179099559784,0.007849369198083878,0.5828195214271545,0.0002372264862060547
79,P08,P08-20240614-125650,31611,1.0,1.0,0.5825822949409485,both_mask,0.16772732138633728,0.15179316699504852,0.5866614580154419,0.004079163074493408
79,P08,P08-20240614-125650,31611,1.0,1.0,0.5825822949409485,gaze_yaw_1deg,0.0026313471607863903,0.0018292467575520277,0.5825510025024414,-3.129243850708008e-05
79,P08,P08-20240614-125650,31611,1.0,1.0,0.5825822949409485,gaze_yaw_2deg,0.003918643109500408,0.0033655399456620216,0.5827333331108093,0.00015103816986083984
79,P08,P08-20240614-125650,31611,1.0,1.0,0.5825822949409485,gaze_yaw_5deg,0.009291848167777061,0.007748307194560766,0.5831677317619324,0.0005854368209838867
79,P08,P08-20240614-125650,31611,1.0,1.0,0.5825822949409485,gaze_yaw_10deg,0.016691312193870544,0.013337450101971626,0.5835803151130676,0.0009980201721191406
79,P08,P08-20240614-125650,31611,1.0,1.0,0.5825822949409485,gaze_yaw_20deg,0.03637946397066116,0.02394452877342701,0.5860012173652649,0.0034189224243164062
79,P08,P08-20240614-125650,31611,1.0,1.0,0.5825822949409485,gaze_yaw_45deg,0.07160859555006027,0.043461479246616364,0.5893754363059998,0.0067931413650512695
79,P08,P08-20240614-125650,31611,1.0,1.0,0.5825822949409485,video_swap,0.9036121368408203,0.7772462368011475,1.0556639432907104,0.47308164834976196
80,P08,P08-20240614-125650,28378,1.0,1.0,0.6835887432098389,real,0.0,0.0,0.6835887432098389,0.0
80,P08,P08-20240614-125650,28378,1.0,1.0,0.6835887432098389,identity,0.0,0.0,0.6835887432098389,0.0
80,P08,P08-20240614-125650,28378,1.0,1.0,0.6835887432098389,gaze_swap,0.1022925153374672,0.06861377507448196,0.6980301737785339,0.014441430568695068
80,P08,P08-20240614-125650,28378,1.0,1.0,0.6835887432098389,gaze_mask,0.2156432718038559,0.11704432964324951,0.7263807058334351,0.04279196262359619
80,P08,P08-20240614-125650,28378,1.0,1.0,0.6835887432098389,gaze_zero,0.22395682334899902,0.10262720286846161,0.7276108860969543,0.04402214288711548
80,P08,P08-20240614-125650,28378,1.0,1.0,0.6835887432098389,gaze_shuffle_time,0.10306376218795776,0.039979301393032074,0.6982057690620422,0.01461702585220337
80,P08,P08-20240614-125650,28378,1.0,1.0,0.6835887432098389,hand_swap,0.08881815522909164,0.07240854948759079,0.6948534846305847,0.01126474142074585
80,P08,P08-20240614-125650,28378,1.0,1.0,0.6835887432098389,hand_mask,0.1451178640127182,0.11279702931642532,0.6985743045806885,0.01498556137084961
80,P08,P08-20240614-125650,28378,1.0,1.0,0.6835887432098389,hand_shuffle_time,0.23826678097248077,0.09114554524421692,0.6601457595825195,-0.023442983627319336
80,P08,P08-20240614-125650,28378,1.0,1.0,0.6835887432098389,both_mask,0.19035272300243378,0.14083035290241241,0.7112317681312561,0.027643024921417236
80,P08,P08-20240614-125650,28378,1.0,1.0,0.6835887432098389,gaze_yaw_1deg,0.02043174020946026,0.008018179796636105,0.6820258498191833,-0.0015628933906555176
80,P08,P08-20240614-125650,28378,1.0,1.0,0.6835887432098389,gaze_yaw_2deg,0.02948673814535141,0.01207063440233469,0.6815406680107117,-0.0020480751991271973
80,P08,P08-20240614-125650,28378,1.0,1.0,0.6835887432098389,gaze_yaw_5deg,0.055891960859298706,0.02490701526403427,0.6798177361488342,-0.0037710070610046387
80,P08,P08-20240614-125650,28378,1.0,1.0,0.6835887432098389,gaze_yaw_10deg,0.0675600990653038,0.04069303721189499,0.6811650991439819,-0.0024236440658569336
80,P08,P08-20240614-125650,28378,1.0,1.0,0.6835887432098389,gaze_yaw_20deg,0.09458354860544205,0.06856358796358109,0.6958785653114319,0.012289822101593018
80,P08,P08-20240614-125650,28378,1.0,1.0,0.6835887432098389,gaze_yaw_45deg,0.2129356414079666,0.10716594755649567,0.7259793877601624,0.042390644550323486
80,P08,P08-20240614-125650,28378,1.0,1.0,0.6835887432098389,video_swap,0.8284222483634949,0.6859512329101562,0.8817468285560608,0.19815808534622192
81,P08,P08-20240614-125650,19116,1.0,1.0,0.4981227517127991,real,0.0,0.0,0.4981227517127991,0.0
81,P08,P08-20240614-125650,19116,1.0,1.0,0.4981227517127991,identity,0.0,0.0,0.4981227517127991,0.0
81,P08,P08-20240614-125650,19116,1.0,1.0,0.4981227517127991,gaze_swap,0.03655315563082695,0.017060156911611557,0.5023320913314819,0.004209339618682861
81,P08,P08-20240614-125650,19116,1.0,1.0,0.4981227517127991,gaze_mask,0.14667277038097382,0.0715186670422554,0.5166031718254089,0.018480420112609863
81,P08,P08-20240614-125650,19116,1.0,1.0,0.4981227517127991,gaze_zero,0.19684156775474548,0.0975324809551239,0.5262332558631897,0.028110504150390625
81,P08,P08-20240614-125650,19116,1.0,1.0,0.4981227517127991,gaze_shuffle_time,0.02011006511747837,0.010987460613250732,0.4959946572780609,-0.002128094434738159
81,P08,P08-20240614-125650,19116,1.0,1.0,0.4981227517127991,hand_swap,0.1707185059785843,0.08934735506772995,0.48679691553115845,-0.011325836181640625
81,P08,P08-20240614-125650,19116,1.0,1.0,0.4981227517127991,hand_mask,0.11625301837921143,0.08612432330846786,0.48845258355140686,-0.009670168161392212
81,P08,P08-20240614-125650,19116,1.0,1.0,0.4981227517127991,hand_shuffle_time,0.006596358958631754,0.005952493753284216,0.4984247088432312,0.0003019571304321289
81,P08,P08-20240614-125650,19116,1.0,1.0,0.4981227517127991,both_mask,0.12011139839887619,0.09606840461492538,0.5078137516975403,0.009690999984741211
81,P08,P08-20240614-125650,19116,1.0,1.0,0.4981227517127991,gaze_yaw_1deg,0.004631648771464825,0.002328125759959221,0.4986617863178253,0.0005390346050262451
81,P08,P08-20240614-125650,19116,1.0,1.0,0.4981227517127991,gaze_yaw_2deg,0.010558444075286388,0.004976595751941204,0.4994150698184967,0.0012923181056976318
81,P08,P08-20240614-125650,19116,1.0,1.0,0.4981227517127991,gaze_yaw_5deg,0.02601923793554306,0.012007204815745354,0.5013529062271118,0.003230154514312744
81,P08,P08-20240614-125650,19116,1.0,1.0,0.4981227517127991,gaze_yaw_10deg,0.049827829003334045,0.022764306515455246,0.5044674277305603,0.0063446760177612305
81,P08,P08-20240614-125650,19116,1.0,1.0,0.4981227517127991,gaze_yaw_20deg,0.10029890388250351,0.04435810446739197,0.511178195476532,0.01305544376373291
81,P08,P08-20240614-125650,19116,1.0,1.0,0.4981227517127991,gaze_yaw_45deg,0.16093462705612183,0.07097592949867249,0.521087646484375,0.022964894771575928
81,P08,P08-20240614-125650,19116,1.0,1.0,0.4981227517127991,video_swap,0.8531472086906433,0.7395599484443665,0.9205485582351685,0.4224258065223694
82,P08,P08-20240614-125650,22926,1.0,1.0,0.564522922039032,real,0.0,0.0,0.564522922039032,0.0
82,P08,P08-20240614-125650,22926,1.0,1.0,0.564522922039032,identity,0.0,0.0,0.564522922039032,0.0
82,P08,P08-20240614-125650,22926,1.0,1.0,0.564522922039032,gaze_swap,0.06235199049115181,0.04128696396946907,0.5639524459838867,-0.0005704760551452637
82,P08,P08-20240614-125650,22926,1.0,1.0,0.564522922039032,gaze_mask,0.0995946004986763,0.05115436762571335,0.5693653225898743,0.004842400550842285
82,P08,P08-20240614-125650,22926,1.0,1.0,0.564522922039032,gaze_zero,0.10929753631353378,0.06662784516811371,0.5668689608573914,0.002346038818359375
82,P08,P08-20240614-125650,22926,1.0,1.0,0.564522922039032,gaze_shuffle_time,0.01891559734940529,0.012201297096908092,0.5643101930618286,-0.00021272897720336914
82,P08,P08-20240614-125650,22926,1.0,1.0,0.564522922039032,hand_swap,0.1247556135058403,0.12390311062335968,0.5621796250343323,-0.002343297004699707
82,P08,P08-20240614-125650,22926,1.0,1.0,0.564522922039032,hand_mask,0.10763567686080933,0.10041490197181702,0.5610952973365784,-0.0034276247024536133
82,P08,P08-20240614-125650,22926,1.0,1.0,0.564522922039032,hand_shuffle_time,0.012488968670368195,0.01399173028767109,0.564821183681488,0.0002982616424560547
82,P08,P08-20240614-125650,22926,1.0,1.0,0.564522922039032,both_mask,0.13096599280834198,0.12125193327665329,0.5617275834083557,-0.0027953386306762695
82,P08,P08-20240614-125650,22926,1.0,1.0,0.564522922039032,gaze_yaw_1deg,0.0031362297013401985,0.0024545311462134123,0.5647248029708862,0.00020188093185424805
82,P08,P08-20240614-125650,22926,1.0,1.0,0.564522922039032,gaze_yaw_2deg,0.006294797640293837,0.0048106517642736435,0.5649296641349792,0.0004067420959472656
82,P08,P08-20240614-125650,22926,1.0,1.0,0.564522922039032,gaze_yaw_5deg,0.015243842266499996,0.011008293367922306,0.5655713081359863,0.0010483860969543457
82,P08,P08-20240614-125650,22926,1.0,1.0,0.564522922039032,gaze_yaw_10deg,0.030407527461647987,0.020191866904497147,0.5665763020515442,0.002053380012512207
82,P08,P08-20240614-125650,22926,1.0,1.0,0.564522922039032,gaze_yaw_20deg,0.05941552668809891,0.034486036747694016,0.5679765939712524,0.003453671932220459
82,P08,P08-20240614-125650,22926,1.0,1.0,0.564522922039032,gaze_yaw_45deg,0.08937162160873413,0.0525403656065464,0.5688490867614746,0.004326164722442627
82,P08,P08-20240614-125650,22926,1.0,1.0,0.564522922039032,video_swap,0.8214523196220398,0.7741281390190125,0.9153100252151489,0.35078710317611694
83,P08,P08-20240614-125650,6554,1.0,0.625,0.7078869938850403,real,0.0,0.0,0.7078869938850403,0.0
83,P08,P08-20240614-125650,6554,1.0,0.625,0.7078869938850403,identity,0.0,0.0,0.7078869938850403,0.0
83,P08,P08-20240614-125650,6554,1.0,0.625,0.7078869938850403,gaze_swap,0.03911678493022919,0.08552636951208115,0.7077839374542236,-0.00010305643081665039
83,P08,P08-20240614-125650,6554,1.0,0.625,0.7078869938850403,gaze_mask,0.08928661048412323,0.16629992425441742,0.7065045833587646,-0.0013824105262756348
83,P08,P08-20240614-125650,6554,1.0,0.625,0.7078869938850403,gaze_zero,0.17682652175426483,0.17737242579460144,0.70871502161026,0.0008280277252197266
83,P08,P08-20240614-125650,6554,1.0,0.625,0.7078869938850403,gaze_shuffle_time,0.041931137442588806,0.08099306374788284,0.7054122090339661,-0.0024747848510742188
83,P08,P08-20240614-125650,6554,1.0,0.625,0.7078869938850403,hand_swap,0.15159478783607483,0.1039087176322937,0.7122766375541687,0.004389643669128418
83,P08,P08-20240614-125650,6554,1.0,0.625,0.7078869938850403,hand_mask,0.09716786444187164,0.07213083654642105,0.7112134695053101,0.0033264756202697754
83,P08,P08-20240614-125650,6554,1.0,0.625,0.7078869938850403,hand_shuffle_time,0.05271666496992111,0.07133370637893677,0.7074971199035645,-0.0003898739814758301
83,P08,P08-20240614-125650,6554,1.0,0.625,0.7078869938850403,both_mask,0.1611916571855545,0.11563436686992645,0.7158991098403931,0.008012115955352783
83,P08,P08-20240614-125650,6554,1.0,0.625,0.7078869938850403,gaze_yaw_1deg,0.003718422260135412,0.002909368835389614,0.7076870799064636,-0.00019991397857666016
83,P08,P08-20240614-125650,6554,1.0,0.625,0.7078869938850403,gaze_yaw_2deg,0.006328093819320202,0.0053048268891870975,0.7074950933456421,-0.00039190053939819336
83,P08,P08-20240614-125650,6554,1.0,0.625,0.7078869938850403,gaze_yaw_5deg,0.016644388437271118,0.012672506272792816,0.7069665193557739,-0.0009204745292663574
83,P08,P08-20240614-125650,6554,1.0,0.625,0.7078869938850403,gaze_yaw_10deg,0.03288755565881729,0.026735125109553337,0.7063466906547546,-0.0015403032302856445
83,P08,P08-20240614-125650,6554,1.0,0.625,0.7078869938850403,gaze_yaw_20deg,0.09273741394281387,0.07011312246322632,0.7062535285949707,-0.00163346529006958
83,P08,P08-20240614-125650,6554,1.0,0.625,0.7078869938850403,gaze_yaw_45deg,0.1577194631099701,0.14033418893814087,0.7079309225082397,4.392862319946289e-05
83,P08,P08-20240614-125650,6554,1.0,0.625,0.7078869938850403,video_swap,0.7853811383247375,0.7384010553359985,1.013732671737671,0.3058456778526306
84,P08,P08-20240614-125650,1707,1.0,1.0,0.6434004306793213,real,0.0,0.0,0.6434004306793213,0.0
84,P08,P08-20240614-125650,1707,1.0,1.0,0.6434004306793213,identity,0.0,0.0,0.6434004306793213,0.0
84,P08,P08-20240614-125650,1707,1.0,1.0,0.6434004306793213,gaze_swap,0.018939359113574028,0.01593768782913685,0.6437433362007141,0.00034290552139282227
84,P08,P08-20240614-125650,1707,1.0,1.0,0.6434004306793213,gaze_mask,0.10021824389696121,0.056882619857788086,0.6476591229438782,0.004258692264556885
84,P08,P08-20240614-125650,1707,1.0,1.0,0.6434004306793213,gaze_zero,0.0968422144651413,0.0709753930568695,0.6441971659660339,0.0007967352867126465
84,P08,P08-20240614-125650,1707,1.0,1.0,0.6434004306793213,gaze_shuffle_time,0.017005471512675285,0.021038183942437172,0.6431113481521606,-0.00028908252716064453
84,P08,P08-20240614-125650,1707,1.0,1.0,0.6434004306793213,hand_swap,0.03585725650191307,0.041902147233486176,0.6418768763542175,-0.0015235543251037598
84,P08,P08-20240614-125650,1707,1.0,1.0,0.6434004306793213,hand_mask,0.11342597007751465,0.09970536082983017,0.6415719985961914,-0.0018284320831298828
84,P08,P08-20240614-125650,1707,1.0,1.0,0.6434004306793213,hand_shuffle_time,0.0024756912607699633,0.0076919179409742355,0.6434289813041687,2.855062484741211e-05
84,P08,P08-20240614-125650,1707,1.0,1.0,0.6434004306793213,both_mask,0.12178322672843933,0.11758407205343246,0.6373000144958496,-0.00610041618347168
84,P08,P08-20240614-125650,1707,1.0,1.0,0.6434004306793213,gaze_yaw_1deg,0.0027826703153550625,0.002223873743787408,0.6434934139251709,9.298324584960938e-05
84,P08,P08-20240614-125650,1707,1.0,1.0,0.6434004306793213,gaze_yaw_2deg,0.005636530462652445,0.004273586440831423,0.6436030268669128,0.00020259618759155273
84,P08,P08-20240614-125650,1707,1.0,1.0,0.6434004306793213,gaze_yaw_5deg,0.01512023527175188,0.010239377617835999,0.6439288854598999,0.0005284547805786133
84,P08,P08-20240614-125650,1707,1.0,1.0,0.6434004306793213,gaze_yaw_10deg,0.027878791093826294,0.01807207241654396,0.6442987322807312,0.0008983016014099121
84,P08,P08-20240614-125650,1707,1.0,1.0,0.6434004306793213,gaze_yaw_20deg,0.04485788196325302,0.02954462170600891,0.6445748805999756,0.0011744499206542969
84,P08,P08-20240614-125650,1707,1.0,1.0,0.6434004306793213,gaze_yaw_45deg,0.07198839634656906,0.04527962952852249,0.6453889012336731,0.0019884705543518066
84,P08,P08-20240614-125650,1707,1.0,1.0,0.6434004306793213,video_swap,0.8047308325767517,0.7631089687347412,0.8876182436943054,0.24421781301498413
85,P08,P08-20240614-125650,10142,1.0,1.0,0.3737172782421112,real,0.0,0.0,0.3737172782421112,0.0
85,P08,P08-20240614-125650,10142,1.0,1.0,0.3737172782421112,identity,0.0,0.0,0.3737172782421112,0.0
85,P08,P08-20240614-125650,10142,1.0,1.0,0.3737172782421112,gaze_swap,0.0274524949491024,0.02678285539150238,0.3714219033718109,-0.002295374870300293
85,P08,P08-20240614-125650,10142,1.0,1.0,0.3737172782421112,gaze_mask,0.12163650244474411,0.06321340799331665,0.3709988594055176,-0.002718418836593628
85,P08,P08-20240614-125650,10142,1.0,1.0,0.3737172782421112,gaze_zero,0.13150867819786072,0.07505133748054504,0.3658631145954132,-0.007854163646697998
85,P08,P08-20240614-125650,10142,1.0,1.0,0.3737172782421112,gaze_shuffle_time,0.004917874466627836,0.004007110837846994,0.37388214468955994,0.00016486644744873047
85,P08,P08-20240614-125650,10142,1.0,1.0,0.3737172782421112,hand_swap,0.08219817280769348,0.07481393963098526,0.3630247116088867,-0.010692566633224487
85,P08,P08-20240614-125650,10142,1.0,1.0,0.3737172782421112,hand_mask,0.12537585198879242,0.10772611200809479,0.36068272590637207,-0.013034552335739136
85,P08,P08-20240614-125650,10142,1.0,1.0,0.3737172782421112,hand_shuffle_time,0.0008198086288757622,0.0006798959220759571,0.37372851371765137,1.1235475540161133e-05
85,P08,P08-20240614-125650,10142,1.0,1.0,0.3737172782421112,both_mask,0.1704225093126297,0.13872841000556946,0.3582749664783478,-0.015442311763763428
85,P08,P08-20240614-125650,10142,1.0,1.0,0.3737172782421112,gaze_yaw_1deg,0.004045905079692602,0.002559375250712037,0.37385109066963196,0.00013381242752075195
85,P08,P08-20240614-125650,10142,1.0,1.0,0.3737172782421112,gaze_yaw_2deg,0.00796924252063036,0.005090078338980675,0.37396517395973206,0.0002478957176208496
85,P08,P08-20240614-125650,10142,1.0,1.0,0.3737172782421112,gaze_yaw_5deg,0.017096517607569695,0.011875553987920284,0.3742524981498718,0.0005352199077606201
85,P08,P08-20240614-125650,10142,1.0,1.0,0.3737172782421112,gaze_yaw_10deg,0.03063010424375534,0.02071641944348812,0.3742894232273102,0.0005721449851989746
85,P08,P08-20240614-125650,10142,1.0,1.0,0.3737172782421112,gaze_yaw_20deg,0.05889756232500076,0.03320581093430519,0.3727402687072754,-0.0009770095348358154
85,P08,P08-20240614-125650,10142,1.0,1.0,0.3737172782421112,gaze_yaw_45deg,0.09890927374362946,0.0507231205701828,0.370037704706192,-0.0036795735359191895
85,P08,P08-20240614-125650,10142,1.0,1.0,0.3737172782421112,video_swap,0.8177604079246521,0.7749424576759338,0.9306226372718811,0.5569053590297699
86,P08,P08-20240614-125650,27875,1.0,1.0,0.7866342067718506,real,0.0,0.0,0.7866342067718506,0.0
86,P08,P08-20240614-125650,27875,1.0,1.0,0.7866342067718506,identity,0.0,0.0,0.7866342067718506,0.0
86,P08,P08-20240614-125650,27875,1.0,1.0,0.7866342067718506,gaze_swap,0.034392666071653366,0.03834471106529236,0.784600019454956,-0.0020341873168945312
86,P08,P08-20240614-125650,27875,1.0,1.0,0.7866342067718506,gaze_mask,0.16197890043258667,0.1013200432062149,0.7909145355224609,0.0042803287506103516
86,P08,P08-20240614-125650,27875,1.0,1.0,0.7866342067718506,gaze_zero,0.18515436351299286,0.11680496484041214,0.7921441793441772,0.00550997257232666
86,P08,P08-20240614-125650,27875,1.0,1.0,0.7866342067718506,gaze_shuffle_time,0.03990469500422478,0.03762652724981308,0.7825830578804016,-0.004051148891448975
86,P08,P08-20240614-125650,27875,1.0,1.0,0.7866342067718506,hand_swap,0.0528084933757782,0.046791937202215195,0.7893659472465515,0.0027317404747009277
86,P08,P08-20240614-125650,27875,1.0,1.0,0.7866342067718506,hand_mask,0.10781335085630417,0.0852840468287468,0.7871111035346985,0.0004768967628479004
86,P08,P08-20240614-125650,27875,1.0,1.0,0.7866342067718506,hand_shuffle_time,0.0325976125895977,0.036006662994623184,0.7875425219535828,0.0009083151817321777
86,P08,P08-20240614-125650,27875,1.0,1.0,0.7866342067718506,both_mask,0.11269097775220871,0.10544787347316742,0.7907834649085999,0.004149258136749268
86,P08,P08-20240614-125650,27875,1.0,1.0,0.7866342067718506,gaze_yaw_1deg,0.007878271862864494,0.0042966981418430805,0.786693274974823,5.906820297241211e-05
86,P08,P08-20240614-125650,27875,1.0,1.0,0.7866342067718506,gaze_yaw_2deg,0.014490199275314808,0.007897474803030491,0.7867584228515625,0.00012421607971191406
86,P08,P08-20240614-125650,27875,1.0,1.0,0.7866342067718506,gaze_yaw_5deg,0.03263503313064575,0.017602717503905296,0.7871387004852295,0.0005044937133789062
86,P08,P08-20240614-125650,27875,1.0,1.0,0.7866342067718506,gaze_yaw_10deg,0.04801823943853378,0.028422508388757706,0.787133514881134,0.0004993081092834473
86,P08,P08-20240614-125650,27875,1.0,1.0,0.7866342067718506,gaze_yaw_20deg,0.041409339755773544,0.04839037358760834,0.7873496413230896,0.0007154345512390137
86,P08,P08-20240614-125650,27875,1.0,1.0,0.7866342067718506,gaze_yaw_45deg,0.10802993923425674,0.09091416001319885,0.7874881625175476,0.0008539557456970215
86,P08,P08-20240614-125650,27875,1.0,1.0,0.7866342067718506,video_swap,0.8065307140350342,0.7814810276031494,0.982571005821228,0.19593679904937744
87,P08,P08-20240614-125650,16902,1.0,1.0,0.6948304772377014,real,0.0,0.0,0.6948304772377014,0.0
87,P08,P08-20240614-125650,16902,1.0,1.0,0.6948304772377014,identity,0.0,0.0,0.6948304772377014,0.0
87,P08,P08-20240614-125650,16902,1.0,1.0,0.6948304772377014,gaze_swap,0.022659309208393097,0.023993834853172302,0.6921249628067017,-0.002705514430999756
87,P08,P08-20240614-125650,16902,1.0,1.0,0.6948304772377014,gaze_mask,0.06591229885816574,0.07320159673690796,0.6928507089614868,-0.0019797682762145996
87,P08,P08-20240614-125650,16902,1.0,1.0,0.6948304772377014,gaze_zero,0.06272222101688385,0.09803314507007599,0.6887398362159729,-0.006090641021728516
87,P08,P08-20240614-125650,16902,1.0,1.0,0.6948304772377014,gaze_shuffle_time,0.031002629548311234,0.03883248567581177,0.6955822110176086,0.0007517337799072266
87,P08,P08-20240614-125650,16902,1.0,1.0,0.6948304772377014,hand_swap,0.028547730296850204,0.05064389854669571,0.6933581233024597,-0.0014723539352416992
87,P08,P08-20240614-125650,16902,1.0,1.0,0.6948304772377014,hand_mask,0.08211011439561844,0.0936848595738411,0.69943767786026,0.004607200622558594
87,P08,P08-20240614-125650,16902,1.0,1.0,0.6948304772377014,hand_shuffle_time,0.02063511125743389,0.03592349588871002,0.6917667984962463,-0.003063678741455078
87,P08,P08-20240614-125650,16902,1.0,1.0,0.6948304772377014,both_mask,0.08818130195140839,0.11346627026796341,0.6958058476448059,0.0009753704071044922
87,P08,P08-20240614-125650,16902,1.0,1.0,0.6948304772377014,gaze_yaw_1deg,0.0067354291677474976,0.0094405896961689,0.6955375075340271,0.0007070302963256836
87,P08,P08-20240614-125650,16902,1.0,1.0,0.6948304772377014,gaze_yaw_2deg,0.009195352904498577,0.01289147138595581,0.6958330273628235,0.0010025501251220703
87,P08,P08-20240614-125650,16902,1.0,1.0,0.6948304772377014,gaze_yaw_5deg,0.014251699671149254,0.019577020779252052,0.6964225769042969,0.001592099666595459
87,P08,P08-20240614-125650,16902,1.0,1.0,0.6948304772377014,gaze_yaw_10deg,0.021793007850646973,0.028453268110752106,0.6970939040184021,0.0022634267807006836
87,P08,P08-20240614-125650,16902,1.0,1.0,0.6948304772377014,gaze_yaw_20deg,0.03551694378256798,0.04371737316250801,0.6980177760124207,0.0031872987747192383
87,P08,P08-20240614-125650,16902,1.0,1.0,0.6948304772377014,gaze_yaw_45deg,0.04270738735795021,0.06031208112835884,0.6955361366271973,0.0007056593894958496
87,P08,P08-20240614-125650,16902,1.0,1.0,0.6948304772377014,video_swap,0.6912857294082642,0.7372704744338989,0.8095828294754028,0.11475235223770142
88,P08,P08-20240614-125650,27899,1.0,1.0,0.611730694770813,real,0.0,0.0,0.611730694770813,0.0
88,P08,P08-20240614-125650,27899,1.0,1.0,0.611730694770813,identity,0.0,0.0,0.611730694770813,0.0
88,P08,P08-20240614-125650,27899,1.0,1.0,0.611730694770813,gaze_swap,0.03495102375745773,0.039318181574344635,0.6113687753677368,-0.0003619194030761719
88,P08,P08-20240614-125650,27899,1.0,1.0,0.611730694770813,gaze_mask,0.12891075015068054,0.08669135719537735,0.615250289440155,0.003519594669342041
88,P08,P08-20240614-125650,27899,1.0,1.0,0.611730694770813,gaze_zero,0.13706287741661072,0.09436217695474625,0.6130295991897583,0.0012989044189453125
88,P08,P08-20240614-125650,27899,1.0,1.0,0.611730694770813,gaze_shuffle_time,0.034667789936065674,0.03369836509227753,0.6104783415794373,-0.0012523531913757324
88,P08,P08-20240614-125650,27899,1.0,1.0,0.611730694770813,hand_swap,0.05013534799218178,0.05849549546837807,0.6112576723098755,-0.0004730224609375
88,P08,P08-20240614-125650,27899,1.0,1.0,0.611730694770813,hand_mask,0.11578450351953506,0.09141466021537781,0.6092562675476074,-0.0024744272232055664
88,P08,P08-20240614-125650,27899,1.0,1.0,0.611730694770813,hand_shuffle_time,0.028903866186738014,0.05812748521566391,0.6110079288482666,-0.0007227659225463867
88,P08,P08-20240614-125650,27899,1.0,1.0,0.611730694770813,both_mask,0.1151876151561737,0.1058363988995552,0.607218861579895,-0.004511833190917969
88,P08,P08-20240614-125650,27899,1.0,1.0,0.611730694770813,gaze_yaw_1deg,0.0043784985318779945,0.0034546423703432083,0.6117386817932129,7.987022399902344e-06
88,P08,P08-20240614-125650,27899,1.0,1.0,0.611730694770813,gaze_yaw_2deg,0.008298180997371674,0.00873925443738699,0.6117535829544067,2.288818359375e-05
88,P08,P08-20240614-125650,27899,1.0,1.0,0.611730694770813,gaze_yaw_5deg,0.01596854254603386,0.01640557497739792,0.611590564250946,-0.00014013051986694336
88,P08,P08-20240614-125650,27899,1.0,1.0,0.611730694770813,gaze_yaw_10deg,0.025309108197689056,0.02624017745256424,0.6119176149368286,0.000186920166015625
88,P08,P08-20240614-125650,27899,1.0,1.0,0.611730694770813,gaze_yaw_20deg,0.051365066319704056,0.05432813614606857,0.6126324534416199,0.0009017586708068848
88,P08,P08-20240614-125650,27899,1.0,1.0,0.611730694770813,gaze_yaw_45deg,0.08710326999425888,0.08209226280450821,0.6131395101547241,0.0014088153839111328
88,P08,P08-20240614-125650,27899,1.0,1.0,0.611730694770813,video_swap,0.7280751466751099,0.7239852547645569,0.8887664079666138,0.2770357131958008
89,P08,P08-20240614-125650,11500,1.0,1.0,0.6796125173568726,real,0.0,0.0,0.6796125173568726,0.0
89,P08,P08-20240614-125650,11500,1.0,1.0,0.6796125173568726,identity,0.0,0.0,0.6796125173568726,0.0
89,P08,P08-20240614-125650,11500,1.0,1.0,0.6796125173568726,gaze_swap,0.01608916185796261,0.013671789318323135,0.6800209283828735,0.00040841102600097656
89,P08,P08-20240614-125650,11500,1.0,1.0,0.6796125173568726,gaze_mask,0.06903067976236343,0.07044783979654312,0.6808817386627197,0.001269221305847168
89,P08,P08-20240614-125650,11500,1.0,1.0,0.6796125173568726,gaze_zero,0.1021018847823143,0.0765455886721611,0.6766784191131592,-0.002934098243713379
89,P08,P08-20240614-125650,11500,1.0,1.0,0.6796125173568726,gaze_shuffle_time,0.011318305507302284,0.015924306586384773,0.6798045039176941,0.0001919865608215332
89,P08,P08-20240614-125650,11500,1.0,1.0,0.6796125173568726,hand_swap,0.030498411506414413,0.02918274700641632,0.6794539093971252,-0.00015860795974731445
89,P08,P08-20240614-125650,11500,1.0,1.0,0.6796125173568726,hand_mask,0.08621220290660858,0.08691003918647766,0.6781909465789795,-0.0014215707778930664
89,P08,P08-20240614-125650,11500,1.0,1.0,0.6796125173568726,hand_shuffle_time,0.029616747051477432,0.01796465739607811,0.6806703209877014,0.0010578036308288574
89,P08,P08-20240614-125650,11500,1.0,1.0,0.6796125173568726,both_mask,0.10815110057592392,0.10544776171445847,0.6824031472206116,0.0027906298637390137
89,P08,P08-20240614-125650,11500,1.0,1.0,0.6796125173568726,gaze_yaw_1deg,0.0026816243771463633,0.0035648492630571127,0.6797051429748535,9.262561798095703e-05
89,P08,P08-20240614-125650,11500,1.0,1.0,0.6796125173568726,gaze_yaw_2deg,0.004840199835598469,0.006565263960510492,0.6797835230827332,0.0001710057258605957
89,P08,P08-20240614-125650,11500,1.0,1.0,0.6796125173568726,gaze_yaw_5deg,0.010551412589848042,0.013875547796487808,0.6801621317863464,0.000549614429473877
89,P08,P08-20240614-125650,11500,1.0,1.0,0.6796125173568726,gaze_yaw_10deg,0.016578475013375282,0.02086520567536354,0.6804705858230591,0.0008580684661865234
89,P08,P08-20240614-125650,11500,1.0,1.0,0.6796125173568726,gaze_yaw_20deg,0.027566514909267426,0.02526484802365303,0.6803447604179382,0.0007322430610656738
89,P08,P08-20240614-125650,11500,1.0,1.0,0.6796125173568726,gaze_yaw_45deg,0.06435448676347733,0.04628144949674606,0.6790398955345154,-0.0005726218223571777
89,P08,P08-20240614-125650,11500,1.0,1.0,0.6796125173568726,video_swap,0.7528228163719177,0.7368952035903931,0.886846125125885,0.20723360776901245
90,P08,P08-20240614-125650,29989,1.0,1.0,0.5962950587272644,real,0.0,0.0,0.5962950587272644,0.0
90,P08,P08-20240614-125650,29989,1.0,1.0,0.5962950587272644,identity,0.0,0.0,0.5962950587272644,0.0
90,P08,P08-20240614-125650,29989,1.0,1.0,0.5962950587272644,gaze_swap,0.04892940819263458,0.05508258938789368,0.5949334502220154,-0.0013616085052490234
90,P08,P08-20240614-125650,29989,1.0,1.0,0.5962950587272644,gaze_mask,0.13043253123760223,0.08971107751131058,0.5988431572914124,0.0025480985641479492
90,P08,P08-20240614-125650,29989,1.0,1.0,0.5962950587272644,gaze_zero,0.16813455522060394,0.12266475707292557,0.5967568755149841,0.00046181678771972656
90,P08,P08-20240614-125650,29989,1.0,1.0,0.5962950587272644,gaze_shuffle_time,0.03879628702998161,0.019164782017469406,0.5974892377853394,0.0011941790580749512
90,P08,P08-20240614-125650,29989,1.0,1.0,0.5962950587272644,hand_swap,0.11158278584480286,0.08872881531715393,0.5968144536018372,0.0005193948745727539
90,P08,P08-20240614-125650,29989,1.0,1.0,0.5962950587272644,hand_mask,0.11158278584480286,0.08872881531715393,0.5968144536018372,0.0005193948745727539
90,P08,P08-20240614-125650,29989,1.0,1.0,0.5962950587272644,hand_shuffle_time,0.03114754892885685,0.0328981839120388,0.5968791842460632,0.0005841255187988281
90,P08,P08-20240614-125650,29989,1.0,1.0,0.5962950587272644,both_mask,0.16363513469696045,0.11958596110343933,0.5985772609710693,0.0022822022438049316
90,P08,P08-20240614-125650,29989,1.0,1.0,0.5962950587272644,gaze_yaw_1deg,0.001856439164839685,0.0022406207863241434,0.5963414311408997,4.6372413635253906e-05
90,P08,P08-20240614-125650,29989,1.0,1.0,0.5962950587272644,gaze_yaw_2deg,0.0035974427592009306,0.004201418254524469,0.5963912010192871,9.614229202270508e-05
90,P08,P08-20240614-125650,29989,1.0,1.0,0.5962950587272644,gaze_yaw_5deg,0.007886530831456184,0.009195823222398758,0.5964526534080505,0.0001575946807861328
90,P08,P08-20240614-125650,29989,1.0,1.0,0.5962950587272644,gaze_yaw_10deg,0.014066461473703384,0.017708443105220795,0.5962846279144287,-1.043081283569336e-05
90,P08,P08-20240614-125650,29989,1.0,1.0,0.5962950587272644,gaze_yaw_20deg,0.048835638910532,0.05448891222476959,0.5958871841430664,-0.00040787458419799805
90,P08,P08-20240614-125650,29989,1.0,1.0,0.5962950587272644,gaze_yaw_45deg,0.09938862174749374,0.09819556772708893,0.595230758190155,-0.001064300537109375
90,P08,P08-20240614-125650,29989,1.0,1.0,0.5962950587272644,video_swap,0.8002944588661194,0.7544566988945007,0.9750121831893921,0.3787171244621277
91,P08,P08-20240614-125650,6721,1.0,0.0,0.6746326684951782,real,0.0,0.0,0.6746326684951782,0.0
91,P08,P08-20240614-125650,6721,1.0,0.0,0.6746326684951782,identity,0.0,0.0,0.6746326684951782,0.0
91,P08,P08-20240614-125650,6721,1.0,0.0,0.6746326684951782,gaze_swap,0.052866313606500626,0.04880131036043167,0.677893340587616,0.003260672092437744
91,P08,P08-20240614-125650,6721,1.0,0.0,0.6746326684951782,gaze_mask,0.15481507778167725,0.08817195892333984,0.6867504715919495,0.01211780309677124
91,P08,P08-20240614-125650,6721,1.0,0.0,0.6746326684951782,gaze_zero,0.159493550658226,0.08742368221282959,0.6871566772460938,0.012524008750915527
91,P08,P08-20240614-125650,6721,1.0,0.0,0.6746326684951782,gaze_shuffle_time,0.045113127678632736,0.03753168508410454,0.6773407459259033,0.0027080774307250977
91,P08,P08-20240614-125650,6721,1.0,0.0,0.6746326684951782,hand_swap,0.07694785296916962,0.033000048249959946,0.6722369194030762,-0.0023957490921020508
91,P08,P08-20240614-125650,6721,1.0,0.0,0.6746326684951782,hand_mask,0.0,0.0,0.6746326684951782,0.0
91,P08,P08-20240614-125650,6721,1.0,0.0,0.6746326684951782,hand_shuffle_time,0.0,0.0,0.6746326684951782,0.0
91,P08,P08-20240614-125650,6721,1.0,0.0,0.6746326684951782,both_mask,0.15481507778167725,0.08817195892333984,0.6867504715919495,0.01211780309677124
91,P08,P08-20240614-125650,6721,1.0,0.0,0.6746326684951782,gaze_yaw_1deg,0.006522419396787882,0.003599871415644884,0.6744896173477173,-0.0001430511474609375
91,P08,P08-20240614-125650,6721,1.0,0.0,0.6746326684951782,gaze_yaw_2deg,0.012753660790622234,0.007242452818900347,0.6743690371513367,-0.00026363134384155273
91,P08,P08-20240614-125650,6721,1.0,0.0,0.6746326684951782,gaze_yaw_5deg,0.03239908814430237,0.017162885516881943,0.6740394234657288,-0.0005932450294494629
91,P08,P08-20240614-125650,6721,1.0,0.0,0.6746326684951782,gaze_yaw_10deg,0.046110350638628006,0.024522949010133743,0.6739912033081055,-0.0006414651870727539
91,P08,P08-20240614-125650,6721,1.0,0.0,0.6746326684951782,gaze_yaw_20deg,0.045719537883996964,0.03132106736302376,0.6750615239143372,0.00042885541915893555
91,P08,P08-20240614-125650,6721,1.0,0.0,0.6746326684951782,gaze_yaw_45deg,0.078286312520504,0.054306864738464355,0.6806061863899231,0.005973517894744873
91,P08,P08-20240614-125650,6721,1.0,0.0,0.6746326684951782,video_swap,0.8403148651123047,0.8057531118392944,0.978355884552002,0.30372321605682373
92,P08,P08-20240614-125650,5893,1.0,0.375,0.6747296452522278,real,0.0,0.0,0.6747296452522278,0.0
92,P08,P08-20240614-125650,5893,1.0,0.375,0.6747296452522278,identity,0.0,0.0,0.6747296452522278,0.0
92,P08,P08-20240614-125650,5893,1.0,0.375,0.6747296452522278,gaze_swap,0.04200853407382965,0.04949929192662239,0.6724997758865356,-0.0022298693656921387
92,P08,P08-20240614-125650,5893,1.0,0.375,0.6747296452522278,gaze_mask,0.11844328045845032,0.0739457979798317,0.668566882610321,-0.006162762641906738
92,P08,P08-20240614-125650,5893,1.0,0.375,0.6747296452522278,gaze_zero,0.11716759204864502,0.07287575304508209,0.6726614832878113,-0.002068161964416504
92,P08,P08-20240614-125650,5893,1.0,0.375,0.6747296452522278,gaze_shuffle_time,0.05412149056792259,0.050685614347457886,0.6736478805541992,-0.0010817646980285645
92,P08,P08-20240614-125650,5893,1.0,0.375,0.6747296452522278,hand_swap,0.11255429685115814,0.1316058337688446,0.6864225268363953,0.01169288158416748
92,P08,P08-20240614-125650,5893,1.0,0.375,0.6747296452522278,hand_mask,0.080837681889534,0.04572293534874916,0.6868706941604614,0.012141048908233643
92,P08,P08-20240614-125650,5893,1.0,0.375,0.6747296452522278,hand_shuffle_time,0.10805515944957733,0.07630539685487747,0.6833489537239075,0.008619308471679688
92,P08,P08-20240614-125650,5893,1.0,0.375,0.6747296452522278,both_mask,0.08538506925106049,0.07624166458845139,0.6835282444953918,0.008798599243164062
92,P08,P08-20240614-125650,5893,1.0,0.375,0.6747296452522278,gaze_yaw_1deg,0.004126894287765026,0.005555683746933937,0.6748480200767517,0.00011837482452392578
92,P08,P08-20240614-125650,5893,1.0,0.375,0.6747296452522278,gaze_yaw_2deg,0.008500512689352036,0.010915689170360565,0.6749479174613953,0.00021827220916748047
92,P08,P08-20240614-125650,5893,1.0,0.375,0.6747296452522278,gaze_yaw_5deg,0.02258940413594246,0.02913663722574711,0.675206184387207,0.00047653913497924805
92,P08,P08-20240614-125650,5893,1.0,0.375,0.6747296452522278,gaze_yaw_10deg,0.03435148298740387,0.04526905342936516,0.6745335459709167,-0.00019609928131103516
92,P08,P08-20240614-125650,5893,1.0,0.375,0.6747296452522278,gaze_yaw_20deg,0.058197252452373505,0.06141387298703194,0.6735537648200989,-0.0011758804321289062
92,P08,P08-20240614-125650,5893,1.0,0.375,0.6747296452522278,gaze_yaw_45deg,0.09528610110282898,0.06066211685538292,0.6718144416809082,-0.00291520357131958
92,P08,P08-20240614-125650,5893,1.0,0.375,0.6747296452522278,video_swap,0.7932224273681641,0.778693675994873,0.903514564037323,0.22878491878509521
93,P08,P08-20240614-125650,22267,1.0,1.0,0.8533288836479187,real,0.0,0.0,0.8533288836479187,0.0
93,P08,P08-20240614-125650,22267,1.0,1.0,0.8533288836479187,identity,0.0,0.0,0.8533288836479187,0.0
93,P08,P08-20240614-125650,22267,1.0,1.0,0.8533288836479187,gaze_swap,0.043432120233774185,0.027536962181329727,0.8526819944381714,-0.0006468892097473145
93,P08,P08-20240614-125650,22267,1.0,1.0,0.8533288836479187,gaze_mask,0.12995289266109467,0.06179323419928551,0.8725135326385498,0.019184648990631104
93,P08,P08-20240614-125650,22267,1.0,1.0,0.8533288836479187,gaze_zero,0.15316691994667053,0.0667150616645813,0.8771937489509583,0.02386486530303955
93,P08,P08-20240614-125650,22267,1.0,1.0,0.8533288836479187,gaze_shuffle_time,0.019492298364639282,0.026730436831712723,0.8542231917381287,0.0008943080902099609
93,P08,P08-20240614-125650,22267,1.0,1.0,0.8533288836479187,hand_swap,0.10871753841638565,0.06911926716566086,0.860205352306366,0.006876468658447266
93,P08,P08-20240614-125650,22267,1.0,1.0,0.8533288836479187,hand_mask,0.14651693403720856,0.11265231668949127,0.8562459349632263,0.002917051315307617
93,P08,P08-20240614-125650,22267,1.0,1.0,0.8533288836479187,hand_shuffle_time,0.020446307957172394,0.01705445908010006,0.8539690971374512,0.0006402134895324707
93,P08,P08-20240614-125650,22267,1.0,1.0,0.8533288836479187,both_mask,0.16701920330524445,0.1288956105709076,0.8578165769577026,0.0044876933097839355
93,P08,P08-20240614-125650,22267,1.0,1.0,0.8533288836479187,gaze_yaw_1deg,0.004610390402376652,0.00287129869684577,0.853733241558075,0.00040435791015625
93,P08,P08-20240614-125650,22267,1.0,1.0,0.8533288836479187,gaze_yaw_2deg,0.008458847180008888,0.005530594382435083,0.8542292714118958,0.0009003877639770508
93,P08,P08-20240614-125650,22267,1.0,1.0,0.8533288836479187,gaze_yaw_5deg,0.014587506651878357,0.012807085178792477,0.8553628325462341,0.0020339488983154297
93,P08,P08-20240614-125650,22267,1.0,1.0,0.8533288836479187,gaze_yaw_10deg,0.026877209544181824,0.024039825424551964,0.8571252822875977,0.003796398639678955
93,P08,P08-20240614-125650,22267,1.0,1.0,0.8533288836479187,gaze_yaw_20deg,0.06099286302924156,0.03931445628404617,0.8620024919509888,0.008673608303070068
93,P08,P08-20240614-125650,22267,1.0,1.0,0.8533288836479187,gaze_yaw_45deg,0.11875354498624802,0.05789327621459961,0.86982661485672,0.01649773120880127
93,P08,P08-20240614-125650,22267,1.0,1.0,0.8533288836479187,video_swap,0.7824960947036743,0.7297666668891907,0.9758540391921997,0.122525155544281
94,P08,P08-20240614-125650,18290,1.0,1.0,0.6262683868408203,real,0.0,0.0,0.6262683868408203,0.0
94,P08,P08-20240614-125650,18290,1.0,1.0,0.6262683868408203,identity,0.0,0.0,0.6262683868408203,0.0
94,P08,P08-20240614-125650,18290,1.0,1.0,0.6262683868408203,gaze_swap,0.01106836088001728,0.00859023630619049,0.6257068514823914,-0.0005615353584289551
94,P08,P08-20240614-125650,18290,1.0,1.0,0.6262683868408203,gaze_mask,0.12825381755828857,0.05672011151909828,0.6337270736694336,0.007458686828613281
94,P08,P08-20240614-125650,18290,1.0,1.0,0.6262683868408203,gaze_zero,0.182189479470253,0.08492045849561691,0.641756534576416,0.015488147735595703
94,P08,P08-20240614-125650,18290,1.0,1.0,0.6262683868408203,gaze_shuffle_time,0.03751283138990402,0.014204596169292927,0.6251516342163086,-0.0011167526245117188
94,P08,P08-20240614-125650,18290,1.0,1.0,0.6262683868408203,hand_swap,0.0737328976392746,0.06462662667036057,0.6346544027328491,0.008386015892028809
94,P08,P08-20240614-125650,18290,1.0,1.0,0.6262683868408203,hand_mask,0.0884193480014801,0.08196863532066345,0.6331523656845093,0.006883978843688965
94,P08,P08-20240614-125650,18290,1.0,1.0,0.6262683868408203,hand_shuffle_time,0.004501913208514452,0.0033903620205819607,0.6257689595222473,-0.000499427318572998
94,P08,P08-20240614-125650,18290,1.0,1.0,0.6262683868408203,both_mask,0.12907250225543976,0.10249342769384384,0.6366063356399536,0.0103379487991333
94,P08,P08-20240614-125650,18290,1.0,1.0,0.6262683868408203,gaze_yaw_1deg,0.003197505371645093,0.0018264123937115073,0.6267229914665222,0.0004546046257019043
94,P08,P08-20240614-125650,18290,1.0,1.0,0.6262683868408203,gaze_yaw_2deg,0.006342320702970028,0.0035750761162489653,0.6272130012512207,0.0009446144104003906
94,P08,P08-20240614-125650,18290,1.0,1.0,0.6262683868408203,gaze_yaw_5deg,0.018356312066316605,0.009368211962282658,0.6284452676773071,0.0021768808364868164
94,P08,P08-20240614-125650,18290,1.0,1.0,0.6262683868408203,gaze_yaw_10deg,0.037863511592149734,0.018220704048871994,0.630693256855011,0.004424870014190674
94,P08,P08-20240614-125650,18290,1.0,1.0,0.6262683868408203,gaze_yaw_20deg,0.08621110767126083,0.03862196207046509,0.6335551738739014,0.007286787033081055
94,P08,P08-20240614-125650,18290,1.0,1.0,0.6262683868408203,gaze_yaw_45deg,0.13290096819400787,0.06060865893959999,0.6387015581130981,0.012433171272277832
94,P08,P08-20240614-125650,18290,1.0,1.0,0.6262683868408203,video_swap,0.8312592506408691,0.7558194994926453,0.9306974411010742,0.3044290542602539
95,P08,P08-20240614-125650,9927,1.0,1.0,0.5858767628669739,real,0.0,0.0,0.5858767628669739,0.0
95,P08,P08-20240614-125650,9927,1.0,1.0,0.5858767628669739,identity,0.0,0.0,0.5858767628669739,0.0
95,P08,P08-20240614-125650,9927,1.0,1.0,0.5858767628669739,gaze_swap,0.049776069819927216,0.031842224299907684,0.5876333713531494,0.0017566084861755371
95,P08,P08-20240614-125650,9927,1.0,1.0,0.5858767628669739,gaze_mask,0.1390732079744339,0.06866860389709473,0.5912704467773438,0.005393683910369873
95,P08,P08-20240614-125650,9927,1.0,1.0,0.5858767628669739,gaze_zero,0.1714395135641098,0.09004642814397812,0.5939655900001526,0.008088827133178711
95,P08,P08-20240614-125650,9927,1.0,1.0,0.5858767628669739,gaze_shuffle_time,0.03163362666964531,0.015690885484218597,0.586458146572113,0.0005813837051391602
95,P08,P08-20240614-125650,9927,1.0,1.0,0.5858767628669739,hand_swap,0.08459293097257614,0.07702305167913437,0.5833393335342407,-0.0025374293327331543
95,P08,P08-20240614-125650,9927,1.0,1.0,0.5858767628669739,hand_mask,0.17121973633766174,0.13351106643676758,0.5845518112182617,-0.0013249516487121582
95,P08,P08-20240614-125650,9927,1.0,1.0,0.5858767628669739,hand_shuffle_time,0.008174687623977661,0.009864228777587414,0.5860816240310669,0.00020486116409301758
95,P08,P08-20240614-125650,9927,1.0,1.0,0.5858767628669739,both_mask,0.2373809516429901,0.1699012666940689,0.5899869799613953,0.004110217094421387
95,P08,P08-20240614-125650,9927,1.0,1.0,0.5858767628669739,gaze_yaw_1deg,0.004869724158197641,0.0023613381199538708,0.5859221816062927,4.5418739318847656e-05
95,P08,P08-20240614-125650,9927,1.0,1.0,0.5858767628669739,gaze_yaw_2deg,0.00983594823628664,0.0047219241969287395,0.5859821438789368,0.00010538101196289062
95,P08,P08-20240614-125650,9927,1.0,1.0,0.5858767628669739,gaze_yaw_5deg,0.02118602581322193,0.010715756565332413,0.5861566662788391,0.0002799034118652344
95,P08,P08-20240614-125650,9927,1.0,1.0,0.5858767628669739,gaze_yaw_10deg,0.037011489272117615,0.01921984553337097,0.5864084959030151,0.0005317330360412598
95,P08,P08-20240614-125650,9927,1.0,1.0,0.5858767628669739,gaze_yaw_20deg,0.06371255964040756,0.03129178658127785,0.5874966979026794,0.0016199350357055664
95,P08,P08-20240614-125650,9927,1.0,1.0,0.5858767628669739,gaze_yaw_45deg,0.12495756894350052,0.05983572453260422,0.591498076915741,0.00562131404876709
95,P08,P08-20240614-125650,9927,1.0,1.0,0.5858767628669739,video_swap,0.7686606645584106,0.7108997702598572,0.8690697550773621,0.2831929922103882
